id,rueckkopplung_teilnehmer_id,teilnehmer_id,gruppe_id,zeitpunkt,datum,dominante_dimension,dominante_dimension_wert,dominanz_abs,dominanz_luecke_zur_zweiten_dimension,polaritaet_gesamt,d_semantisch,drift_norm,d_semantisch_delta,dominanzwechsel,stabilitaet,transition_marker,emotion_valenz,emotion_aktivierung,emotion_anzahl,x_kognition,x_sozial,x_affektiv,x_motivation,x_methodik,x_performanz,x_regulation
142,2,12,2,2025-09-08 17:10:00,2025-09-08,motivation,1.1497924861416,1.1497924861416,0.7568873238322,1,2.7793358008651,0.0,0.0,0,0.99701599529741,Homöostatisch (resilient),0.9,0.6,1,0.35979819326939,0.35979819326939,0.3929051623094,0.41369325914847,0.35979819326939,0.36749748839497,0.38867054999033
175,4,16,2,2025-09-08 17:10:00,2025-09-08,affektiv,1.0075666873807,1.0075666873807,0.5400046614601801,1,2.1496513820655,0.0,0.0,0,0.97039046032323,Homöostatisch (resilient),0.75,0.6,1,0.27211265129446,0.37705012178935,0.46871166893298,0.46756202592052,0.42622173949022,0.27911502522069,0.29310896359357
235,3,20,2,2025-09-08 17:10:00,2025-09-08,methodik,1.0056790814476,1.0056790814476,0.5711812791511,1,2.238811328924,0.0,0.0,0,0.98388150903577,Homöostatisch (resilient),0.76666666666667,0.46666666666667,3,0.31629415624845,0.30561330343947,0.42686255197004,0.4344978022965,0.4492022476417,0.32351761476725,0.35932190270656
253,1,21,2,2025-09-08 17:10:00,2025-09-08,methodik,1.0041702191629,1.0041702191629,0.60611407478556,1,2.1532964705735,0.0,0.0,0,0.98916204456702,Homöostatisch (resilient),0.80666666666667,0.48333333333333,3,0.33664861261886,0.36663492214503,0.39805614437734,0.36919041910659,0.466340902156,0.29816621812305,0.38874072884966
21,5,3,3,2025-09-09 15:35:00,2025-09-09,affektiv,1.0072407021029,1.0072407021029,0.60917677975334,1,2.5150776645338,0.0,0.0,0,0.99499786973131,Homöostatisch (resilient),0.125,0.575,4,0.35699587043765,0.39760203579548,0.4004809536922,0.36851749614075,0.39694069822942,0.39806392234956,0.31978058947865
36,9,5,4,2025-09-09 17:10:00,2025-09-09,motivation,0.67869251237416,0.67869251237416,0.2559187830434099,1,1.4191988715264,0.0,0.0,0,0.9855279954747,Homöostatisch (resilient),0.075,0.5375,8,0.22750457837574,0.42277372933075,0.3565551170234,0.4782222742088,0.42231239973717,0.26121008800035,0.40877557550161
73,8,8,4,2025-09-09 17:10:00,2025-09-09,motivation,0.38888888888889,0.38888888888889,-0.06043814107383,1,0.84336650747044,0.0,0.0,0,0.99361726484381,Homöostatisch (resilient),,,0,0.24723609036365,0.3744391916356,0.37664177511581,0.46111493044014,0.44932702996272,0.20405484629444,0.44794021814185
87,6,9,4,2025-09-09 17:10:00,2025-09-09,methodik,0.82105263157895,0.82105263157895,0.32720231136857003,1,1.4730126608545,0.0,0.0,0,0.89507802472758,Homöostatisch (resilient),-0.7,0.1,1,0.28599658825355,0.47164349641814,-0.095993343046085,0.010317477320035,0.55739685940326,0.3631222831831,0.49385032021038
176,7,16,4,2025-09-09 17:10:00,2025-09-09,affektiv,0.72041534982553,0.72041534982553,0.27961998810513,1,1.5882547025237,0.79282159705446,-0.56139667954173,0,0.54358990909262,Perturbativ,-0.7,0.1,1,0.37777316111127,0.35789036315804,0.45358930669445,0.4407953617204,0.4307939556532,0.37777316111127,0.029361912374192
47,11,6,5,2025-09-10 15:35:00,2025-09-10,motivation,0.81151778890579,0.81151778890579,0.36889517913425995,1,1.7641541253578,0.0,0.0,0,0.98948291900247,Homöostatisch (resilient),0.80666666666667,0.48333333333333,3,0.35050430717488,0.27447178173455,0.44262260977153,0.46000390599727,0.34472765776455,0.35551073666383,0.38609397874719
129,10,11,5,2025-09-10 15:35:00,2025-09-10,motivation,0.96054949065551,0.96054949065551,0.5193856746168299,1,2.0744955637303,0.0,0.0,0,0.98193710685818,Homöostatisch (resilient),0.82666666666667,0.51666666666667,3,0.2892269379607,0.34504266283031,0.44116381603868,0.46302797990334,0.34504266283031,0.29671151710622,0.42565332362039
64,12,7,6,2025-09-10 17:10:00,2025-09-10,methodik,0.89507506566619,0.89507506566619,0.41819169512955,1,1.6553273028984,0.0,0.0,0,0.95676952020987,Homöostatisch (resilient),-0.15,0.51666666666667,3,0.29562836363249,0.36882513467376,0.43217164178599,0.47688337053664,0.54072391819929,0.18496747414162,0.18917317510453
143,14,12,6,2025-09-10 17:10:00,2025-09-10,sozial,1.0,1.0,0.60675067141768,1,2.5429159744831,0.3239293205924,-0.236419826382,1,0.75410350789804,Transformativ,,,0,0.35308769502498,0.39324932858232,0.39324932858232,0.35829383270834,0.39324932858232,0.39324932858232,0.35829383270834
144,15,12,6,2025-09-10 17:10:00,2025-09-10,sozial,1.0,1.0,0.60675067141768,1,2.5429159744831,0.0,0.0,0,0.99785602198652,Homöostatisch (resilient),,,0,0.35308769502498,0.39324932858232,0.39324932858232,0.35829383270834,0.39324932858232,0.39324932858232,0.35829383270834
150,17,13,6,2025-09-10 17:10:00,2025-09-10,affektiv,0.76470588235294,0.76470588235294,0.30941637284511003,1,1.6106967491317,0.0,0.0,0,0.98943075713398,Homöostatisch (resilient),,,0,0.30381988545494,0.31369229363219,0.47476713558304,0.45528950950783,0.37250959868823,0.31475617253501,0.37250959868823
155,13,14,6,2025-09-10 17:10:00,2025-09-10,affektiv,0.9443385030905,0.9443385030905,0.52927549444385,1,2.1303043332717,0.0,0.0,0,0.99216380546406,Homöostatisch (resilient),-0.68333333333333,0.58333333333333,3,0.32160023896912,0.41506300864665,0.44328807292849,0.39720516472718,0.33235577871435,0.37241180781875,0.34766191547983
267,16,22,6,2025-09-10 17:10:00,2025-09-10,methodik,0.99752190503589,0.99752190503589,0.57851911013194,1,1.7446935406347,0.0,0.0,0,0.91287945624827,Homöostatisch (resilient),0.4625,0.6,4,0.05609715293256,0.41654429307668,0.40085733489973,0.39190372051075,0.57174620139951,0.081312792023129,0.41900279490395
88,18,9,7,2025-09-11 15:35:00,2025-09-11,affektiv,0.81472049388855,0.81472049388855,0.42152549642278997,1,1.9489757349156,1.2253783745288,0.4759630740611,1,0.44905936622911,Kollapsiv,0.48066666666667,0.56333333333333,15,0.36033405890099,0.37558135736665,0.41802495478775,0.35673392719302,0.37033166917069,0.36789427844107,0.39319499746576
107,20,10,7,2025-09-11 15:35:00,2025-09-11,sozial,1.0066057835724,1.0066057835724,0.5638544944611801,1,2.1231033085047,0.0,0.0,0,0.93956538961398,Homöostatisch (resilient),0.44444444444444,0.56111111111111,9,0.13531941570375,0.47412002000377,0.4270038233212,0.44275128911122,0.42279715793729,0.21787233354649,0.39027183064856
164,19,15,7,2025-09-11 15:35:00,2025-09-11,sozial,0.79035133326106,0.79035133326106,0.22736642468107005,1,1.3826626500152,0.0,0.0,0,0.93452159985094,Homöostatisch (resilient),-0.31875,0.625,8,0.21235622518697,0.5716154498574,0.25596320786495,0.29561990540049,0.56298490857999,0.39759163787299,-0.014872781089098
108,22,10,8,2025-09-11 17:10:00,2025-09-11,methodik,0.72560699774513,0.72560699774513,0.27882815919639004,1,1.45732637808,1.0174745539951,-0.66577693042466,1,0.49307364589615,Kollapsiv,0.6,0.35,1,0.44677883854874,0.31781342970627,0.29212877313642,0.3117431806195,0.49790287759918,0.38295949077519,0.34970704038911
177,23,16,8,2025-09-11 17:10:00,2025-09-11,methodik,1.0078797944322,1.0078797944322,0.49483862374167,1,1.9491613083235,0.84733670915399,0.36090660579972,1,0.52117702544382,Kollapsiv,0.23333333333333,0.66666666666667,3,0.12492298789811,0.51304117069053,0.38843937964477,0.41544475047787,0.51708382965083,0.2219201342987,0.28474423258964
200,24,17,8,2025-09-11 17:10:00,2025-09-11,motivation,1.1243274595214,1.1243274595214,0.6379754325435198,1,2.2833844350113,0.0,0.0,0,0.93023951321831,Homöostatisch (resilient),0.845,0.5375,4,0.16213334912808,0.39857172556036,0.48635202697788,0.49239516648603,0.43794640281722,0.22873262631174,0.30289667479877
211,21,18,8,2025-09-11 17:10:00,2025-09-11,kognition,1.0,1.0,0.54716715869575,1,2.208320396257,0.0,0.0,0,0.96290339108358,Homöostatisch (resilient),0.7,0.3,1,0.45283284130425,0.26693304329514,0.41841359598201,0.40766888443124,0.20496644395877,0.45283284130425,0.36790825674216
1,32,2,1,2025-09-15 15:35:00,2025-09-15,methodik,0.59884040555183,0.59884040555183,0.16405808186017007,1,1.1051867549698,0.0,0.0,0,0.97459054785876,Homöostatisch (resilient),-0.125,0.50833333333333,6,0.35037883005881,0.43478232369166,0.37960561839588,0.41381740916116,0.54184544134023,0.27850022896985,0.041168812980594
178,34,16,2,2025-09-15 17:10:00,2025-09-15,motivation,0.91811851177393,0.91811851177393,0.46862652277357,1,1.8961874427778,0.38993826404414,-0.052973865545699,1,0.70390429749092,Transformativ,0.66666666666667,0.56666666666667,3,0.23454204483459,0.42189921815228,0.44949198900036,0.48419185286069,0.41758026467075,0.26157471918768,0.29616155753201
236,35,20,2,2025-09-15 17:10:00,2025-09-15,methodik,1.0,1.0,0.59777014615115,1,1.9365727346323,0.43583814044409,-0.30223859429171,0,0.68760620258413,Transformativ,0.2,0.775,2,0.30982569823492,0.40222985384885,0.38552860387876,0.37339828741474,0.51637616372487,0.30982569823492,0.30252981530798
254,33,21,2,2025-09-15 17:10:00,2025-09-15,methodik,1.0,1.0,0.5777117640092,1,2.1187823041854,0.26292026606289,-0.034514166388129,0,0.78148116554812,Koordinativ,0.7,0.3,1,0.33138263324935,0.4222882359908,0.3860080944095,0.27011013148685,0.4719692049309,0.34025686867111,0.38905885932348
284,36,23,2,2025-09-15 17:10:00,2025-09-15,affektiv,0.81882839088493,0.81882839088493,0.37817116256134997,1,1.7181728447873,0.0,0.0,0,0.97899024171804,Homöostatisch (resilient),0.506,0.53,5,0.23691722427987,0.40294254904843,0.47656927700409,0.44065722832358,0.39358514676667,0.24707338894752,0.37981039204118
2,38,2,5,2025-09-17 15:35:00,2025-09-17,kognition,1.0093783456904,1.0093783456904,0.57545137982871,1,2.3174383963938,1.4243705867246,1.212251641424,1,0.41072514107117,Kollapsiv,0.81714285714286,0.56428571428571,7,0.43555778950824,0.34483544692838,0.3700322377118,0.34981180861588,0.30687938500536,0.43392696586169,0.38680511713402
109,37,10,5,2025-09-17 15:35:00,2025-09-17,affektiv,1.0439295027615,1.0439295027615,0.5982966314215101,1,2.3343877232567,1.0561950022539,0.87706134517668,1,0.48056437934689,Kollapsiv,0.31133333333333,0.49,15,0.30141006206097,0.43520377711741,0.44719627845624,0.44563287133999,0.38077961171702,0.2860979524475,0.30713405450477
145,39,12,6,2025-09-17 17:10:00,2025-09-17,regulation,1.0831638617882,1.0831638617882,0.67773033540618,1,2.5252820850552,0.3102657949208,-0.017633889427896,1,0.75704981510854,Transformativ,0.814,0.47,5,0.31486434739106,0.40003134788666,0.39449398658715,0.40543352638202,0.36795705823195,0.31853100330161,0.42892786820509
156,40,14,6,2025-09-17 17:10:00,2025-09-17,affektiv,0.99527873540349,0.99527873540349,0.58789786823753,1,2.3783693557663,0.27747358989495,0.24806502249464,0,0.78023170709521,Koordinativ,0.7875,0.5125,4,0.33717938114495,0.3784352392162,0.41847105562977,0.40738086716596,0.34743488926973,0.38134394121996,0.3686264161578
89,41,9,7,2025-09-18 15:35:00,2025-09-18,regulation,1.0530703645299,1.0530703645299,0.6438083746643599,1,2.2170132673139,0.44443572739107,0.26803753239826,1,0.68160392503271,Transformativ,0.483,0.455,10,0.27479343761995,0.40926198986554,0.36647384953431,0.40102754887241,0.40006986446558,0.27602681484237,0.4749950663718
110,43,10,7,2025-09-18 15:35:00,2025-09-18,sozial,1.0074347072223,1.0074347072223,0.60195102558565,1,2.3636427220109,0.29140999429472,0.029254998754194,1,0.77006006506731,Koordinativ,0.38071428571429,0.53571428571429,14,0.34112304519521,0.42622122938235,0.39814018980803,0.40548368163665,0.34856893200686,0.32215706172116,0.39211277870429
165,42,15,7,2025-09-18 15:35:00,2025-09-18,methodik,0.82105263157895,0.82105263157895,0.40210162869871,1,1.4765560805225,0.37108954664657,0.093893430507377,1,0.70984939637993,Transformativ,,,0,0.25072719593265,0.40635097271843,0.37448030819149,0.36872588265191,0.55605922582522,0.41895100288024,0.10535025218626
201,44,17,8,2025-09-18 17:10:00,2025-09-18,motivation,1.0205361413255,1.0205361413255,0.5566944327452201,1,2.1650451801695,0.17420927793995,-0.1183392548418,0,0.81351231767402,Koordinativ,0.845,0.5875,4,0.18166978499224,0.41326474379714,0.44989256281638,0.47136944309595,0.46384170858028,0.24103352693509,0.3136392484111
223,45,19,8,2025-09-18 17:10:00,2025-09-18,affektiv,0.61339130656453,0.61339130656453,0.17838739675235,1,1.3991474785024,0.0,0.0,0,0.99210918781254,Homöostatisch (resilient),0.7,0.35,3,0.29919604578225,0.30026673347357,0.43840361044905,0.42114251906547,0.43500390981218,0.29883732006198,0.41500689282788
27,50,4,9,2025-09-19 15:35:00,2025-09-19,methodik,0.59563571435941,0.59563571435941,0.11123629261401996,1,0.80718627706462,0.0,0.0,0,0.95062454628228,Homöostatisch (resilient),-0.0375,0.5875,4,-0.14233841697205,0.16675738780847,0.37880692883583,0.48439942174539,0.73791605549534,-0.034245999907132,0.16763461336698
48,46,6,9,2025-09-19 15:35:00,2025-09-19,affektiv,0.60466133018888,0.60466133018888,0.08721721246726999,1,1.0931049956881,0.75769947239515,-0.67104912966974,1,0.5610673278627,Perturbativ,0.88333333333333,0.6,3,0.26082250455587,0.18296504050934,0.55315942386221,0.51744411772161,0.18296504050934,0.30475210055241,0.44543417159778
130,48,11,9,2025-09-19 15:35:00,2025-09-19,motivation,0.84786354886717,0.84786354886717,0.36493619295065,1,1.6683322043636,0.47326680136915,-0.40616335936675,0,0.66767292488996,Transformativ,0.825,0.6,2,0.26295578163729,0.35964060279544,0.48292735591652,0.50821026300478,0.24499977980267,0.32077584164719,0.38352882202244
237,47,20,9,2025-09-19 15:35:00,2025-09-19,methodik,1.0,1.0,0.5896118327646,1,2.0710334111942,0.23519255318903,0.13446067656188,0,0.7987132591993,Koordinativ,0.775,0.525,2,0.28971043946815,0.3761153073797,0.4103881672354,0.38040596153535,0.48285073244691,0.28971043946815,0.38000134725069
294,49,24,9,2025-09-19 15:35:00,2025-09-19,affektiv,0.88076217496772,0.88076217496772,0.43041098973095004,1,1.8844602917365,0.0,0.0,0,0.9682476460161,Homöostatisch (resilient),0.77166666666667,0.50833333333333,6,0.22487052121887,0.34672577501963,0.46738165742337,0.45035118523677,0.41762815606399,0.22325296008173,0.42859948658374
3,51,2,1,2025-09-22 15:35:00,2025-09-22,motivation,0.98189749528827,0.98189749528827,0.5076708574689099,1,2.0565839098903,0.58533517477109,-0.26085448650344,1,0.62309738288248,Perturbativ,0.8025,0.53125,8,0.29173702516666,0.33819623933473,0.47422663781936,0.47744100792036,0.33062699063322,0.35037366151356,0.33999423700294
151,53,13,2,2025-09-22 17:10:00,2025-09-22,methodik,1.0,1.0,0.5679585566258001,1,2.2503152028846,0.67182344518988,0.63961845375286,1,0.58960580001319,Perturbativ,0.8,0.4625,4,0.25528338612951,0.31837827166191,0.42833503988529,0.4320414433742,0.4443821906699,0.31262176251367,0.41003299262735
179,52,16,2,2025-09-22 17:10:00,2025-09-22,methodik,0.91598370678295,0.91598370678295,0.47939657250261003,1,1.9881899288154,0.37058139410416,0.092002486037624,1,0.70606579855506,Transformativ,0.75,0.6,1,0.19489434455408,0.40767046630436,0.43658713428034,0.40584420097255,0.46071237614004,0.19416983550649,0.43651497629141
238,55,20,2,2025-09-22 17:10:00,2025-09-22,sozial,0.89473684210526,0.89473684210526,0.4860981796338801,1,2.0092387396844,0.32899440793736,-0.061794671509839,1,0.74906020069861,Transformativ,0.7,0.3,1,0.34944959270261,0.44531136294958,0.35671288443526,0.32170360344677,0.40863866247138,0.35880765085815,0.39130166626154
255,54,21,2,2025-09-22 17:10:00,2025-09-22,affektiv,1.0981917941931,1.0981917941931,0.6996182322045101,1,2.4828967799582,0.55976066296582,0.36411447577284,1,0.63818014568757,Perturbativ,0.75,0.6,1,0.34188376166986,0.36036006368334,0.44230263723218,0.39857356198859,0.36845021153048,0.33531725761615,0.38803400411846
285,56,23,2,2025-09-22 17:10:00,2025-09-22,affektiv,0.77822641248456,0.77822641248456,0.35673391226255,1,1.6902948723366,0.24818790518816,-0.027877972450774,0,0.79694963087486,Koordinativ,0.78833333333333,0.51666666666667,6,0.35801223787826,0.37360636624623,0.46040866878356,0.42149250022201,0.35797389505435,0.29993390631618,0.3528566163664
180,57,16,3,2025-09-23 15:35:00,2025-09-23,affektiv,1.0916562133373,1.0916562133373,0.69838778393572,1,2.7414878814599,0.9876040215096,0.75329795264453,1,0.5028225486163,Kollapsiv,0.81857142857143,0.60714285714286,7,0.36908867005462,0.36947708635926,0.39819844556736,0.39326842940158,0.36633598059132,0.36598133961752,0.381960448637
74,59,8,4,2025-09-23 17:10:00,2025-09-23,methodik,0.56842105263158,0.56842105263158,0.07653673036130004,1,0.95236100179834,0.39845370090747,0.10899449432789,1,0.70367534498751,Transformativ,-0.1,0.3,3,0.43341333405502,0.09947576793558,0.2765131538261,0.49188432227028,0.59685460761348,0.25127264991913,0.25391804464418
90,58,9,4,2025-09-23 17:10:00,2025-09-23,methodik,0.81378729645951,0.81378729645951,0.33403941842290996,1,1.4469591342681,0.94341802789647,-0.77005413304579,1,0.50754465470572,Kollapsiv,0.67454545454545,0.48636363636364,11,0.36377111636007,0.4797478780366,0.33864180391392,0.2695145575769,0.56241207966715,0.21156079520419,0.29854792163473
295,60,24,4,2025-09-23 17:10:00,2025-09-23,methodik,1.0024838432889,1.0024838432889,0.5774433629032001,1,2.2538773183781,0.55488776782194,0.3694170266416,1,0.63971892417002,Perturbativ,0.796,0.58,5,0.352715269122,0.360573934236,0.4250404803857,0.37297472658449,0.44478190302102,0.3213275894722,0.35316633240175
28,63,4,5,2025-09-24 15:35:00,2025-09-24,affektiv,0.90396120703316,0.90396120703316,0.36490719411759,1,1.5227273307688,1.1062146984206,0.7155410537042,1,0.46161036599405,Kollapsiv,0.814,0.47,5,0.12009639900134,0.34755378683219,0.59364614279505,0.53905401291557,0.18435207215135,0.26994587989377,0.33901590319356
49,62,6,5,2025-09-24 15:35:00,2025-09-24,motivation,0.79642067406479,0.79642067406479,0.36307157082491,1,1.8072727763471,0.81138740914563,0.714167780659,1,0.55004623248929,Kollapsiv,0.8175,0.55,4,0.33939594667728,0.33199194251172,0.43334910323988,0.44067541106543,0.33528261102974,0.34296083757181,0.40319835294346
111,61,10,5,2025-09-24 15:35:00,2025-09-24,regulation,1.0256553656996,1.0256553656996,0.6373810826700599,1,2.5951488813072,0.37885173050971,0.23150615929634,1,0.72406354791012,Transformativ,0.38888888888889,0.53333333333333,18,0.38792267980461,0.38827428302954,0.34381476191567,0.35501325758494,0.38614621219878,0.38627468917892,0.3952202406159
65,64,7,6,2025-09-24 17:10:00,2025-09-24,sozial,0.73684210526316,0.73684210526316,0.32300381488198,1,1.6287371332943,0.66595532019747,-0.026590169604042,1,0.5984530984799,Perturbativ,-0.15,0.51666666666667,3,0.36838356992454,0.45240087534592,0.36701474935704,0.36922176830006,0.30305756263642,0.41383829038118,0.35425475985365
152,67,13,6,2025-09-24 17:10:00,2025-09-24,affektiv,0.92076908436234,0.92076908436234,0.47617460373195,1,1.9557198993096,0.38300568568871,-0.29459530357495,1,0.71636504515922,Transformativ,0.8125,0.5,4,0.30679239900612,0.34461543471189,0.47080826053699,0.44459448063039,0.36061562690193,0.31274602499684,0.37408588336596
157,65,14,6,2025-09-24 17:10:00,2025-09-24,affektiv,1.092794828748,1.092794828748,0.6679018757684001,1,2.5326752532123,0.30803428478458,0.15430589744597,0,0.75374208336338,Transformativ,0.78,0.51,5,0.27576148281532,0.39865259342769,0.43147846409857,0.4248929529796,0.39611047032794,0.31300091193941,0.37874919340942
268,66,22,6,2025-09-24 17:10:00,2025-09-24,methodik,0.89288809778904,0.89288809778904,0.43124099613947997,1,1.5358766767669,0.35284738191792,-0.20881686386782,0,0.70309341472412,Transformativ,0.78857142857143,0.55714285714286,7,0.093889054687919,0.46164710164956,0.41433384834032,0.43190396288317,0.5813540310328,0.11028860584524,0.26404003604401
91,68,9,7,2025-09-25 15:35:00,2025-09-25,kognition,0.86483550124824,0.86483550124824,0.43107506714994004,1,1.6325755072217,0.57331651200303,0.1856163729536,1,0.62290079382817,Perturbativ,-0.0094117647058823,0.52352941176471,17,0.52973690766087,0.4337604340983,0.36586558790881,0.26934159156478,0.36776937131066,0.4046427692179,0.16074231157541
112,70,10,7,2025-09-25 15:35:00,2025-09-25,motivation,1.0359581911282,1.0359581911282,0.6306254826506001,1,2.5394500413035,0.34971285254877,-0.055698840003721,1,0.73564281171191,Transformativ,0.23454545454545,0.45454545454545,11,0.39718862112814,0.39551943503457,0.4053327084776,0.40794588350655,0.30815791144151,0.39467970603057,0.32304451365191
166,69,15,7,2025-09-25 15:35:00,2025-09-25,affektiv,0.96295735312518,0.96295735312518,0.49418744333794007,1,1.9984695722644,0.86634837328439,0.52191349174185,1,0.51965795257553,Kollapsiv,0.46,0.39,5,0.16049965094324,0.45499909536765,0.48184739262867,0.46876990978724,0.39445812094349,0.20273285529038,0.34437730233497
181,72,16,8,2025-09-25 17:10:00,2025-09-25,affektiv,1.0956114697844,1.0956114697844,0.6832454344055799,1,2.5946788135876,0.25701725338716,-0.14680906787231,0,0.7897774973712,Koordinativ,0.80454545454545,0.53636363636364,11,0.3110011986834,0.39430551783729,0.42225321439583,0.41236603537882,0.38655679729998,0.33982000590761,0.3668161584421
202,74,17,8,2025-09-25 17:10:00,2025-09-25,methodik,1.0058342389583,1.0058342389583,0.5418042146450999,1,1.5968996831858,0.90140884971531,-0.56814549698374,1,0.49168424292929,Kollapsiv,0.825,0.64166666666667,6,-0.043273400751603,0.3853776839742,0.4045127345493,0.4640300243132,0.62986689077541,-0.0015689292833696,0.27188651073344
212,71,18,8,2025-09-25 17:10:00,2025-09-25,affektiv,0.96742142009334,0.96742142009334,0.5534605970041,1,2.278321820589,0.29675543585128,0.07000142433202,1,0.76188351447542,Koordinativ,0.92,0.5,1,0.39035824250122,0.35113564397239,0.42462017917145,0.41396082308924,0.24949111545407,0.39808982892219,0.38979098626248
224,73,19,8,2025-09-25 17:10:00,2025-09-25,motivation,0.85475485979095,0.85475485979095,0.4251449502628,1,1.9767237397845,0.63312123348843,0.57757626128209,1,0.60901393114429,Perturbativ,0.7,0.35,3,0.35516426222441,0.32007297633923,0.42960990952815,0.43240987202983,0.30766765746283,0.3649524868146,0.41475168326323
29,75,4,9,2025-09-26 15:35:00,2025-09-26,sozial,0.60986222596566,0.60986222596566,0.11984152900689998,1,1.11778187067,0.64601890986184,-0.40494546009877,1,0.60266915604842,Perturbativ,0.8,0.4,1,0.26267828162029,0.54560039075824,0.49002069695876,0.2824257645341,0.28251439899665,0.32040198893961,0.36188936997749
239,76,20,9,2025-09-26 15:35:00,2025-09-26,methodik,1.0073068571077,1.0073068571077,0.61041193162737,1,2.0083637330799,0.31827678855773,-0.00087500660451445,1,0.7496523766236,Transformativ,0.15,0.7,2,0.31592133512498,0.38785173980346,0.36863457693661,0.39689492548033,0.50155598809852,0.29875066444321,0.33990783318486
296,77,24,9,2025-09-26 17:10:00,2025-09-26,regulation,0.99002814996588,0.99002814996588,0.57649007252773,1,2.2868753355182,0.33934393990268,0.032998017140042,1,0.741397239667,Transformativ,0.7,0.475,4,0.30362907647769,0.40279170821106,0.41353807743815,0.3863126131994,0.34198027808408,0.3477773007045,0.4329174110003
4,79,2,1,2025-09-29 15:35:00,2025-09-29,methodik,0.72924750328191,0.72924750328191,0.26686333916464,1,1.4770822521597,0.75909950365731,-0.57950165773067,1,0.55803758580245,Perturbativ,0.175,0.75,2,0.24226096398411,0.39195337103443,0.46238416411727,0.46002275864107,0.49370812066963,0.13540207363007,0.31651334135799
182,82,16,2,2025-09-29 17:10:00,2025-09-29,affektiv,1.0891943011192,1.0891943011192,0.67464080109835,1,2.5907388630459,0.011120540014795,-0.003939950541715,0,0.98021498578333,Homöostatisch (resilient),0.76111111111111,0.53888888888889,9,0.31011018448355,0.39231076066617,0.42041840504846,0.41455350002085,0.3868867956079,0.34142167349813,0.3675153715698
240,81,20,2,2025-09-29 17:10:00,2025-09-29,methodik,1.0,1.0,0.60068579304853,1,2.1015570323636,0.16114303456943,0.093193299283756,0,0.84856158041169,Koordinativ,0.725,0.35,2,0.28550260139249,0.3866888651837,0.39883529906118,0.39931420695147,0.47583766898749,0.28550260139249,0.37749878265971
256,80,21,2,2025-09-29 17:10:00,2025-09-29,sozial,1.0,1.0,0.58804053644217,1,2.3422691873085,0.2670284292625,-0.14062759264971,1,0.78316101629762,Koordinativ,0.9,0.6,1,0.29249686005283,0.42693641063611,0.41195946355783,0.40389266574205,0.38199573583231,0.34940825859267,0.362386711755
286,83,23,2,2025-09-29 17:10:00,2025-09-29,motivation,0.72137779169496,0.72137779169496,0.27896231561359,1,1.619268985113,0.25344535423681,-0.071025887223598,1,0.78767477708121,Koordinativ,0.825,0.5875,4,0.2700084225357,0.38605544105962,0.43256077864537,0.44549596014102,0.3753869067056,0.23629300883936,0.44241547608137
22,84,3,3,2025-09-30 15:35:00,2025-09-30,methodik,0.89640363030944,0.89640363030944,0.47390236002014,1,1.939149544444,0.68211735565509,-0.57592812008985,1,0.58903322012994,Perturbativ,-0.7875,0.55,4,0.25674777976525,0.40169535673573,0.38755698447739,0.4225012702893,0.46226637466694,0.30980077074933,0.36653370733577
37,89,5,4,2025-09-30 17:10:00,2025-09-30,motivation,0.95026267840685,0.95026267840685,0.49698167712083996,1,2.0510336568058,0.75479476594295,0.63183478527933,0,0.5647431731491,Perturbativ,0.83571428571429,0.59285714285714,7,0.33989582387242,0.31293775632554,0.45328100128601,0.46330915867244,0.29478361457556,0.34998302888284,0.39627799086003
66,85,7,4,2025-09-30 17:10:00,2025-09-30,methodik,0.78947368421053,0.78947368421053,0.32149647756843,1,1.5367178689372,0.55447359650873,-0.092019264357105,1,0.63424333937122,Perturbativ,0.36,0.45,3,0.4679772066421,0.25344514554675,0.34757652474565,0.41925324235071,0.51374015989206,0.31024893894101,0.24494246913304
75,87,8,4,2025-09-30 17:10:00,2025-09-30,kognition,0.69406008405164,0.69406008405164,0.27971744179207,1,1.3989598873013,0.63513632174051,0.44659888550295,1,0.60818634533271,Perturbativ,0.75,0.6,1,0.49612579306645,0.28592671122666,0.3094285408046,0.31549295829038,0.39869365716569,0.38234385803565,0.41434264225957
92,86,9,4,2025-09-30 17:10:00,2025-09-30,affektiv,0.72039615026556,0.72039615026556,0.17005489297974008,1,1.1050377419503,1.0505002463776,-0.52753776527144,1,0.47088570279969,Kollapsiv,-0.402,0.59,10,0.3658294223233,0.047628761355111,0.65191995012064,0.55034125728582,0.32193825642134,0.16024398249698,-0.081870857660967
297,88,24,4,2025-09-30 17:10:00,2025-09-30,affektiv,0.87856840866215,0.87856840866215,0.47667635188966,1,1.957708308126,0.38485138146384,-0.32916702739213,1,0.71906881056743,Transformativ,0.785,0.55,2,0.31484200925631,0.38349335935739,0.44877390802635,0.40189205677249,0.37263718651822,0.35399719793973,0.35597698909785
5,92,2,5,2025-10-01 15:35:00,2025-10-01,affektiv,0.8669666453694,0.8669666453694,0.46414471847398003,1,2.1409750050847,0.90314254642936,0.66389275292509,1,0.52456616383637,Kollapsiv,0.784,0.57,5,0.38386425677493,0.34204622040471,0.40494010574876,0.40282192689542,0.33433193602923,0.37583398241635,0.3954511281104
50,90,6,5,2025-10-01 15:35:00,2025-10-01,motivation,0.80837369249091,0.80837369249091,0.38215468847656997,1,1.8257426165176,0.030429675598887,0.018469840170522,0,0.96381506800696,Homöostatisch (resilient),0.80666666666667,0.48333333333333,3,0.33853126173871,0.32863339785309,0.42621900401434,0.44276432216389,0.33303244846892,0.34329689990587,0.41343731805833
113,93,10,5,2025-10-01 15:35:00,2025-10-01,affektiv,1.039221370185,1.039221370185,0.6429421544592999,1,2.6206364067881,0.22185171584639,0.08118636548463,1,0.81499183945212,Koordinativ,0.33214285714286,0.53214285714286,14,0.3863959159324,0.38284798087875,0.39655305371496,0.3962792157257,0.3831450824843,0.38223696059565,0.31133395160264
131,91,11,5,2025-10-01 15:35:00,2025-10-01,affektiv,1.0058243132919,1.0058243132919,0.56829160890839,1,2.0531468144841,0.54553602046677,0.38481461012049,1,0.63812981938249,Perturbativ,0.795,0.525,4,0.38342803184661,0.24753371109672,0.48989400353953,0.43753270438351,0.34350351985348,0.34660351690873,0.34950012460146
146,94,12,6,2025-10-01 17:10:00,2025-10-01,motivation,1.132743879692,1.132743879692,0.73458648096572,1,2.7382784830327,0.33250608458084,0.21299639797746,1,0.74744932238748,Transformativ,0.85,0.5,1,0.365192950911,0.365192950911,0.39718785614348,0.41367008005111,0.32675158765721,0.37294929157342,0.39815739872628
158,95,14,6,2025-10-01 17:10:00,2025-10-01,motivation,1.0187455041339,1.0187455041339,0.59458451646892,1,2.3815680171798,0.1917546901133,-0.1511072360325,1,0.82422262457343,Koordinativ,0.73333333333333,0.56666666666667,3,0.26956286835533,0.38453215137821,0.41797393231333,0.42776250619646,0.42416098766498,0.28707978891981,0.39932513727111
269,96,22,6,2025-10-01 17:10:00,2025-10-01,methodik,1.0036592040164,1.0036592040164,0.5445680461848901,1,1.8984344143315,0.42546090034002,0.36255773756458,0,0.66851528997786,Transformativ,0.784,0.54,5,0.10797945837625,0.42704471238054,0.45909115783151,0.42248635634392,0.52867731216366,0.20334993324513,0.30961741052445
93,97,9,7,2025-10-02 15:35:00,2025-10-02,methodik,0.78209005733418,0.78209005733418,0.38968347443373,1,1.9655083150963,1.3132271453515,0.86047057314605,1,0.43217904132788,Kollapsiv,0.26,0.55,20,0.36405572137755,0.36443314513315,0.39240658290045,0.3832302726537,0.39790727463697,0.36693186669711,0.37527903119466
114,98,10,7,2025-10-02 15:35:00,2025-10-02,affektiv,1.045142458797,1.045142458797,0.6310504204693299,1,2.4400463289573,0.37235494099541,-0.18059007783079,0,0.71288880844997,Transformativ,0.37714285714286,0.50357142857143,14,0.33051284405994,0.41409203832767,0.42832894030143,0.3926249498034,0.41074580066177,0.41004417018344,0.21170894245356
183,100,16,8,2025-10-02 17:10:00,2025-10-02,methodik,1.0100490075857,1.0100490075857,0.5896780918272401,1,2.1284461130489,0.54941338947508,-0.46229274999704,1,0.63519834594588,Perturbativ,0.75,0.7,3,0.25854009831091,0.42037091575846,0.40470473316834,0.41906852761166,0.47454760584207,0.28189579056744,0.33523169745204
203,102,17,8,2025-10-02 17:10:00,2025-10-02,methodik,0.89942638012139,0.89942638012139,0.39632094232896997,1,1.7862589544333,0.47663754202437,0.18935927124745,0,0.64553739132075,Transformativ,0.836,0.6,5,0.12601619155506,0.39820719476986,0.44442295152564,0.50310543779242,0.50352519011065,0.12642943693221,0.3246568764123
213,99,18,8,2025-10-02 17:10:00,2025-10-02,affektiv,0.87458388377248,0.87458388377248,0.48073782269909,1,2.0636640489379,0.2850944098663,-0.21465777165106,0,0.77571533805986,Koordinativ,0.92,0.5,1,0.39384606107339,0.34175289234503,0.42380148251301,0.38627539159316,0.32645052403107,0.3718831369322,0.39294637404647
225,101,19,8,2025-10-02 17:10:00,2025-10-02,affektiv,0.83631290825346,0.83631290825346,0.4002775822253701,1,1.835880354623,0.2327527154909,-0.14084338516148,1,0.80629596350794,Koordinativ,0.65,0.325,2,0.34163531558742,0.32681868301619,0.45553780544139,0.43603532602809,0.37308795497462,0.33559890972507,0.35638758451869
76,104,8,4,2025-10-07 17:10:00,2025-10-07,regulation,0.97082244046609,0.97082244046609,0.53594856386841,1,2.0492948883092,0.80680453519872,0.6503350010079,1,0.54923447212247,Kollapsiv,0.75,0.4,1,0.2927836316433,0.43487387659768,0.36884118794797,0.37141598810761,0.34414918105441,0.32909788052929,0.47373486633412
153,105,13,4,2025-10-07 17:10:00,2025-10-07,performanz,1.0,1.0,0.6067046884891301,1,2.3166081162212,0.57398349145809,0.36088821691154,1,0.62998497415094,Perturbativ,,,0,0.38758058980755,0.38168325481671,0.38088139923937,0.38849902722415,0.25899935148277,0.43166558580462,0.39329531151087
270,103,22,4,2025-10-07 17:10:00,2025-10-07,methodik,1.005572089249,1.005572089249,0.5624604005386601,1,1.9492130717034,0.15682979424231,0.050778657371995,0,0.825064161632,Koordinativ,0.75,0.49166666666667,6,0.16104011858193,0.41318767636657,0.44311168871034,0.41398453619146,0.51588618162421,0.20132137598468,0.35908496151092
6,106,2,1,2025-10-20 15:35:00,2025-10-20,kognition,0.90181946939331,0.90181946939331,0.50299297192793,1,2.0875196217582,0.17946697179101,-0.053455383326573,1,0.84521211559146,Koordinativ,0.474,0.4,5,0.43200526575255,0.35822773212263,0.38784650925578,0.3565751095175,0.34048283927313,0.39882649746538,0.36398142665934
305,107,40,1,2025-10-20 15:35:00,2025-10-20,regulation,0.96856466309375,0.96856466309375,0.5349047601972,1,1.666551268392,0.0,0.0,0,0.95534072933347,Homöostatisch (resilient),0.77666666666667,0.48333333333333,3,0.20330684628273,0.34813886449083,0.38745582055616,0.43365990289655,0.36660591649346,0.16466256375736,0.58117903774248
241,110,20,2,2025-10-20 17:10:00,2025-10-20,methodik,1.0,1.0,0.57008313250096,1,2.1449519558509,0.18845280934242,0.043394923487265,0,0.83294434007357,Koordinativ,0.7,0.3,1,0.31940406907042,0.36315376012648,0.42991686749904,0.38010644570481,0.46621090827048,0.33176869286225,0.33070815934052
257,108,21,2,2025-10-20 17:10:00,2025-10-20,methodik,0.82105263157895,0.82105263157895,0.27578098047663,1,1.4285491759952,1.1245079163633,-0.91372001131327,1,0.46010358633572,Kollapsiv,0.7,0.3,1,0.14000218068843,0.54527165110232,0.33111527281459,0.25386725486075,0.57474579440514,0.1920960153632,0.37650856593202
258,109,21,2,2025-10-20 17:10:00,2025-10-20,methodik,0.82105263157895,0.82105263157895,0.27578098047663,1,1.4285491759952,0.0,0.0,0,0.95336546213215,Homöostatisch (resilient),0.7,0.3,1,0.14000218068843,0.54527165110232,0.33111527281459,0.25386725486075,0.57474579440514,0.1920960153632,0.37650856593202
287,111,23,2,2025-10-20 17:10:00,2025-10-20,affektiv,0.88807043007144,0.88807043007144,0.44555063492990005,1,1.9404361577086,0.41071412530366,0.32116717259565,1,0.70281479741032,Transformativ,0.84,0.62,5,0.31735018268987,0.31922269313576,0.45766536872951,0.44251979514154,0.40396327882513,0.31409364278397,0.36091997284755
23,112,3,3,2025-10-21 15:35:00,2025-10-21,affektiv,1.0852387377936,1.0852387377936,0.6913014330537499,1,2.7053479088065,0.85298098300067,0.76619836436255,1,0.53924284084691,Kollapsiv,0.782,0.48,10,0.37063157610961,0.38016774459145,0.40114572098463,0.39393730473985,0.37007971450766,0.37110985616464,0.3568174744332
38,115,5,4,2025-10-21 17:10:00,2025-10-21,motivation,0.9347116421849,0.9347116421849,0.48120312006826,1,1.9911539887057,0.41062841431571,-0.059879668100023,0,0.69160419558191,Transformativ,0.70727272727273,0.58636363636364,11,0.19893696988718,0.4454881301112,0.45350852211664,0.46943212178332,0.30273200178115,0.29641655148027,0.39549775403839
67,113,7,4,2025-10-21 17:10:00,2025-10-21,sozial,0.82105263157895,0.82105263157895,0.35697810898139004,1,1.6317131697664,0.7174010632965,0.094995300829161,1,0.57167913763872,Perturbativ,0.33333333333333,0.68333333333333,3,0.20413070662008,0.50318441150617,0.41014666934812,0.46407452259756,0.34439097490117,0.20611865023241,0.40057534489501
77,114,8,4,2025-10-21 17:10:00,2025-10-21,methodik,0.6,0.6,0.19065603966636996,1,1.3935780585809,0.75006628264966,-0.65571682972824,1,0.57058323222525,Perturbativ,0.85,0.75,1,0.36947597838625,0.36256537939947,0.39636388026694,0.40934396033363,0.43054638803687,0.35044473444861,0.31493703819185
51,116,6,5,2025-10-22 15:35:00,2025-10-22,methodik,0.6,0.6,0.05160430524154003,1,0.90215303709628,1.164025805177,-0.92358957942132,1,0.45685409738505,Kollapsiv,-0.9,0.85,1,0.22169187660448,0.54839569475846,0.24261287385448,0.23057714376106,0.66507562981345,0.22169187660448,0.21590545220522
68,118,7,6,2025-10-22 17:10:00,2025-10-22,methodik,0.88421052631579,0.88421052631579,0.42555368129717003,1,1.9273535131354,0.43469963939908,0.29564034336907,1,0.68041142924166,Transformativ,0.85,0.75,1,0.20091490207332,0.38230770839862,0.45865684501862,0.43558999953871,0.45876925007835,0.23891056461721,0.38186618769202
159,119,14,6,2025-10-22 17:10:00,2025-10-22,kognition,0.73903829576577,0.73903829576577,0.30525218761507994,1,1.6015654457753,0.9731746221064,-0.78000257140451,1,0.50441371128671,Kollapsiv,0.025,0.35,2,0.46144745271186,0.43378610815069,0.28795364254796,0.32755735171176,0.38417266058241,0.40367481029809,0.31327744091653
271,117,22,6,2025-10-22 17:10:00,2025-10-22,methodik,1.0022984386575,1.0022984386575,0.56223243221623,1,2.0567252411962,0.24380270403322,0.10751216949279,0,0.7708481544948,Koordinativ,0.8125,0.54375,8,0.19405017499144,0.35365648275651,0.42684159029006,0.44006600644127,0.48732733867125,0.19116676053049,0.43288234226292
115,120,10,7,2025-10-23 15:35:00,2025-10-23,motivation,1.0569821779049,1.0569821779049,0.64612747410179,1,2.5525205090727,0.43277094530336,0.11247418011532,1,0.69437159352079,Transformativ,0.39666666666667,0.53333333333333,12,0.31586764041017,0.39330535794443,0.41085470380311,0.41409351021232,0.39296408369247,0.34699538182516,0.36116054526073
167,122,15,7,2025-10-23 15:35:00,2025-10-23,methodik,0.64210526315789,0.64210526315789,0.17740335646612,1,1.0998687616434,1.1896012194585,-0.898600810621,1,0.45214471759332,Kollapsiv,,,0,0.3598108195199,0.11484623780941,0.28880450978543,0.33337310697453,0.5838017088645,0.32562024402164,0.46470190669177
184,121,16,7,2025-10-23 15:35:00,2025-10-23,motivation,1.0358742787202,1.0358742787202,0.63481370338378,1,2.572152706136,0.59788920507075,0.44370659308718,1,0.62336099887126,Perturbativ,0.26888888888889,0.53611111111111,18,0.35236678388982,0.39079380309256,0.40106057533642,0.40272658611846,0.3894431911116,0.38937553250979,0.31112740094976
214,123,18,7,2025-10-23 15:35:00,2025-10-23,sozial,0.84831104688158,0.84831104688158,0.4420164497548,1,1.9794880966426,0.25044261827582,-0.084175952295342,1,0.79772692182692,Koordinativ,0.75,0.4,1,0.40629459712678,0.42855071868927,0.37801609967429,0.34103648135676,0.35628562694297,0.36420033715621,0.36398570585414
185,125,16,8,2025-10-23 17:10:00,2025-10-23,motivation,0.94969786665655,0.94969786665655,0.4762682906972,1,1.8899048286511,0.96600540421471,-0.6822478774849,0,0.49473809004382,Kollapsiv,0.85,0.5,1,0.16436716441943,0.41773197878766,0.41110346570736,0.50251094751256,0.47342957595935,0.18464732460405,0.34457208003196
204,126,17,8,2025-10-23 17:10:00,2025-10-23,motivation,0.88215078054685,0.88215078054685,0.44063547807225,1,1.8037031188777,0.32237544611151,0.017444164444459,1,0.73824209319229,Transformativ,0.8775,0.6375,4,0.20525149725446,0.43769602409073,0.4415153024746,0.48907759310559,0.40851628915135,0.24923115037499,0.3211847335175
215,124,18,8,2025-10-23 17:10:00,2025-10-23,methodik,0.77894736842105,0.77894736842105,0.3726494818268599,1,1.2176702316769,0.970485458824,-0.7618178649657,1,0.50041715396807,Kollapsiv,-0.7,0.1,1,0.25510872281853,0.40629788659419,0.31982528706295,0.39676835768185,0.63970305548872,0.24064253847266,0.20736294466923
30,129,4,9,2025-10-24 15:35:00,2025-10-24,sozial,0.46804621183776,0.46804621183776,0.023825086287240005,1,0.93956507358061,0.24408806443145,-0.17821679708944,0,0.80015627384492,Koordinativ,0.75,0.41666666666667,3,0.31900283503407,0.49815199021386,0.40089664025031,0.34110511357667,0.2355356032603,0.34670093783671,0.44422112555052
52,128,6,9,2025-10-24 15:35:00,2025-10-24,affektiv,0.80069908076597,0.80069908076597,0.35824207306545996,1,1.6907868727789,1.0169794104599,0.78863383568258,1,0.49347360085178,Kollapsiv,0.9,0.65,2,0.29446191483188,0.35486435889996,0.47356594327967,0.44245700770051,0.35486435889996,0.35486435889996,0.33981338052022
242,127,20,9,2025-10-24 15:35:00,2025-10-24,methodik,1.0,1.0,0.57456176654503,1,2.0492261912352,0.15742910614777,-0.095725764615692,0,0.84974888261425,Koordinativ,0.865,0.7,2,0.29279344675248,0.38011780806462,0.42543823345497,0.40168384010734,0.4879890779208,0.29279344675248,0.32182838289238
31,131,4,1,2025-10-27 15:35:00,2025-10-27,affektiv,0.80833637319432,0.80833637319432,0.33422828695402995,1,1.6795910824356,0.81982807704857,0.74002600885499,1,0.54291796871448,Kollapsiv,0.87333333333333,0.5,3,0.29135764469925,0.2745094296967,0.48126974545547,0.47410808624029,0.28829072212347,0.31298889778037,0.4497584449087
306,130,40,1,2025-10-27 15:35:00,2025-10-27,sozial,0.72480025918555,0.72480025918555,0.29364724341451004,1,1.4605712023681,0.57917977639239,-0.20598006602389,1,0.62723516110127,Perturbativ,0.166,0.54,5,0.208377631507,0.49624438542547,0.43115301577104,0.35766405096226,0.41011469258785,0.33743740498382,0.33829825824863
186,132,16,2,2025-10-27 17:10:00,2025-10-27,methodik,1.0047485190148,1.0047485190148,0.5226141365849599,1,1.8557831057679,0.29094057372172,-0.034121722883239,1,0.74336225452106,Koordinativ,0.0625,0.525,4,0.17870172315631,0.48213438242984,0.39518496945099,0.3903030075602,0.5414148427963,0.20351610809886,0.30422967359527
243,135,20,2,2025-10-27 17:10:00,2025-10-27,methodik,1.0,1.0,0.57465024737882,1,2.0475226699908,0.012626304472149,-0.0017035212443695,0,0.96858202439554,Homöostatisch (resilient),0.85,0.75,1,0.29303704838084,0.38043406281021,0.42534975262118,0.40477438086321,0.48839508063473,0.29303704838084,0.31659758871968
259,133,21,2,2025-10-27 17:10:00,2025-10-27,motivation,1.0325426915573,1.0325426915573,0.6081092730280799,1,2.4041639017725,1.1687818529211,0.97561472577726,1,0.45657432595822,Kollapsiv,0.6,0.35,1,0.27146133083244,0.36778296408831,0.40351523308097,0.42948098936454,0.42193232240001,0.29256684937464,0.42443341852922
288,136,23,2,2025-10-27 17:10:00,2025-10-27,affektiv,0.79033272768464,0.79033272768464,0.34904550225459,1,1.7666904718867,0.23519513053906,-0.17374568582192,0,0.80569841562176,Koordinativ,0.825,0.5875,4,0.35105227243107,0.35333911390095,0.44735211957829,0.44128722543005,0.34390589283769,0.34647858949131,0.34458200932912
39,140,5,4,2025-10-28 17:10:00,2025-10-28,motivation,1.0231997342113,1.0231997342113,0.5162185365269799,1,1.970476051537,0.66758936358186,-0.020677937168792,0,0.55550973059874,Perturbativ,0.81666666666667,0.54583333333333,12,0.16419473412553,0.38108931231184,0.50698119768432,0.51926524704218,0.0021353398892779,0.24174580134944,0.49264500461735
78,138,8,4,2025-10-28 17:10:00,2025-10-28,motivation,0.86077629805763,0.86077629805763,0.41583346617859,1,1.7844398396408,0.52871612659492,0.39086178105989,1,0.64469816649998,Perturbativ,0.85,0.5,1,0.2217752999221,0.33623997084963,0.41999722608719,0.48237899561159,0.37753259884871,0.29692801327008,0.44494283187904
94,139,9,4,2025-10-28 17:10:00,2025-10-28,sozial,0.61395165413622,0.61395165413622,0.19331379771909002,1,1.2296322001636,0.81856637279952,-0.73587611493273,1,0.54730123962796,Kollapsiv,0.012142857142857,0.55,14,0.42063785641713,0.4992969877946,0.25586729103575,0.32400747190924,0.30539061634117,0.3950513603284,0.39241354688644
7,141,2,5,2025-10-29 15:35:00,2025-10-29,regulation,0.9560219254632,0.9560219254632,0.56174003919335,1,2.1741293501049,0.27194727531565,0.086609728346756,1,0.7804241832462,Koordinativ,0.77666666666667,0.51666666666667,3,0.37118976157013,0.367963387088,0.39428188626985,0.39096580116541,0.28019170578748,0.38293864121367,0.43972633227979
53,145,6,5,2025-10-29 15:35:00,2025-10-29,methodik,0.52425115500357,0.52425115500357,0.028269901331870018,1,0.99749100988555,0.92827120669633,-0.69329586289332,1,0.51369609680915,Kollapsiv,-0.63333333333333,0.63333333333333,3,0.30288760126896,0.4959812536717,0.12692855233306,0.24230926258327,0.5255698039205,0.31319665433526,0.46165062091144
116,143,10,5,2025-10-29 15:35:00,2025-10-29,affektiv,1.0520183518909,1.0520183518909,0.6355483129240801,1,2.5170363266468,0.10171944389397,-0.035484182425855,1,0.89969755914742,Adaptiv,0.41608695652174,0.52173913043478,23,0.32048323644252,0.40176387776716,0.41795914518024,0.41647003896682,0.39833107051735,0.35028423677509,0.32614789929849
132,144,11,5,2025-10-29 15:35:00,2025-10-29,methodik,0.61671839936192,0.61671839936192,0.18239077649213997,1,1.2160765545382,0.92407614073481,-0.83707025994589,1,0.5168368280889,Kollapsiv,0.175,0.75,2,0.38492001207956,0.34623858971823,0.43432762286978,0.38267656490638,0.50713780851485,0.30215355998085,0.21997284763204
69,146,7,6,2025-10-29 17:10:00,2025-10-29,regulation,0.98995121864761,0.98995121864761,0.58657075828024,1,2.0148867803444,0.6186524937164,0.087533267208906,1,0.61297338135289,Perturbativ,0.7,0.3,1,0.40338046036737,0.29778348121361,0.36038761566813,0.36445927377678,0.35525046881623,0.34395146279711,0.49131853353423
160,148,14,6,2025-10-29 17:10:00,2025-10-29,regulation,1.056007925468,1.056007925468,0.6563234573413899,1,2.5386797632132,1.0406397622363,0.93711431743796,1,0.4885522520341,Kollapsiv,0.815,0.555,10,0.32380236867225,0.39968446812661,0.39300339730832,0.3986965016764,0.35374896746607,0.35189004233202,0.41596736238816
272,147,22,6,2025-10-29 17:10:00,2025-10-29,methodik,1.0035695446335,1.0035695446335,0.56003473168438,1,1.7355907383251,0.48871037525167,-0.32113450287115,0,0.63947934747455,Transformativ,0.79,0.51,5,0.12763307654857,0.39812406341409,0.44353481294912,0.43666914829818,0.57822937279772,0.12226037725908,0.2975015024537
95,149,9,7,2025-10-30 15:35:00,2025-10-30,affektiv,1.0724778269001,1.0724778269001,0.6745564457433602,1,2.520267467811,1.3535352913816,1.2906352676474,1,0.42371168957994,Kollapsiv,0.61588235294118,0.57058823529412,17,0.35933296635597,0.37019249060091,0.42554127296896,0.38889079034937,0.31432519514414,0.39792138115674,0.37996600202683
117,150,10,7,2025-10-30 15:35:00,2025-10-30,affektiv,1.0806469594351,1.0806469594351,0.69071863663339,1,2.7315733065619,0.32872426586949,0.2145369799151,0,0.75210075070614,Transformativ,0.72777777777778,0.56111111111111,18,0.3691113238116,0.37184564790884,0.3956133838486,0.38992832280171,0.36721570008108,0.36734978487192,0.38358879389073
187,153,16,8,2025-10-30 17:10:00,2025-10-30,methodik,1.0,1.0,0.5799267994085999,1,2.1953845675082,0.4906671828208,0.33960146174031,0,0.65772006270059,Transformativ,,,0,0.22678137924776,0.40755358078938,0.40191270077845,0.4200732005914,0.45550106088225,0.27330063652935,0.40286538273585
205,154,17,8,2025-10-30 17:10:00,2025-10-30,methodik,1.0029540518049,1.0029540518049,0.5435575052214001,1,1.6802020976596,0.44729894711627,-0.12350102121813,1,0.65836155904204,Transformativ,0.85166666666667,0.63333333333333,6,0.13075995260075,0.40914191413723,0.38675570359421,0.4593965465835,0.59692465126961,0.13110485415607,0.28525785589446
216,151,18,8,2025-10-30 17:10:00,2025-10-30,methodik,0.6,0.6,0.13513417015461998,1,0.99632596017227,0.25268912406376,-0.2213442715046,0,0.78528245090436,Koordinativ,-0.09,0.56666666666667,3,0.30324178165446,0.46486582984538,0.31238095512365,0.41084934204042,0.6022125522997,0.20073751743323,0.15036498283258
226,152,19,8,2025-10-30 17:10:00,2025-10-30,regulation,0.51323830294963,0.51323830294963,0.08083989743078002,1,1.153535057898,0.72293073058195,-0.68234529672502,1,0.57873555792606,Perturbativ,0.7,0.375,2,0.27995910510469,0.38316042721382,0.41374191874733,0.3674769660847,0.43239840551885,0.28924267957199,0.44492648835481
8,155,2,1,2025-11-03 15:35:00,2025-11-03,affektiv,0.88179037324212,0.88179037324212,0.45241127021192995,1,1.9246319939258,0.58853856432472,-0.24949735617918,1,0.62156696252276,Perturbativ,0.81666666666667,0.58333333333333,3,0.32549639715559,0.42937910303019,0.45816050838131,0.42313169112966,0.41442736226898,0.2489149971033,0.2950008244428
307,157,40,1,2025-11-03 15:35:00,2025-11-03,affektiv,0.92065667496224,0.92065667496224,0.46419317506251,1,1.9151758503756,0.60212848053046,0.45460464800745,1,0.61046778061845,Perturbativ,0.78,0.45,1,0.24663031605827,0.45646349989973,0.48071652235014,0.41913728922378,0.21985063735872,0.29871566250426,0.43183882128096
308,158,40,1,2025-11-03 15:35:00,2025-11-03,affektiv,0.92065667496224,0.92065667496224,0.46419317506251,1,1.9151758503756,0.0,0.0,0,0.96528860011588,Homöostatisch (resilient),0.78,0.45,1,0.24663031605827,0.45646349989973,0.48071652235014,0.41913728922378,0.21985063735872,0.29871566250426,0.43183882128096
313,156,43,1,2025-11-03 15:35:00,2025-11-03,motivation,0.68171982019042,0.68171982019042,0.22441196499292998,1,1.4747667501953,0.0,0.0,0,0.98625922463554,Homöostatisch (resilient),-0.76666666666667,0.85,3,0.27988558672906,0.27836694545544,0.45730785519749,0.46225602769922,0.4075905429047,0.27948738701015,0.42085810070651
188,162,16,2,2025-11-03 17:10:00,2025-11-03,methodik,1.0060941551909,1.0060941551909,0.5540068745920399,1,1.9987085737324,0.26949124974413,-0.19667599377582,0,0.76539619256457,Koordinativ,0.76428571428571,0.59285714285714,7,0.21497726024398,0.45208728059886,0.36112320520998,0.40309179211067,0.50337211132724,0.24659600358462,0.37724770860008
244,159,20,2,2025-11-03 17:10:00,2025-11-03,methodik,1.0,1.0,0.59214269035256,1,2.0144266371971,0.11762589508106,-0.03309603279376,0,0.8817851743151,Adaptiv,0.7,0.3,1,0.29785150207158,0.38668440619819,0.40785730964744,0.36845805959944,0.4964191701193,0.29785150207158,0.35285013144272
260,160,21,2,2025-11-03 17:10:00,2025-11-03,methodik,0.88421052631579,0.88421052631579,0.43172603026754003,1,1.7366657245293,0.84254505082872,-0.66749817724322,1,0.52544512136268,Kollapsiv,0.8,0.4,1,0.11516321020215,0.45248449604825,0.44617681703364,0.40824272375875,0.5091426135253,0.15801463725411,0.36340681700556
261,161,21,2,2025-11-03 17:10:00,2025-11-03,methodik,0.88421052631579,0.88421052631579,0.43172603026754003,1,1.7366657245293,0.0,0.0,0,0.94285962434752,Homöostatisch (resilient),0.8,0.4,1,0.11516321020215,0.45248449604825,0.44617681703364,0.40824272375875,0.5091426135253,0.15801463725411,0.36340681700556
289,163,23,2,2025-11-03 17:10:00,2025-11-03,affektiv,0.87337440515084,0.87337440515084,0.46852746819765995,1,1.9536026708084,0.2172807075775,0.1869121989217,0,0.81777195135086,Koordinativ,0.75,0.6,1,0.38901372756455,0.355618290316,0.44705835928366,0.40484693695318,0.32272200436655,0.3642644009685,0.34871719982565
24,164,3,3,2025-11-04 15:35:00,2025-11-04,kognition,1.0,1.0,0.5614797141551799,1,2.276443954145,0.5800212875452,-0.4289039546615,1,0.62575690753525,Perturbativ,0.182,0.51,5,0.43928162507137,0.26592063391049,0.37931844446612,0.40105114595571,0.43852028584482,0.37446168080496,0.31475669013295
40,166,5,4,2025-11-04 17:10:00,2025-11-04,motivation,0.96594590385125,0.96594590385125,0.54244519015044,1,2.2012064488496,0.63624296823781,0.23073039731261,0,0.56024413159213,Perturbativ,0.57083333333333,0.57916666666667,12,0.34225471447591,0.41718891142918,0.42350071370081,0.43882567394679,-0.088007061430321,0.38844250649325,0.42221022176003
79,165,8,4,2025-11-04 17:10:00,2025-11-04,regulation,0.64233783705282,0.64233783705282,0.18968107275087998,1,1.1266471755042,0.71672250274787,-0.65779266413667,1,0.57508522133409,Perturbativ,0.7,0.3,1,0.17751786377397,0.35503572754795,0.45265676430194,0.40968828752575,0.33634963662437,0.17751786377397,0.57013220327406
96,167,9,4,2025-11-04 17:10:00,2025-11-04,regulation,0.9173773826466,0.9173773826466,0.5091544264085499,1,2.2024265852699,0.35421775559369,-0.3178408825411,1,0.73611362037831,Transformativ,0.8,0.4,1,0.36516782178471,0.39654732455688,0.40822295623805,0.36499796318849,0.3250003782857,0.36112388134413,0.41653028907551
97,170,9,7,2025-11-06 15:35:00,2025-11-06,affektiv,0.87989335892665,0.87989335892665,0.43079917017116,1,1.8823736221634,0.47747112368176,-0.32005296310649,1,0.66936835488103,Transformativ,0.55833333333333,0.50833333333333,12,0.27565547004943,0.38666523184337,0.46743821104332,0.44909418875549,0.37689802411194,0.28311395718338,0.36347538349111
118,168,10,7,2025-11-06 15:35:00,2025-11-06,affektiv,1.0459752291547,1.0459752291547,0.64954246065662,1,2.6306456377825,0.2079804784099,-0.10092766877939,0,0.82370706587782,Koordinativ,0.38842105263158,0.51315789473684,19,0.30612431124709,0.38412692841453,0.39761160292147,0.39643276849808,0.38097125984522,0.38110362613059,0.39128174858441
119,171,10,7,2025-11-06 15:35:00,2025-11-06,affektiv,1.044588443817,1.044588443817,0.6469309786098298,1,2.6254156326992,0.14655775900574,-0.0052300050833178,0,0.87033387881343,Adaptiv,0.37555555555556,0.53611111111111,18,0.34647479393011,0.3829844352556,0.39787545652158,0.39765746520717,0.38230463783907,0.38227520937948,0.35291731100164
168,169,15,7,2025-11-06 15:35:00,2025-11-06,sozial,0.72514165459768,0.72514165459768,0.30327591835558,1,1.5691531559271,0.77662733766736,0.4692843942837,1,0.55598719032974,Perturbativ,0.8,0.45,4,0.14915214117774,0.46212293006358,0.36509106550684,0.41898372290083,0.38237185283748,0.36218538842802,0.4218657362421
169,172,15,7,2025-11-06 15:35:00,2025-11-06,methodik,0.89473684210526,0.89473684210526,0.4364713197607701,1,1.5636152116145,1.0513426761714,-0.0055379443126025,1,0.44466705799309,Kollapsiv,0.3,0.44,5,-0.25853887573336,0.42411834407008,0.45826552234449,0.44707049358108,0.57222316263423,-0.023410732657021,0.12415535920587
189,175,16,8,2025-11-06 17:10:00,2025-11-06,affektiv,1.0920432877611,1.0920432877611,0.68338301920513,1,2.6354655523628,0.78222047271799,0.63675697863037,1,0.55808545852282,Perturbativ,0.77333333333333,0.54666666666667,15,0.30680831328615,0.3858448889268,0.4143644702044,0.40866026855597,0.38080413661407,0.33559000396455,0.40082266570314
206,177,17,8,2025-11-06 17:10:00,2025-11-06,motivation,0.84195625110146,0.84195625110146,0.35399076328705,1,1.6584624944275,0.41020340977777,-0.02173960323213,1,0.68561492058167,Transformativ,0.846,0.6,5,0.13648854393907,0.37426941378839,0.48796548781441,0.50767277127026,0.41010637008048,0.1810428263911,0.38011522241881
217,174,18,8,2025-11-06 17:10:00,2025-11-06,performanz,-0.16010862711537,0.16010862711537,-0.3719932707457,1,0.25440855456551,0.94141117560031,-0.74191740560675,1,0.51265145365371,Kollapsiv,-0.85,0.55,1,0.016726320934755,0.33100508797199,-0.22294239464875,0.53210189786107,0.31970497274184,-0.62933664616535,-0.24299018338543
227,176,19,8,2025-11-06 17:10:00,2025-11-06,affektiv,0.95518369350935,0.95518369350935,0.5291714832165499,1,1.9783355152609,0.88380299906255,0.82480045736295,1,0.52758044330944,Kollapsiv,0.75,0.4,1,0.34630444499808,0.34784012422299,0.48282189024977,0.4260122102928,0.34053081744172,0.35971042380199,0.31484007162671
273,178,22,8,2025-11-06 17:10:00,2025-11-06,methodik,1.0034184033064,1.0034184033064,0.56241049765874,1,2.1337717267695,0.61322417247303,0.39818098844438,0,0.60932851963664,Perturbativ,0.794,0.51,5,0.23720298294288,0.44100790564766,0.40511336785157,0.38697611141289,0.47025574022171,0.27680197853465,0.37097118884559
54,181,6,9,2025-11-07 15:35:00,2025-11-07,affektiv,0.78866069519927,0.78866069519927,0.37795106327552996,1,1.769718226998,0.96386421007186,0.77222721711244,1,0.50797982301623,Kollapsiv,0.84166666666667,0.56666666666667,6,0.33903702324339,0.36552310680458,0.4456419574157,0.41070963192374,0.33903702324339,0.33903702324339,0.39277906246178
133,182,11,9,2025-11-07 15:35:00,2025-11-07,affektiv,0.97331496540537,0.97331496540537,0.54128718807219,1,2.23230566952,1.1344098557178,1.0162291149818,1,0.46498756761291,Kollapsiv,0.88,0.65,1,0.3069052737832,0.40081286981493,0.43601330152006,0.43202777733318,0.30178851374301,0.31878604994583,0.41916791773906
298,183,24,9,2025-11-07 15:35:00,2025-11-07,sozial,0.6,0.6,0.14713096668890996,1,1.3248863477379,0.6830008392306,-0.63282196038813,1,0.59167162114122,Perturbativ,0.82333333333333,0.51666666666667,3,0.31154820022111,0.45286903331109,0.4003040075885,0.32963382523438,0.45286903331109,0.27733840024478,0.38332577435489
9,186,2,1,2025-11-10 15:35:00,2025-11-10,motivation,0.83424871833097,0.83424871833097,0.38997429941055,1,1.8449289959874,0.36039428955733,-0.079702997938354,1,0.71782357130188,Transformativ,0.82,0.4875,4,0.20989102734333,0.44427441892042,0.42365328628254,0.45218472889375,0.38227116547378,0.21709825585111,0.42585204423679
309,184,40,1,2025-11-10 15:35:00,2025-11-10,regulation,0.82356749285954,0.82356749285954,0.40549394800827,1,1.7135633970802,0.51803196070775,-0.20161245329536,1,0.6547854758679,Perturbativ,0.89,0.625,2,0.36504743016479,0.29486108215244,0.37371023303586,0.41807354485127,0.33171871742149,0.35259409448189,0.48061687929506
314,185,43,1,2025-11-10 15:35:00,2025-11-10,motivation,0.93196998136512,0.93196998136512,0.47681120270321997,1,2.0123712216789,0.64215617877407,0.53760447148365,0,0.6001996711573,Perturbativ,0.765,0.7,2,0.31671897091648,0.39754096609224,0.4551587786619,0.46312030845107,0.24768269655229,0.29815572456918,0.41201551498531
190,188,16,2,2025-11-10 17:10:00,2025-11-10,sozial,1.0108234437273,1.0108234437273,0.56868366668852,1,2.2691915137835,0.55638000144026,-0.36627403857925,1,0.62504849028228,Perturbativ,0.8,0.56,5,0.22660220599052,0.44545532500976,0.44156896920994,0.43978167329543,0.44213977703878,0.24391434944434,0.32687631565916
245,190,20,2,2025-11-10 17:10:00,2025-11-10,methodik,1.0,1.0,0.59214269035256,1,2.0144266371971,0.0,0.0,0,0.98382863865616,Homöostatisch (resilient),0.7,0.3,1,0.29785150207158,0.38668440619819,0.40785730964744,0.36845805959944,0.4964191701193,0.29785150207158,0.35285013144272
262,187,21,2,2025-11-10 17:10:00,2025-11-10,regulation,0.89447093664478,0.89447093664478,0.45531991127263993,1,2.0134543125053,0.42251605462702,0.27678858797597,1,0.68568894200548,Transformativ,0.82,0.5,1,0.19232323274276,0.39980630914626,0.43749211138727,0.39769069622538,0.43915102537214,0.25179451094842,0.44424694945652
290,189,23,2,2025-11-10 17:10:00,2025-11-10,motivation,0.97419957461828,0.97419957461828,0.55618853653415,1,2.1152803283626,0.37706274192325,0.16167765755416,1,0.7180110681109,Transformativ,0.9,0.6,1,0.28365034727138,0.36824781926459,0.41728239148255,0.46055341275351,0.41801103808413,0.30429601167642,0.36107158879029
25,191,3,3,2025-11-11 15:35:00,2025-11-11,kognition,1.0,1.0,0.58289965118802,1,2.1503413104513,0.25373376115265,-0.12610264369378,0,0.78435074928584,Koordinativ,-0.75,0.45,3,0.46504245380707,0.27413028855996,0.41157748518741,0.41710034881198,0.36298407568827,0.39770029704222,0.27440190844461
41,196,5,4,2025-11-11 17:10:00,2025-11-11,motivation,0.70563549722884,0.70563549722884,0.19307240099286005,1,1.2371569616919,1.6508030648937,-0.96404948715764,0,0.36004928118355,Kollapsiv,0.24464285714286,0.5375,28,-0.24470162158131,0.51256309623598,0.48322582522448,0.57036861005369,0.16425119833725,-0.064643690437171,0.29566091183792
80,194,8,4,2025-11-11 17:10:00,2025-11-11,affektiv,0.59074886939983,0.59074886939983,0.09401025655732997,1,1.1696271019321,0.27444465888192,0.042979926427895,1,0.77565663487077,Koordinativ,0.88,0.65,1,0.25831109660257,0.25199214464713,0.50507453864477,0.4967386128425,0.3239899002606,0.27438679537574,0.4332069097727
98,195,9,4,2025-11-11 17:10:00,2025-11-11,regulation,0.71331527269229,0.71331527269229,0.24821990655477,1,1.2958474625355,0.77176119948683,-0.58652615962799,1,0.55422556086263,Perturbativ,0.77,0.5875,4,0.35061654111982,0.20078382355319,0.46509536613752,0.46162753121129,0.29109521709683,0.13998202253088,0.55046237521363
170,193,15,4,2025-11-11 17:10:00,2025-11-11,affektiv,-0.65443147411786,0.65443147411786,0.11345450456029993,-1,1.0332336762782,2.1259182412566,-0.53038153533625,1,0.31353952084083,Kollapsiv,-0.05,0.4,4,-0.54097696955756,-0.071314178144498,-0.63338186560253,-0.40381119228908,0.11679823581008,-0.29383756162359,-0.19503793801951
10,198,2,5,2025-11-12 15:35:00,2025-11-12,regulation,0.73444699489741,0.73444699489741,0.32732142393405006,1,1.7859332338578,0.41725858780388,-0.058995762129646,1,0.70347599548472,Transformativ,0.8,0.4,1,0.39314328546576,0.37840758634148,0.40712557096336,0.366055032568,0.38311092092437,0.29428949811257,0.41123989439387
55,197,6,5,2025-11-12 15:35:00,2025-11-12,affektiv,0.78115656624997,0.78115656624997,0.35339963077937,1,1.7752662639027,0.046673823357659,0.00554803690476,0,0.9507077870145,Homöostatisch (resilient),0.8,0.60833333333333,6,0.34191732543817,0.34706376218424,0.44002219931373,0.4277569354706,0.33945491551183,0.34240980742344,0.39187962284374
120,199,10,5,2025-11-12 15:35:00,2025-11-12,motivation,1.02999759943,1.02999759943,0.6014887517924499,1,2.3822810825678,0.35138108694705,-0.24313455013141,1,0.73161436643378,Transformativ,0.16235294117647,0.54411764705882,17,0.33870804218607,0.37704235762985,0.42850884763755,0.43235771233487,0.42060143633758,0.33876120602907,0.28442604485746
42,204,5,6,2025-11-12 17:10:00,2025-11-12,sozial,1.0194166110954,1.0194166110954,0.54408620825529,1,2.1393645049304,1.2404125064879,0.90220754323849,1,0.43248193144347,Kollapsiv,0.695,0.54375,16,0.14135283727146,0.47650440505557,0.46782763964207,0.47533040284011,0.31660904274045,0.21820073871422,0.40038529671484
70,205,7,6,2025-11-12 17:10:00,2025-11-12,sozial,1.0252268412086,1.0252268412086,0.5817048866782601,1,2.2638537611423,0.6023747076621,0.24896698079798,1,0.61639638252795,Perturbativ,0.7875,0.575,4,0.27314054671894,0.45286796274263,0.38087864065566,0.38831919409033,0.44352195453034,0.29790731889543,0.37280560479614
147,200,12,6,2025-11-12 17:10:00,2025-11-12,sozial,1.0,1.0,0.60349810425161,1,2.5220560363678,0.25337225246125,-0.21622244666491,1,0.79584662253893,Koordinativ,,,0,0.35600808511877,0.39650189574839,0.39650189574839,0.39650189574839,0.35059114992489,0.3485528292858,0.39650189574839
154,203,13,6,2025-11-12 17:10:00,2025-11-12,methodik,1.0,1.0,0.58525595952076,1,2.3558348034663,0.47053761473903,0.039226687245149,1,0.67740514681916,Transformativ,0.82333333333333,0.51666666666667,3,0.34500125217011,0.36774371696209,0.36623832187523,0.38747771376877,0.42447798041872,0.33056774152379,0.41474404047924
274,201,22,6,2025-11-12 17:10:00,2025-11-12,methodik,1.0051697353802,1.0051697353802,0.5540642051696101,1,1.7267519810859,0.54802651491531,-0.40701974568356,0,0.62121166887867,Perturbativ,0.81666666666667,0.61666666666667,3,0.13539058500539,0.45110553021059,0.36638383439412,0.39337574664788,0.58211587176865,0.1693988030868,0.34876461136236
99,207,9,7,2025-11-13 15:35:00,2025-11-13,sozial,0.71437940208093,0.71437940208093,0.30204763273029,1,1.685271546535,0.72658362163158,0.38942408399956,1,0.57777426961442,Perturbativ,0.28888888888889,0.52407407407407,27,0.30879502352455,0.4238957235858,0.39622681443428,0.34564556996341,0.35186377711997,0.41233176935064,0.39327584925642
121,208,10,7,2025-11-13 15:35:00,2025-11-13,affektiv,1.034653968314,1.034653968314,0.6497558999395199,1,2.6874776227794,0.4563450678924,0.30519654021156,1,0.686565097929,Transformativ,0.29681818181818,0.50681818181818,22,0.37429230643005,0.37621886087418,0.38499072854007,0.38489806837448,0.37262233598637,0.37256869978289,0.37992816675201
171,206,15,7,2025-11-13 15:35:00,2025-11-13,sozial,0.57894736842105,0.57894736842105,0.04936585677610994,1,0.95975312867776,1.6651581668504,-0.073480547600483,1,0.36422739232251,Kollapsiv,-0.85,0.55,1,0.37686996423863,0.60322529879682,0.084445607521481,0.095675657551792,0.29385984660643,0.52958151164494,-0.33315640150093
191,211,16,8,2025-11-13 17:10:00,2025-11-13,methodik,1.0055195382034,1.0055195382034,0.5552229867524698,1,2.0414788990063,0.30584020510983,-0.2277126147772,1,0.73926123934244,Transformativ,0.75,0.62,5,0.20786956050958,0.39440275718314,0.42512563784481,0.45029655145093,0.49254466367509,0.2036606013658,0.36559544785892
218,209,18,8,2025-11-13 17:10:00,2025-11-13,methodik,0.59662091408635,0.59662091408635,0.13680603730253998,1,1.0642580881478,1.0660273493262,0.80984953358227,1,0.475620403342,Kollapsiv,-0.85,0.55,1,0.45981487678381,0.38573943667951,0.34888058309997,0.216113497937,0.56059796037266,0.39457443805881,-0.037330933568151
228,212,19,8,2025-11-13 17:10:00,2025-11-13,regulation,0.82549803765966,0.82549803765966,0.40779840451288,1,1.7568811153011,0.39863067362426,-0.22145439995978,1,0.71154869077951,Transformativ,0.7,0.3,1,0.34151428598835,0.34151428598835,0.41769963314678,0.37178660936256,0.34151428598835,0.34151428598835,0.46986562152687
275,210,22,8,2025-11-13 17:10:00,2025-11-13,methodik,1.0057511240089,1.0057511240089,0.5827311396142201,1,1.8075085803057,0.21063609913209,0.080756599219813,0,0.78975957199438,Koordinativ,0.76666666666667,0.55,3,0.18528863555032,0.38436157332288,0.42301998439468,0.40353837443695,0.55642951541752,0.15182146712295,0.37878966595531
32,213,4,9,2025-11-14 15:35:00,2025-11-14,motivation,0.41441887760253,0.41441887760253,-0.11162379814886997,1,0.64614392777661,1.1018520138336,-1.033447154659,1,0.47230807753431,Kollapsiv,0.85,0.5,1,0.17781427930278,0.3095285602678,0.3615897292104,0.64137239266054,0.0325819537124,0.22953429068949,0.5260426757514
56,214,6,9,2025-11-14 15:35:00,2025-11-14,affektiv,0.79189433207077,0.79189433207077,0.36864437867458,1,1.788605460302,0.030107760185104,0.013339196399266,0,0.96561894415502,Homöostatisch (resilient),0.85,0.57142857142857,7,0.33545687575125,0.35804040621636,0.44274399760264,0.42324995339619,0.33545687575125,0.33926844207448,0.39557374681589
246,215,20,9,2025-11-14 15:35:00,2025-11-14,methodik,1.0,1.0,0.59214269035256,1,2.0144266371971,0.0,0.0,0,0.98382863865616,Homöostatisch (resilient),0.7,0.3,1,0.29785150207158,0.38668440619819,0.40785730964744,0.36845805959944,0.4964191701193,0.29785150207158,0.35285013144272
299,216,24,9,2025-11-14 15:35:00,2025-11-14,sozial,1.026194376816,1.026194376816,0.6310588906077801,1,2.3763863815527,1.0944271143299,1.0515000338148,0,0.47618303050427,Kollapsiv,0.675,0.375,2,0.34015356798684,0.43182976655237,0.39513548620822,0.36787380911509,0.33177238493949,0.3861685355387,0.38360964132975
11,217,2,1,2025-11-17 15:35:00,2025-11-17,motivation,0.80892157909798,0.80892157909798,0.38264928728542,1,1.8298789925213,0.3307659843286,0.043945758663509,1,0.74414811049416,Transformativ,0.31666666666667,0.66666666666667,3,0.4018255330502,0.37391025785763,0.42627229181256,0.44206288063964,0.39819433504998,0.31686579910555,0.25027392722686
315,218,43,1,2025-11-17 17:10:00,2025-11-17,affektiv,1.1133386516007,1.1133386516007,0.66750036907955,1,2.2055803639079,0.36270445116784,0.19320914222901,1,0.71708240790396,Transformativ,0.86,0.45,2,0.26431987366218,0.38009623498124,0.50478262742748,0.44583828252115,0.35794373978455,0.26781961057368,0.36363926611508
247,221,20,2,2025-11-17 17:10:00,2025-11-17,affektiv,0.86228901646232,0.86228901646232,0.44505068039984,1,1.8914826593052,0.27446384271752,-0.12294397789189,1,0.77896207078306,Koordinativ,0.76666666666667,0.48333333333333,3,0.31721147256153,0.33256848508643,0.45587994780941,0.41723833606248,0.41181840297462,0.31721147256153,0.36965282644284
263,220,21,2,2025-11-17 17:10:00,2025-11-17,sozial,1.0,1.0,0.56848094982526,1,2.3173947921037,0.48467517181573,0.30394047959846,1,0.66860634332954,Transformativ,-0.8,0.3,1,0.30665396331567,0.43151905017474,0.40399045502796,0.36756381702684,0.43151905017474,0.33116578269224,0.35434974477927
291,222,23,2,2025-11-17 17:10:00,2025-11-17,motivation,0.94577376596123,0.94577376596123,0.49978866144547995,1,1.9962217411367,0.22558304278277,-0.11905858722587,0,0.80633224570568,Koordinativ,0.845,0.65,4,0.31041778742917,0.3480258868244,0.44598510451575,0.47378191810941,0.34091385250977,0.30647779699684,0.38599982394211
33,224,4,9,2025-11-21 15:35:00,2025-11-21,regulation,0.55039212671398,0.55039212671398,0.08494463621583997,1,1.0304213007988,0.51546959298231,0.38427737302217,1,0.65442810740948,Perturbativ,0.92,0.5,1,0.19409536628452,0.40862182375687,0.46544749049814,0.35855119914126,0.30646636781766,0.26631689792527,0.53414280717332
300,223,24,9,2025-11-21 15:35:00,2025-11-21,affektiv,0.96505214486951,0.96505214486951,0.55471172481045,1,2.2061271891131,0.26475857667803,-0.17025919243962,1,0.78626077504005,Koordinativ,0.76666666666667,0.73333333333333,3,0.33170476135246,0.41034042005906,0.43744175276677,0.40375324259033,0.35968288198741,0.35630153834766,0.33301375386873
12,228,2,1,2025-11-24 15:35:00,2025-11-24,affektiv,1.0078333370862,1.0078333370862,0.6000014788086101,1,2.2238987106321,0.57584979045915,0.39401971811081,1,0.62807772391703,Perturbativ,0.92,0.5,1,0.39991106495807,0.31712917238805,0.45318311117981,0.40260495753663,0.26979646009133,0.40783185827759,0.36457864535598
316,226,43,1,2025-11-24 15:35:00,2025-11-24,methodik,0.88421052631579,0.88421052631579,0.47590542358237,1,2.0274099588302,0.3446960750352,-0.17817040507772,1,0.73760438523905,Transformativ,0.7,0.3,1,0.29594409216094,0.39459212288125,0.40691858510282,0.40830510273342,0.43612813581612,0.29594409216094,0.38291996752976
317,227,43,1,2025-11-24 15:35:00,2025-11-24,methodik,0.88421052631579,0.88421052631579,0.47590542358237,1,2.0274099588302,0.0,0.0,0,0.98907640497121,Homöostatisch (resilient),0.7,0.3,1,0.29594409216094,0.39459212288125,0.40691858510282,0.40830510273342,0.43612813581612,0.29594409216094,0.38291996752976
192,230,16,2,2025-11-24 17:10:00,2025-11-24,motivation,1.0414759199653,1.0414759199653,0.5792279986736101,1,2.1734912719417,0.23212473778348,0.13201237293537,1,0.76352228190504,Koordinativ,0.732,0.6,5,0.14235272326959,0.41165881512572,0.46019595634739,0.47917188945311,0.46224792129169,0.18617027117466,0.34720914835089
248,231,20,2,2025-11-24 17:10:00,2025-11-24,kognition,1.032996177122,1.032996177122,0.62607695806106,1,2.3107244072838,0.58936881284735,0.41924174797867,1,0.62563100987609,Perturbativ,0.575,0.6,2,0.44704430066119,0.3371009392676,0.35637946223123,0.36191504679295,0.40691921906094,0.40055897277524,0.32014806795987
264,229,21,2,2025-11-24 17:10:00,2025-11-24,affektiv,1.0166146340167,1.0166146340167,0.57827986173799,1,2.2845043125697,0.35539784682888,-0.032890479533981,1,0.71870626909665,Transformativ,0.85,0.575,2,0.21793451536433,0.37081938860124,0.4450044712011,0.43833477227871,0.43773171889416,0.27272565296425,0.39855091981633
292,232,23,2,2025-11-24 17:10:00,2025-11-24,affektiv,0.82705277189441,0.82705277189441,0.44975424032255995,1,1.9171645869168,0.26706781438365,-0.079057154219846,1,0.78801931020547,Koordinativ,0.7,0.3,1,0.35735397330865,0.3623772557056,0.43139372441313,0.37729853157185,0.36786782018599,0.37118769638343,0.37338866453129
26,233,3,3,2025-11-25 15:35:00,2025-11-25,kognition,1.0,1.0,0.6012127782543,1,2.4188700508947,0.37443120374476,0.26852874044344,0,0.72429970619335,Transformativ,0.826,0.52,5,0.41341617306672,0.30577551107575,0.39577842532125,0.3987872217457,0.36989868116496,0.38495056439989,0.36729364588788
43,237,5,4,2025-11-25 17:10:00,2025-11-25,regulation,1.0605110209076,1.0605110209076,0.64688557136961,1,2.2287427545003,0.62366098053018,0.089378249569903,1,0.60297984548292,Perturbativ,0.80846153846154,0.58846153846154,13,0.31500282011721,0.41066385668342,0.41099616221521,0.41362544953799,0.19873624308473,0.35526146761254,0.47583374900059
81,236,8,4,2025-11-25 17:10:00,2025-11-25,methodik,0.45263157894737,0.45263157894737,0.018984828185300007,1,0.69671376208833,0.68923525402922,-0.47291333984374,1,0.58798135969073,Perturbativ,-0.7,0.1,1,0.43364675076207,0.28706193360306,0.27883587201111,0.36665920474301,0.64966648131219,0.28706193360306,0.11351842296071
100,239,9,4,2025-11-25 17:10:00,2025-11-25,regulation,0.70922405556401,0.70922405556401,0.33488353137957,1,0.98046273141719,1.0497091013919,-0.70480881511784,1,0.47808448339187,Kollapsiv,0.24166666666667,0.49166666666667,6,0.33459699642215,0.30028251699695,0.17478336767029,0.37434052418444,0.32150549937757,-0.024183539863426,0.72335646436608
172,235,15,4,2025-11-25 17:10:00,2025-11-25,methodik,0.70526315789474,0.70526315789474,0.21069250282506002,1,1.2131734735068,1.1871025078587,0.25342034482905,1,0.44460911386344,Kollapsiv,,,0,0.066644272668964,0.026030034477352,0.49457065506968,0.49457065506968,0.58133743666086,0.35655093737582,0.20149174836172
276,238,22,4,2025-11-25 17:10:00,2025-11-25,methodik,1.0041357343486,1.0041357343486,0.5852146342206199,1,2.0533286273624,0.50452927793955,0.2458200470567,0,0.65816842917464,Perturbativ,0.7825,0.525,4,0.30123216341798,0.35314809170904,0.41892110012798,0.38611267187842,0.48902826390214,0.32845137175583,0.33606365178311
323,234,45,4,2025-11-25 17:10:00,2025-11-25,regulation,0.82117609365864,0.82117609365864,0.42065765196113,1,1.683864047289,0.0,0.0,0,0.98649943661454,Homöostatisch (resilient),0.71666666666667,0.49166666666667,6,0.3697808637724,0.39136161206839,0.39164873061504,0.31020028778598,0.2494888002737,0.40051844169751,0.48767363047691
13,241,2,5,2025-11-26 15:35:00,2025-11-26,kognition,0.88936170212766,0.88936170212766,0.4816934740779,1,2.1340024035263,0.22668114377238,-0.089896307105816,1,0.80895678947161,Koordinativ,0.82,0.5,1,0.41675759138851,0.36547888128292,0.40766822804976,0.40016639438234,0.2762291565184,0.35526648577138,0.40483940796521
57,242,6,5,2025-11-26 15:35:00,2025-11-26,kognition,0.6,0.6,0.18064831799421,1,1.294928955539,0.60624027438278,-0.49367650476306,1,0.62052482751902,Perturbativ,0.21,0.35,2,0.46334588239007,0.38205713109357,0.29460348922111,0.32593600382837,0.32515500518602,0.40587662565952,0.41935168200579
122,240,10,5,2025-11-26 15:35:00,2025-11-26,sozial,1.0118418071761,1.0118418071761,0.58784213905304,1,2.3633650975108,0.43908986817637,-0.32411252526852,1,0.68936582140056,Transformativ,0.23571428571429,0.50714285714286,14,0.30516845330808,0.42813605388928,0.38828849777531,0.40737013290877,0.42399966812306,0.32695858928644,0.34666368897256
134,243,11,5,2025-11-26 15:35:00,2025-11-26,affektiv,0.79052768919131,0.79052768919131,0.31819056012485,1,1.5936119861987,0.68931485394725,-0.63869368332134,0,0.58703332362266,Perturbativ,-0.45,0.8,1,0.31775801311181,0.36989787284842,0.49606033058332,0.47233712906646,0.31705531958436,0.31229334530765,0.30818173735165
44,247,5,6,2025-11-26 17:10:00,2025-11-26,regulation,1.0643236200481,1.0643236200481,0.6107168812520701,1,2.2510966060628,0.37758108689622,0.022353851562434,0,0.69849608482171,Transformativ,0.80071428571429,0.56785714285714,14,0.20943708499758,0.45360673879603,0.43306679810371,0.44551589048213,0.26932508273375,0.26128102050611,0.47280228521017
71,245,7,6,2025-11-26 17:10:00,2025-11-26,methodik,0.77894736842105,0.77894736842105,0.38923238047699993,1,1.3212055798723,1.047535095565,-0.94264818127001,1,0.4844406006075,Kollapsiv,-0.6,0.15,2,0.38971498794405,0.3107209973473,0.30103379069508,0.36513657955487,0.58957317445386,0.31331497108783,0.28612204468171
148,248,12,6,2025-11-26 17:10:00,2025-11-26,regulation,1.0900625549252,1.0900625549252,0.69408276464644,1,2.5253814062078,0.14903541634887,0.0033253698399709,1,0.86593699233914,Adaptiv,0.6,0.35,1,0.32803022508672,0.39597979027876,0.36586661040876,0.38785459601049,0.36058499670492,0.3673821111526,0.43164274188999
161,244,14,6,2025-11-26 17:10:00,2025-11-26,affektiv,1.0078211287039,1.0078211287039,0.5928110318665301,1,2.3411748717619,0.22951002385705,-0.19750489145131,1,0.80648269102998,Koordinativ,0.826,0.63,5,0.29835650031684,0.39152187070971,0.43047665530214,0.40137021666873,0.35252057761283,0.33879445525882,0.41501009683737
277,246,22,6,2025-11-26 17:10:00,2025-11-26,methodik,0.6103453916012,0.6103453916012,0.09525902487463,1,1.1444171730687,0.9903847842567,-0.90891145429373,0,0.49728535620483,Kollapsiv,0.7125,0.6125,4,0.20891657024554,0.51508636672657,0.32307034239847,0.39351305183932,0.53332421553171,0.18738399182457,0.3350603712343
34,251,4,7,2025-11-27 15:35:00,2025-11-27,motivation,0.84540309837675,0.84540309837675,0.38881013690703997,1,1.6051080781556,0.64323013868613,0.57468677735687,1,0.59934250433961,Perturbativ,0.85,0.5,1,0.25715773461432,0.30166848737719,0.43775363908293,0.5266954352516,0.30822649797235,0.2652338316361,0.45659296146971
101,250,9,7,2025-11-27 15:35:00,2025-11-27,regulation,0.98377646835175,0.98377646835175,0.55606028770761,1,2.08459435919,1.3226993573038,1.1041316277728,0,0.42774259793394,Kollapsiv,0.62222222222222,0.50555555555556,9,0.33729581211528,0.33792270142103,0.40451854931084,0.42771618064414,0.28653557193893,0.34734078212257,0.47192705071986
123,249,10,7,2025-11-27 15:35:00,2025-11-27,methodik,1.0016426424217,1.0016426424217,0.60673243874518,1,2.321279809026,0.15068983789682,-0.042085288484852,1,0.86534714432815,Koordinativ,0.323,0.535,20,0.34679916094282,0.39067461450078,0.38206782866969,0.39491020367652,0.43150448218065,0.34749102582378,0.34384249424726
193,252,16,8,2025-11-27 17:10:00,2025-11-27,affektiv,1.0913680348402,1.0913680348402,0.68388291840078,1,2.6346619660056,0.76710767484673,0.46117069406397,1,0.56268148620036,Perturbativ,0.76714285714286,0.54285714285714,7,0.30370253102599,0.39059421073572,0.41423455779436,0.40748511643942,0.38001672801529,0.33533487313642,0.40087947655803
219,253,18,8,2025-11-27 17:10:00,2025-11-27,kognition,1.0,1.0,0.57269167970833,1,2.1677925400893,1.2799181407668,1.1035344519415,1,0.43621171574516,Kollapsiv,0.85,0.5,1,0.46129875486033,0.3253370165857,0.3263943974566,0.3301457506079,0.42730832029167,0.40408414413009,0.34634284750443
229,254,19,8,2025-11-27 17:10:00,2025-11-27,regulation,0.90129760715681,0.90129760715681,0.49897534498661994,1,2.1849891236386,0.49488742476546,0.42810800833746,0,0.66490456923855,Transformativ,0.8,0.4,1,0.36418702128903,0.39956257090235,0.39308405106973,0.38181318827774,0.27460090910029,0.40232226217019,0.41249523715862
35,255,4,9,2025-11-28 15:35:00,2025-11-28,motivation,0.87847805748671,0.87847805748671,0.45682223840802005,1,1.8720602039693,0.34394754510118,0.2669521258137,0,0.73780770498821,Transformativ,0.85,0.5,1,0.32050251290387,0.32050251290387,0.41868072183825,0.46925737492566,0.32050251290387,0.34430329082735,0.42165581907869
135,257,11,9,2025-11-28 15:35:00,2025-11-28,regulation,0.75958916085972,0.75958916085972,0.31756371179954995,1,1.6193399605477,0.45449369102329,0.025727974349052,1,0.68248524472167,Transformativ,0.81,0.56666666666667,3,0.38628819750471,0.44202544906017,0.34956817497224,0.34154834413817,0.26001497003539,0.35903229874073,0.46907331313786
249,259,20,9,2025-11-28 15:35:00,2025-11-28,affektiv,1.0720347411351,1.0720347411351,0.67282718214889,1,2.5870559043903,0.40577093615055,0.27633149710648,1,0.7082061588099,Transformativ,0.725,0.35,2,0.38653977206926,0.31308197020373,0.41438406448869,0.39920755898621,0.38653977206926,0.35777402158969,0.37956634439741
301,258,24,9,2025-11-28 15:35:00,2025-11-28,regulation,0.76858749317916,0.76858749317916,0.33043556406499996,1,1.5327964209593,0.77626313680101,-0.67333076815381,1,0.55930521226643,Perturbativ,0.72333333333333,0.41666666666667,3,0.34999038605107,0.3209347589057,0.43815192911416,0.38066279223961,0.32912058813701,0.27906207210156,0.50142829286925
310,256,42,9,2025-11-28 15:35:00,2025-11-28,sozial,0.72596467950034,0.72596467950034,0.23519155759574006,1,1.4370451964993,0.0,0.0,0,0.97269217863899,Homöostatisch (resilient),0.825,0.575,2,0.21024228054916,0.50517873812435,0.37953342451184,0.31804124689938,0.4907731219046,0.19096031574282,0.42198657585431
45,260,5,4,2025-12-02 17:10:00,2025-12-02,affektiv,1.1075529781475,1.1075529781475,0.64308731875991,1,2.34212999447,0.55419121815466,0.091033388407227,1,0.60892473218927,Perturbativ,0.776,0.52666666666667,15,0.095830460175177,0.34865358697156,0.47288279484473,0.46446565938759,0.25907093557407,0.42917983074959,0.42260813426692
82,262,8,4,2025-12-02 17:10:00,2025-12-02,affektiv,0.7746200979124,0.7746200979124,0.34772201625761007,1,1.7263930047352,1.121100788186,1.0296792426469,1,0.4682810770441,Kollapsiv,0.7975,0.475,4,0.42689808165479,0.23676099526393,0.44869279204623,0.41850260066003,0.39428781825884,0.30982732156196,0.36575505004796
102,261,9,4,2025-12-02 17:10:00,2025-12-02,sozial,0.69187284529747,0.69187284529747,0.28320769050614,1,1.5263137201071,0.70874849685372,-0.55828063908291,1,0.58368077646837,Perturbativ,0.16818181818182,0.51363636363636,11,0.40866515479133,0.45329661637033,0.31377052739763,0.35648373221188,0.40096511238712,0.34554137761917,0.34901362056885
324,263,45,4,2025-12-02 17:10:00,2025-12-02,methodik,0.89783508130054,0.89783508130054,0.45178292259395003,1,1.83131551574,0.78779360054989,0.14745146845103,1,0.54151220316556,Perturbativ,0.75,0.57,5,0.14731901149922,0.39869814077478,0.42395989350336,0.44605215870659,0.49026782828707,0.14984780183573,0.42168172066975
14,265,2,5,2025-12-03 15:35:00,2025-12-03,motivation,0.81493559657833,0.81493559657833,0.34511507404595004,1,1.6626522851533,0.79224439922094,-0.47135011837297,1,0.5478313773053,Perturbativ,-0.6,0.6,2,0.23290139843316,0.36720023836252,0.44855468777866,0.49014192766893,0.46982052253238,0.18564869090663,0.33805878976345
58,266,6,5,2025-12-03 15:35:00,2025-12-03,affektiv,0.795661104541,0.795661104541,0.35592338498553006,1,1.7977528017548,0.62304150999525,0.50282384621589,1,0.61361723850199,Perturbativ,0.8575,0.6375,4,0.33375000115732,0.34681027109514,0.44258649093565,0.43973771955547,0.33375000115732,0.34028013612623,0.38974590851571
124,267,10,5,2025-12-03 15:35:00,2025-12-03,affektiv,1.0705676736671,1.0705676736671,0.6444350396313199,1,2.5093252827523,0.27572153772649,0.18804547372633,1,0.77507726279316,Koordinativ,0.595,0.475,8,0.32182765892643,0.40082022001299,0.42663566999421,0.42613263403578,0.39989753177401,0.35282339065777,0.29624434301059
136,264,11,5,2025-12-03 15:35:00,2025-12-03,affektiv,0.90364869021637,0.90364869021637,0.47026747175345995,1,2.0645491856922,0.56302414217988,0.44520922514446,1,0.63692302418986,Perturbativ,0.8325,0.575,4,0.3400876395197,0.43338121846291,0.4376978257729,0.38516892830533,0.34160637220017,0.3536835295456,0.33882100487277
162,268,14,6,2025-12-03 17:10:00,2025-12-03,affektiv,1.1057165414452,1.1057165414452,0.6843926768736299,1,2.4195865874956,0.16585954914766,0.078411715733677,0,0.84551512710838,Koordinativ,0.81,0.58125,8,0.28914459551581,0.34675230783319,0.45698572917478,0.42132386457157,0.37165653634736,0.32805575450226,0.40504237367352
278,269,22,6,2025-12-03 17:10:00,2025-12-03,methodik,0.88421052631579,0.88421052631579,0.43220212343697,1,1.8670660651461,0.7866316840911,0.7226488920774,0,0.55321009932991,Perturbativ,0.725,0.35,2,0.26210197432262,0.39298196763894,0.45200840287882,0.40629378450247,0.47358288083557,0.27153658532958,0.33086043780458
83,272,8,7,2025-12-04 15:35:00,2025-12-04,affektiv,0.84670571669375,0.84670571669375,0.41614578040940003,1,1.9069415474043,0.54725693900119,0.18054854266915,0,0.63943319476357,Perturbativ,-0.33333333333333,0.43333333333333,3,0.2538999273042,0.43055993628435,0.44401241212781,0.40882907815741,0.29850961728398,0.34885273729692,0.41839993538691
103,271,9,7,2025-12-04 15:35:00,2025-12-04,affektiv,1.056445040197,1.056445040197,0.59033412340875,1,2.2591091038434,0.92583013672406,0.73279538373629,1,0.50961898205412,Kollapsiv,0.424,0.51,5,0.35154853227753,0.35179333912979,0.46763790112309,0.46611091678825,0.1954268526464,0.36907621631102,0.37722880803883
125,270,10,7,2025-12-04 15:35:00,2025-12-04,methodik,1.0032725790156,1.0032725790156,0.6203247469554101,1,2.3777760617918,0.3132471199554,-0.13154922096046,1,0.75999238085588,Transformativ,0.22272727272727,0.50454545454545,11,0.38294783206019,0.3767492449482,0.36670687208883,0.37738552747148,0.42193737026591,0.36966072651177,0.34617481129627
194,274,16,8,2025-12-04 17:10:00,2025-12-04,affektiv,1.0863525845797,1.0863525845797,0.68515543004584,1,2.6769711032568,0.2340693957618,0.042309137251128,0,0.80793380633153,Koordinativ,0.75333333333333,0.56666666666667,6,0.37490176411301,0.34494905482777,0.40581408699265,0.40119715453386,0.37406098424344,0.34747886204419,0.39262119986423
207,276,17,8,2025-12-04 17:10:00,2025-12-04,motivation,0.57317278364513,0.57317278364513,0.06055340208067006,1,0.9361199222121,0.81003962451319,-0.72234257221536,0,0.54646542572804,Kollapsiv,0.79,0.57,5,0.2279251603892,0.21364784045375,0.51261938156446,0.61228563716325,0.21900183542955,0.24487947781254,0.39598563734982
220,273,18,8,2025-12-04 17:10:00,2025-12-04,kognition,0.90511457299348,0.90511457299348,0.48240241564631997,1,2.1166574609486,0.3493278368622,-0.051135079140669,0,0.73702455423864,Transformativ,0.81666666666667,0.61666666666667,3,0.42761504365482,0.42271215734716,0.38772978407571,0.34406042440973,0.32202353278138,0.39793376993562,0.3281728256598
230,275,19,8,2025-12-04 17:10:00,2025-12-04,affektiv,0.96399102143673,0.96399102143673,0.56252964049021,1,2.1375265528858,0.24532220490096,-0.047462570752789,1,0.79759240168496,Koordinativ,0.8,0.475,2,0.36829205285056,0.32379821863894,0.45098434902916,0.40146138094652,0.31516998434551,0.38949604533397,0.37936560815896
279,277,22,8,2025-12-04 17:10:00,2025-12-04,methodik,0.89982450009052,0.89982450009052,0.45452752354822995,1,1.9556278576781,0.18977030851579,0.088561792531967,0,0.82401335656057,Koordinativ,0.795,0.575,4,0.26532687979986,0.35525002316897,0.44529697654229,0.41280826979466,0.46012051633319,0.24496980103653,0.40370522534674
59,280,6,9,2025-12-05 15:35:00,2025-12-05,motivation,0.78134510204557,0.78134510204557,0.35080553876566994,1,1.8143027154262,0.045535729238699,0.016549913671342,1,0.95123601724422,Homöostatisch (resilient),0.8,0.50714285714286,7,0.33504948201421,0.35358353950414,0.4305395632799,0.43065861885753,0.33263619327854,0.34078774634124,0.40633266840199
137,279,11,9,2025-12-05 15:35:00,2025-12-05,affektiv,0.87443288658378,0.87443288658378,0.46704158504544,1,2.139360458444,0.20003494852867,0.074811272751836,0,0.8301912965187,Koordinativ,0.82,0.61,5,0.3266719062412,0.38761826449583,0.40873564934963,0.40739130153834,0.33691276487981,0.36742125814188,0.40186620917319
250,278,20,9,2025-12-05 15:35:00,2025-12-05,methodik,1.0,1.0,0.5594013356398699,1,2.2471220536621,0.44386686806401,-0.33993385072818,1,0.68624157862823,Transformativ,0.77666666666667,0.45,3,0.31624374670614,0.35648260637959,0.44059866436013,0.40021001743583,0.44501365554456,0.30840481244716,0.35420914736132
302,282,24,9,2025-12-05 15:35:00,2025-12-05,methodik,0.59780994309585,0.59780994309585,0.15576044944872003,1,1.1191887984791,0.61575510039428,-0.41360762248025,1,0.61164744337734,Perturbativ,-0.11666666666667,0.56666666666667,3,0.17870085913395,0.44204949364713,0.41781377332273,0.40207384109635,0.53414575215022,0.18137800370523,0.34382678587295
311,281,42,9,2025-12-05 15:35:00,2025-12-05,methodik,1.0,1.0,0.53447456944721,1,1.904500910205,0.60003567424282,0.4674557137057,1,0.60295504408514,Perturbativ,0.88,0.65,1,0.14970136338677,0.35925975266816,0.46552543055279,0.4345858358716,0.52507194620731,0.20270219318701,0.35518224591675
15,283,2,1,2025-12-08 15:35:00,2025-12-08,performanz,0.92558139534884,0.92558139534884,0.5187158923016599,1,1.9557929450507,0.7809672375429,0.29314065989745,1,0.55757515913021,Perturbativ,0.76,0.4,2,0.40686550304718,0.27250895612572,0.37927883754492,0.3336010810477,0.37674852378982,0.47325121875392,0.37302955127353
318,284,43,1,2025-12-08 15:35:00,2025-12-08,motivation,0.99009559350225,0.99009559350225,0.5607234885739399,1,2.2917561040181,0.30297549193134,0.26434614518792,1,0.76090331947085,Transformativ,0.7,0.35,3,0.31688039614832,0.35998890288861,0.42937210492831,0.43202485261599,0.39283325363533,0.30650234131037,0.38823610767463
319,285,43,1,2025-12-08 15:35:00,2025-12-08,motivation,0.99009559350225,0.99009559350225,0.5607234885739399,1,2.2917561040181,0.0,0.0,0,0.98887327735455,Homöostatisch (resilient),0.7,0.35,3,0.31688039614832,0.35998890288861,0.42937210492831,0.43202485261599,0.39283325363533,0.30650234131037,0.38823610767463
195,289,16,2,2025-12-08 17:10:00,2025-12-08,affektiv,1.0929251046386,1.0929251046386,0.69385202930291,1,2.7117229805498,0.15321272107875,0.034751877293064,0,0.86568746256992,Koordinativ,0.83,0.58,5,0.37167189855174,0.37582271240778,0.403037150946,0.39907307533569,0.36985773165661,0.37051083173886,0.35333554212012
251,287,20,2,2025-12-08 17:10:00,2025-12-08,methodik,0.93556357122455,0.93556357122455,0.53341025784601,1,1.9369413159247,0.36941945808756,-0.31018073773744,0,0.72466471248094,Transformativ,0.725,0.45,2,0.32881615352814,0.40215331337854,0.38428169188148,0.35167544809849,0.48301079802973,0.30976674138617,0.35993019336001
265,286,21,2,2025-12-08 17:10:00,2025-12-08,sozial,1.0264738116271,1.0264738116271,0.61459136813024,1,2.4466922406863,0.33844581448952,0.16218792811655,1,0.73949446787443,Transformativ,0.86,0.55,2,0.28001330584452,0.4195353196198,0.41188244349686,0.39659887645539,0.37859922620888,0.3285147620424,0.40912776035335
293,288,23,2,2025-12-08 17:10:00,2025-12-08,affektiv,0.77198277679861,0.77198277679861,0.36836799058271,1,1.8884694938295,0.13731337622516,-0.02869509308729,0,0.8770422630464,Adaptiv,0.75,0.6,1,0.36007570737595,0.37903152560525,0.40878752816089,0.38125475989114,0.38777413643014,0.31771760234557,0.4036147862159
84,290,8,4,2025-12-09 17:10:00,2025-12-09,affektiv,0.69814246456811,0.69814246456811,0.26411078476786004,1,1.4963549315561,0.47598960347647,-0.41058661584818,0,0.67287541727366,Transformativ,0.575,0.5,2,0.28315213369078,0.36723948713844,0.46656207653589,0.43403167980025,0.38600986064474,0.27042458576285,0.39593343822463
104,291,9,4,2025-12-09 17:10:00,2025-12-09,motivation,0.78987541009404,0.78987541009404,0.33181975840885003,1,1.6934134147283,0.65448101260415,-0.56569568911508,1,0.59857876712962,Perturbativ,0.54285714285714,0.46428571428571,7,0.25784040862665,0.31412764231088,0.45805565168519,0.46643979713265,0.31770111928892,0.34973369699383,0.42920091150195
325,292,45,4,2025-12-09 17:10:00,2025-12-09,sozial,1.0102514522452,1.0102514522452,0.5786125944959,1,2.0633996691441,0.64176299806243,0.23208415340409,1,0.60309073871148,Perturbativ,0.828,0.51,5,0.29078225061367,0.48960531828265,0.37046187132888,0.35515812756017,0.34179668054589,0.33047835940688,0.4316388577493
326,293,47,4,2025-12-09 17:10:00,2025-12-09,affektiv,0.84077035801388,0.84077035801388,0.38656125169618,1,1.7633489036066,0.0,0.0,0,0.97221306114246,Homöostatisch (resilient),0.62777777777778,0.50555555555556,9,0.2285251144774,0.40475001410755,0.47680317594406,0.4542091063177,0.44809152402315,0.27478475417159,0.27205484946979
16,294,2,5,2025-12-10 15:35:00,2025-12-10,kognition,0.70212765957447,0.70212765957447,0.26549881776095996,1,1.3102501897104,0.70472833624069,-0.64554275534034,1,0.58204017614107,Perturbativ,0.16,0.35,2,0.53587296880589,0.27881600295631,0.36760982267077,0.32468685935652,0.36955577625465,0.43662884181351,0.25947454719641
60,297,6,5,2025-12-10 15:35:00,2025-12-10,motivation,0.78635425038192,0.78635425038192,0.35647021099229,1,1.8178536489136,0.020304677252037,0.0035509334874011,0,0.97433054654792,Homöostatisch (resilient),0.81,0.4875,4,0.33762203284598,0.34384005514491,0.42988403938963,0.43257291389728,0.33342066642778,0.34126321707508,0.41016562633355
126,295,10,5,2025-12-10 15:35:00,2025-12-10,motivation,1.0058952927034,1.0058952927034,0.5922152100973899,1,2.4211513289789,0.2780954579011,0.043375267187049,1,0.77308705121124,Koordinativ,-0.044166666666667,0.56666666666667,12,0.32966714268092,0.41368008260601,0.41242743057616,0.41546155345531,0.41296355413444,0.36331468897929,0.27376489055941
138,296,11,5,2025-12-10 15:35:00,2025-12-10,sozial,0.92556538067589,0.92556538067589,0.51182292944901,1,2.1817101620993,0.18554286405817,0.042349703655281,1,0.83838099246404,Koordinativ,0.8,0.525,6,0.37253617423325,0.42423846958711,0.41374245122688,0.37809250518268,0.32326161825861,0.31765138538359,0.40212098178968
46,301,5,6,2025-12-10 17:10:00,2025-12-10,regulation,0.94869522944047,0.94869522944047,0.5188631210551,1,2.0538530734517,0.6567009750598,-0.28827692101828,1,0.59781810017097,Perturbativ,0.72538461538462,0.57692307692308,13,0.29494809699024,0.42983210838537,0.36670513734926,0.35364396904776,0.28807512366749,0.41516883072155,0.46190997848945
72,299,7,6,2025-12-10 17:10:00,2025-12-10,affektiv,1.1127270752967,1.1127270752967,0.70151884341043,1,2.7002999376794,1.5088550600043,1.3790943578071,1,0.39749322443262,Kollapsiv,-0.85,0.55,1,0.3325083734456,0.3703292310887,0.41207536220622,0.39758189828708,0.33475170322938,0.37850503124821,0.41120823188627
149,306,12,6,2025-12-10 17:10:00,2025-12-10,sozial,1.0,1.0,0.6109487980592601,1,2.5703557645434,0.15687426649102,0.044974358335695,1,0.86276110444611,Koordinativ,,,0,0.3493183132319,0.38905120194074,0.38905120194074,0.38905120194074,0.34809844384172,0.38905120194074,0.38905120194074
163,298,14,6,2025-12-10 17:10:00,2025-12-10,affektiv,1.0072692829578,1.0072692829578,0.5753052646347601,1,2.2067026481688,0.29621536989844,-0.21288393932673,0,0.76116501718971,Koordinativ,0.77333333333333,0.57083333333333,12,0.2817447078335,0.41763417140166,0.45645899928439,0.43196401832304,0.35610196771452,0.3099085643493,0.35833218772313
173,300,15,6,2025-12-10 17:10:00,2025-12-10,methodik,0.41052631578947,0.41052631578947,-0.10838363966140002,-1,0.63381216526286,1.3167495149733,-0.57936130824395,0,0.42121916441146,Kollapsiv,-0.7,0.1,1,0.15441852592167,-0.182687363619,-0.51890995545087,-0.14939717696216,0.6477097437401,0.31555090079646,-0.36344587133576
280,307,22,6,2025-12-10 17:10:00,2025-12-10,methodik,0.82838411984957,0.82838411984957,0.4582578818759401,1,1.6972900196005,0.44750204915294,-0.25833783807758,0,0.68770610769947,Transformativ,0.73333333333333,0.43333333333333,3,0.36827940045077,0.37012623797363,0.35771905718186,0.3285116687984,0.48806279999013,0.35350470026786,0.35822219324784
105,310,9,7,2025-12-11 15:35:00,2025-12-11,motivation,1.0056095260364,1.0056095260364,0.53624615196073,1,2.0657048614191,0.44927973937548,0.37229144669081,0,0.67681358480061,Transformativ,0.5175,0.4,4,0.29045775653418,0.40192927936105,0.46936337407567,0.4868118114699,0.27007475607564,0.2960534047969,0.36906833516544
127,309,10,7,2025-12-11 15:35:00,2025-12-11,affektiv,1.007934627314,1.007934627314,0.59444404662891,1,2.4345148095197,0.019057963781521,0.013363480540846,1,0.96732229120505,Homöostatisch (resilient),0.072727272727273,0.53636363636364,11,0.33203223898951,0.41289685978543,0.41401868781352,0.41349058068509,0.41188296717217,0.36104291667952,0.27728193977304
174,312,15,7,2025-12-11 15:35:00,2025-12-11,sozial,0.90526315789474,0.90526315789474,0.5126699293936,1,1.6351515834963,1.7933734854534,1.0013394182334,1,0.35528372437537,Kollapsiv,0.7,0.61666666666667,3,0.25144250991801,0.55362644447034,0.3697358571809,0.39259322850114,0.36984610831032,0.34713492861249,0.28662095757428
208,314,17,8,2025-12-11 17:10:00,2025-12-11,motivation,0.76333634468022,0.76333634468022,0.3051575053863301,1,1.5748998681276,0.76063759774706,0.63877994591555,0,0.55561744218126,Perturbativ,0.862,0.65,5,0.14298771188225,0.38097660159966,0.45029370043086,0.48468881078963,0.45817883929389,0.18988415396775,0.38825229085892
231,313,19,8,2025-12-11 17:10:00,2025-12-11,regulation,0.86436876356192,0.86436876356192,0.46668654566486006,1,1.9369742216508,0.29131456867483,-0.20055233123507,1,0.77026950658311,Koordinativ,0.6,0.35,1,0.38876712746344,0.30976147900352,0.37602369441353,0.39768221789706,0.3226279285977,0.38747631490017,0.44624691100898
281,315,22,8,2025-12-11 17:10:00,2025-12-11,affektiv,0.88350108633062,0.88350108633062,0.45231418537989,1,1.8913905829416,0.3800178821342,0.19410056334116,1,0.71797892469952,Transformativ,0.81666666666667,0.58333333333333,3,0.33134663377968,0.33459416909948,0.46711720669002,0.43118690095073,0.42175957143685,0.31722691499796,0.30922721289528
320,316,43,1,2026-01-12 15:35:00,2026-01-12,methodik,0.93319593573682,0.93319593573682,0.51834235463027,1,2.2269943279753,0.16802101578592,-0.064761776042844,1,0.846270534326,Koordinativ,0.776,0.55,5,0.28076930040504,0.40287475388405,0.4054798871288,0.41485358110655,0.41903830808865,0.30534748231015,0.39180723642246
196,319,16,8,2026-01-15 17:10:00,2026-01-15,methodik,1.0078361874654,1.0078361874654,0.58042470298876,1,2.1312805274857,0.7160224379295,-0.58044245306409,1,0.57488791038865,Perturbativ,0.7675,0.65,4,0.29860706925968,0.42741148447664,0.4060982146479,0.41719073503663,0.47287824103636,0.28152089412007,0.29380525212254
221,317,18,8,2026-01-15 17:10:00,2026-01-15,kognition,0.65337436693074,0.65337436693074,0.21602526715946002,1,1.4026151352715,0.85546243136278,-0.71404232567717,0,0.53382679609771,Kollapsiv,0.6,0.35,1,0.46582583492403,0.21013379542499,0.41105175060108,0.4092672029531,0.43734909977128,0.39885724422809,0.22809111486962
232,318,19,8,2026-01-15 17:10:00,2026-01-15,regulation,0.93907187400827,0.93907187400827,0.51236652581807,1,2.1337162019126,0.22433365054293,0.19674198026188,0,0.80680022259921,Koordinativ,0.6,0.35,1,0.39443945858962,0.28119953308737,0.38979147933783,0.4267053481902,0.2928196887579,0.38972870244784,0.44011095417768
61,320,6,9,2026-01-16 15:35:00,2026-01-16,affektiv,0.77306616482334,0.77306616482334,0.36954003735765,1,1.7628731943861,0.094666442066838,-0.054980454527447,1,0.9105355148708,Adaptiv (resilient),0.76,0.54285714285714,7,0.35047164890658,0.36381225473,0.43852624615692,0.40352612746569,0.34414778382127,0.34035346477009,0.39419980121815
139,321,11,9,2026-01-16 15:35:00,2026-01-16,affektiv,1.003072843207,1.003072843207,0.5758737595298999,1,2.2816502978962,0.2454739360268,0.099940135796914,1,0.79706175925735,Koordinativ,0.80285714285714,0.52142857142857,7,0.34502835203713,0.36864798300527,0.43962602143381,0.4271990836771,0.30910221353199,0.36489296363148,0.3749572654393
252,323,20,9,2026-01-16 15:35:00,2026-01-16,methodik,0.92631578947368,0.92631578947368,0.52481969387882,1,1.9401119377399,0.073488900325272,0.0031706218152618,0,0.92170376594212,Adaptiv (resilient),0.88,0.65,1,0.30926050606631,0.40149609559486,0.39907004836998,0.37578609295792,0.47745481638307,0.30926050606631,0.34508197593102
303,322,24,9,2026-01-16 15:35:00,2026-01-16,sozial,1.0364054186521,1.0364054186521,0.5878821809619799,1,2.2398786686608,1.1697252098095,1.1206898701818,1,0.45609725065401,Kollapsiv,0.72333333333333,0.41666666666667,3,0.27554379730283,0.46270605309573,0.37845183779908,0.32248496250029,0.44852323769012,0.30531025562527,0.41032783453392
17,325,2,1,2026-01-19 15:35:00,2026-01-19,sozial,0.69473684210526,0.69473684210526,0.20277997477611998,1,1.4096599138906,0.46682781181585,0.099409724180187,1,0.6713631318059,Transformativ,-0.6,0.7,1,0.33507402781512,0.49284003522168,0.28566549281998,0.2281993763276,0.4551009842547,0.49195686732914,0.24902991752273
321,324,43,1,2026-01-19 15:35:00,2026-01-19,sozial,1.0169047393416,1.0169047393416,0.5987412027143599,1,2.3709725797797,0.3553305825651,0.14397825180436,1,0.73380917556891,Transformativ,0.78,0.475,6,0.33479244749341,0.42889772221964,0.41816353662724,0.3872804137716,0.34304485050414,0.38599483760167,0.3353238938167
18,328,2,5,2026-01-21 15:35:00,2026-01-21,sozial,0.93592540261491,0.93592540261491,0.52643150141895,1,2.1313448350811,0.86661836641477,0.72168492119052,0,0.53406045200325,Kollapsiv,0.8175,0.5625,4,0.38408310536582,0.43912434382781,0.36031151958347,0.33390860903128,0.3337533741717,0.3731675999796,0.40949390119596
62,327,6,5,2026-01-21 15:35:00,2026-01-21,affektiv,0.79006387590944,0.79006387590944,0.35991143940873005,1,1.7930666466354,0.067582687155667,0.030193452249242,0,0.9318041669616,Adaptiv (resilient),0.83,0.61,5,0.34306033146667,0.34530430419124,0.44062158924842,0.43015243650071,0.3375153079572,0.33996327820219,0.39294328877695
140,326,11,5,2026-01-21 15:35:00,2026-01-21,affektiv,0.79753159787312,0.79753159787312,0.40852386472298,1,1.9261142009146,0.3919914058365,-0.35553609698164,0,0.71780692205202,Transformativ,0.196,0.51,5,0.36894920205975,0.38013280730459,0.41406246684665,0.38900773315014,0.36615853680623,0.35980382426187,0.36478750683179
197,331,16,8,2026-01-29 17:10:00,2026-01-29,motivation,1.055776145771,1.055776145771,0.61253903966065,1,2.2901508536722,0.43061152884855,0.15887032618644,1,0.6744698629025,Transformativ,0.836,0.58,5,0.18085939370195,0.44157097304108,0.44323710611035,0.46100724920244,0.39248462156698,0.24987592974859,0.38319183201033
209,330,17,8,2026-01-29 17:10:00,2026-01-29,motivation,0.63096663427555,0.63096663427555,0.11914037657115994,1,1.2049649885785,0.40591061867883,-0.36993487954913,0,0.69368278133689,Transformativ,0.74,0.6,5,0.12909249908868,0.33195985232726,0.45185853985316,0.52363897684385,0.51182625770439,0.11255655723446,0.34659597040597
222,329,18,8,2026-01-29 17:10:00,2026-01-29,regulation,0.86927601006623,0.86927601006623,0.46122744564037,1,2.0460083595993,0.83135460209739,0.64339322432784,1,0.54491387765951,Kollapsiv,0.9,0.6,1,0.34316949680929,0.38586043899609,0.38205168221213,0.40804856442586,0.34470199216984,0.34864038761553,0.42486434894704
233,332,19,8,2026-01-29 17:10:00,2026-01-29,affektiv,0.93492601327406,0.93492601327406,0.52431561468887,1,2.0033527519053,0.27131031500562,-0.13036345000731,1,0.7797182584791,Koordinativ,0.7,0.3,1,0.34197990443029,0.29949792872466,0.46668067414398,0.40950662190203,0.3362783761119,0.35521847360367,0.41061039858519
282,333,22,8,2026-01-29 17:10:00,2026-01-29,methodik,1.005274343887,1.005274343887,0.58635213288219,1,1.6583910411911,0.61867058144988,-0.23299954175053,1,0.59591778223693,Perturbativ,0.81666666666667,0.61666666666667,3,0.14113976202066,0.41892221100481,0.38267635845177,0.41079668045349,0.60617448979875,0.17647695062524,0.30132542760832
19,336,2,1,2026-02-02 15:35:00,2026-02-02,affektiv,0.89529731483416,0.89529731483416,0.45950345890162997,1,1.7254469088817,0.7231314257912,-0.40589792619937,1,0.57132874221143,Perturbativ,0.88,0.725,2,0.39706025091533,0.2806290495191,0.51887850603037,0.43579385593253,0.28672968103039,0.41243106519314,0.22831121334912
85,334,8,1,2026-02-02 15:35:00,2026-02-02,methodik,0.6818135086465,0.6818135086465,0.22668085713379005,1,1.4884295076964,0.18235073099773,-0.0079254238597515,1,0.83335462026538,Koordinativ,0.73333333333333,0.6,3,0.23041210920866,0.33946058912609,0.42405259007082,0.41705449668816,0.45807578031939,0.246865476879,0.45513265151271
322,335,43,1,2026-02-02 15:35:00,2026-02-02,methodik,0.82105263157895,0.82105263157895,0.40723192753774,1,1.9712503744458,0.4893257815409,-0.39972220533384,1,0.66780500858033,Transformativ,0.825,0.575,2,0.30437533835057,0.41382070404121,0.39333643069795,0.40458440600927,0.41651362090077,0.30437533835057,0.3893302518483
198,337,16,2,2026-02-02 17:10:00,2026-02-02,sozial,1.0125815898282,1.0125815898282,0.59436614630021,1,2.4005133285708,0.37993418837409,0.11036247489861,1,0.71794137626328,Transformativ,0.8325,0.6,4,0.29570606902014,0.42181877407415,0.40204497414683,0.41032897957254,0.41821544352799,0.31957800466267,0.35718699691734
266,338,21,2,2026-02-02 17:10:00,2026-02-02,sozial,1.0,1.0,0.59191661957094,1,2.2699179468953,0.21469133114354,-0.17677429379101,0,0.81134256213391,Koordinativ,0.875,0.675,2,0.26432673505064,0.44054455841773,0.40102599383285,0.404881704091,0.40808338042906,0.30545659665403,0.38918510820146
86,342,8,4,2026-02-03 17:10:00,2026-02-03,methodik,0.89473684210526,0.89473684210526,0.45214777270911005,1,1.515588360655,0.29805835168107,0.027158852958597,0,0.75236698472821,Koordinativ,0.45,0.4,4,0.27234700918136,0.28782874563101,0.36539913453225,0.44258906939615,0.59035610508927,0.21262316941257,0.34619526802911
106,339,9,4,2026-02-03 17:10:00,2026-02-03,sozial,0.90594165077967,0.90594165077967,0.47688920441448,1,1.8624357270423,0.38207896142188,-0.20326913437686,1,0.71458571500539,Transformativ,0.63461538461538,0.51538461538462,13,0.32929865495647,0.48642841046223,0.39756480234173,0.38794782328107,0.26779025355415,0.30098320382555,0.42905244636519
304,340,24,4,2026-02-03 17:10:00,2026-02-03,methodik,0.89964610890144,0.89964610890144,0.49159023204487,1,1.7234389153047,0.6976825952374,-0.51643975335609,1,0.58301696411415,Perturbativ,0.72666666666667,0.48333333333333,3,0.35743624486717,0.34814114635782,0.40805587685657,0.35644332630836,0.52200637944882,0.35364935288188,0.24477970385933
312,341,42,4,2026-02-03 17:10:00,2026-02-03,affektiv,0.90203698452449,0.90203698452449,0.42820132887662,1,1.7708854306025,0.32693928790815,-0.1336154796025,1,0.72976544262496,Transformativ,0.88,0.65,1,0.16099651501494,0.38636634200364,0.50937060547629,0.47383565564787,0.38042224443436,0.21799632248291,0.38545952813144
20,344,2,5,2026-02-04 15:35:00,2026-02-04,affektiv,0.71496805995612,0.71496805995612,0.29819529546875,1,1.3976460154307,0.35588948968231,-0.32780089345104,0,0.72764194913008,Transformativ,-0.1,0.7,3,0.41543849968174,0.28619549964555,0.51155160287438,0.41677276448737,0.35494211530906,0.38727801570921,0.18479783884103
63,346,6,5,2026-02-04 15:35:00,2026-02-04,affektiv,0.78486964794653,0.78486964794653,0.37146715953933,1,1.73589389785,0.11339747928419,-0.057172748785423,0,0.89467603883496,Adaptiv,0.824,0.53,5,0.35491686399283,0.3674826178641,0.45214148656581,0.4134024884072,0.34912085205959,0.34564324489965,0.34971757274452
128,343,10,5,2026-02-04 15:35:00,2026-02-04,affektiv,1.0620838992171,1.0620838992171,0.65251739832266,1,2.4700742135886,0.096483910435617,0.035559404068868,0,0.9024420713444,Adaptiv (resilient),0.50846153846154,0.53076923076923,13,0.32826163738099,0.40956650089444,0.42998056209983,0.39379390828821,0.40656815716557,0.35752105419709,0.30236349210106
141,345,11,5,2026-02-04 15:35:00,2026-02-04,regulation,0.95682502769803,0.95682502769803,0.5655526586877,1,2.0984171033196,0.29196054447745,0.17230290240506,1,0.7701582760236,Koordinativ,0.816,0.54,5,0.33459871163322,0.34791688521729,0.36487295330697,0.39029841784246,0.39127236901033,0.34716776490014,0.45597466096154
199,350,16,8,2026-02-05 17:10:00,2026-02-05,motivation,1.0864322254452,1.0864322254452,0.6718266729674699,1,2.6162018522974,0.39646093037039,0.21568852372662,1,0.71292913755178,Transformativ,0.74571428571429,0.50714285714286,7,0.38719940384146,0.34521415784212,0.41460555247773,0.41527079574377,0.38420112433253,0.35778867226304,0.33306601484472
210,349,17,8,2026-02-05 17:10:00,2026-02-05,motivation,0.84635775937549,0.84635775937549,0.3377038171646599,1,1.601075732092,0.44796109459835,0.39611074351345,0,0.6659509415303,Transformativ,0.852,0.59,5,0.12491601481821,0.27722060038231,0.50865394221083,0.5286181920583,0.42076973412451,0.18776603058105,0.39632745226577
234,347,19,8,2026-02-05 17:10:00,2026-02-05,affektiv,0.82516048130112,0.82516048130112,0.42197046629649,1,2.0226023780542,0.25470377707266,0.019249626148919,0,0.79539066761548,Koordinativ,0.7,0.3,1,0.33872519387576,0.3903256974214,0.40796969777469,0.35725829640992,0.3538952989954,0.3886312602853,0.40319001500463
283,348,22,8,2026-02-05 17:10:00,2026-02-05,methodik,0.93286815786312,0.93286815786312,0.45846687356109006,1,1.6968139460155,0.16536516099423,0.038422904824443,0,0.81786238368177,Koordinativ,0.81666666666667,0.58333333333333,3,0.13886665507618,0.47440128430203,0.40178671580653,0.38533890231106,0.54977633788542,0.16172580684749,0.3425369753031
