lag,match_type,lehrkraft_id,gruppe_id,teilnehmer_id,teacher_date,participant_time,teacher_dominante_dimension,participant_dominante_dimension,dominanz_match,teacher_dominante_dimension_wert,participant_dominante_dimension_wert,teacher_polaritaet_gesamt,participant_polaritaet_gesamt,polaritaet_match
0,same_or_following_session,12,0,12,2025-09-01,2025-10-23T15:31:28,kognition,methodik,0,0.48119322262245595,1.0,1,1,1
1,same_or_following_session,12,0,12,2025-09-01,2025-11-06T15:34:11,kognition,methodik,0,0.48119322262245595,1.0,1,1,1
2,same_or_following_session,12,0,12,2025-09-01,2025-11-06T15:34:29,kognition,sozial,0,0.48119322262245595,0.70952380952381,1,1,1
0,same_or_following_session,1,0,12,2025-09-08,2025-10-23T15:31:28,kognition,methodik,0,0.53755054528027,1.0,1,1,1
1,same_or_following_session,1,0,12,2025-09-08,2025-11-06T15:34:11,kognition,methodik,0,0.53755054528027,1.0,1,1,1
2,same_or_following_session,1,0,12,2025-09-08,2025-11-06T15:34:29,kognition,sozial,0,0.53755054528027,0.70952380952381,1,1,1
0,same_or_following_session,12,0,12,2025-09-15,2025-10-23T15:31:28,kognition,methodik,0,0.292847000948378,1.0,1,1,1
1,same_or_following_session,12,0,12,2025-09-15,2025-11-06T15:34:11,kognition,methodik,0,0.292847000948378,1.0,1,1,1
2,same_or_following_session,12,0,12,2025-09-15,2025-11-06T15:34:29,kognition,sozial,0,0.292847000948378,0.70952380952381,1,1,1
0,same_or_following_session,12,0,12,2025-09-22,2025-10-23T15:31:28,kognition,methodik,0,0.5136079078108124,1.0,1,1,1
1,same_or_following_session,12,0,12,2025-09-22,2025-11-06T15:34:11,kognition,methodik,0,0.5136079078108124,1.0,1,1,1
2,same_or_following_session,12,0,12,2025-09-22,2025-11-06T15:34:29,kognition,sozial,0,0.5136079078108124,0.70952380952381,1,1,1
0,same_or_following_session,12,0,12,2025-09-29,2025-10-23T15:31:28,performanz,methodik,0,0.540512310600422,1.0,1,1,1
1,same_or_following_session,12,0,12,2025-09-29,2025-11-06T15:34:11,performanz,methodik,0,0.540512310600422,1.0,1,1,1
2,same_or_following_session,12,0,12,2025-09-29,2025-11-06T15:34:29,performanz,sozial,0,0.540512310600422,0.70952380952381,1,1,1
0,same_or_following_session,12,0,12,2025-10-27,2025-11-06T15:34:11,kognition,methodik,0,0.40878028142398,1.0,1,1,1
1,same_or_following_session,12,0,12,2025-10-27,2025-11-06T15:34:29,kognition,sozial,0,0.40878028142398,0.70952380952381,1,1,1
0,same_or_following_session,12,0,12,2025-11-03,2025-11-06T15:34:11,kognition,methodik,0,0.5094034402443683,1.0,1,1,1
1,same_or_following_session,12,0,12,2025-11-03,2025-11-06T15:34:29,kognition,sozial,0,0.5094034402443683,0.70952380952381,1,1,1
0,same_or_following_session,1,0,13,2025-09-22,2025-10-23T15:31:28,kognition,methodik,0,0.602491027255856,1.0,1,1,1
1,same_or_following_session,1,0,13,2025-09-22,2025-11-06T15:34:11,kognition,methodik,0,0.602491027255856,1.0,1,1,1
2,same_or_following_session,1,0,13,2025-09-22,2025-11-06T15:34:29,kognition,sozial,0,0.602491027255856,0.70952380952381,1,1,1
0,same_or_following_session,1,0,15,2025-11-05,2025-11-06T15:34:29,kognition,sozial,0,0.48972564958730747,0.70952380952381,1,1,1
0,same_or_following_session,22,0,17,2025-09-01,2025-10-23T15:31:28,kognition,methodik,0,0.307282715796692,1.0,1,1,1
1,same_or_following_session,22,0,17,2025-09-01,2025-11-06T15:34:11,kognition,methodik,0,0.307282715796692,1.0,1,1,1
2,same_or_following_session,22,0,17,2025-09-01,2025-11-06T15:34:29,kognition,sozial,0,0.307282715796692,0.70952380952381,1,1,1
0,same_or_following_session,22,0,17,2025-09-15,2025-10-23T15:31:28,kognition,methodik,0,0.5735306647365059,1.0,1,1,1
1,same_or_following_session,22,0,17,2025-09-15,2025-11-06T15:34:11,kognition,methodik,0,0.5735306647365059,1.0,1,1,1
2,same_or_following_session,22,0,17,2025-09-15,2025-11-06T15:34:29,kognition,sozial,0,0.5735306647365059,0.70952380952381,1,1,1
0,same_or_following_session,24,0,17,2025-10-20,2025-10-23T15:31:28,kognition,methodik,0,0.5770832637865401,1.0,1,1,1
1,same_or_following_session,24,0,17,2025-10-20,2025-11-06T15:34:11,kognition,methodik,0,0.5770832637865401,1.0,1,1,1
2,same_or_following_session,24,0,17,2025-10-20,2025-11-06T15:34:29,kognition,sozial,0,0.5770832637865401,0.70952380952381,1,1,1
0,same_or_following_session,12,0,17,2025-10-27,2025-11-06T15:34:11,regulation,methodik,0,0.3537859342651934,1.0,1,1,1
1,same_or_following_session,12,0,17,2025-10-27,2025-11-06T15:34:29,regulation,sozial,0,0.3537859342651934,0.70952380952381,1,1,1
0,same_or_following_session,21,0,17,2025-11-03,2025-11-06T15:34:11,performanz,methodik,0,0.482038207089358,1.0,1,1,1
1,same_or_following_session,21,0,17,2025-11-03,2025-11-06T15:34:29,performanz,sozial,0,0.482038207089358,0.70952380952381,1,1,1
0,same_or_following_session,19,0,18,2025-09-03,2025-10-23T15:31:28,performanz,methodik,0,0.49286760721452505,1.0,1,1,1
1,same_or_following_session,19,0,18,2025-09-03,2025-11-06T15:34:11,performanz,methodik,0,0.49286760721452505,1.0,1,1,1
2,same_or_following_session,19,0,18,2025-09-03,2025-11-06T15:34:29,performanz,sozial,0,0.49286760721452505,0.70952380952381,1,1,1
0,same_or_following_session,19,0,18,2025-09-10,2025-10-23T15:31:28,kognition,methodik,0,0.5419861361768925,1.0,1,1,1
1,same_or_following_session,19,0,18,2025-09-10,2025-11-06T15:34:11,kognition,methodik,0,0.5419861361768925,1.0,1,1,1
2,same_or_following_session,19,0,18,2025-09-10,2025-11-06T15:34:29,kognition,sozial,0,0.5419861361768925,0.70952380952381,1,1,1
0,same_or_following_session,19,0,18,2025-09-17,2025-10-23T15:31:28,kognition,methodik,0,0.25796472575018503,1.0,1,1,1
1,same_or_following_session,19,0,18,2025-09-17,2025-11-06T15:34:11,kognition,methodik,0,0.25796472575018503,1.0,1,1,1
2,same_or_following_session,19,0,18,2025-09-17,2025-11-06T15:34:29,kognition,sozial,0,0.25796472575018503,0.70952380952381,1,1,1
0,same_or_following_session,19,0,18,2025-09-24,2025-10-23T15:31:28,regulation,methodik,0,0.4406776795803975,1.0,1,1,1
1,same_or_following_session,19,0,18,2025-09-24,2025-11-06T15:34:11,regulation,methodik,0,0.4406776795803975,1.0,1,1,1
2,same_or_following_session,19,0,18,2025-09-24,2025-11-06T15:34:29,regulation,sozial,0,0.4406776795803975,0.70952380952381,1,1,1
0,same_or_following_session,19,0,18,2025-10-01,2025-10-23T15:31:28,kognition,methodik,0,0.5133658295859725,1.0,1,1,1
1,same_or_following_session,19,0,18,2025-10-01,2025-11-06T15:34:11,kognition,methodik,0,0.5133658295859725,1.0,1,1,1
2,same_or_following_session,19,0,18,2025-10-01,2025-11-06T15:34:29,kognition,sozial,0,0.5133658295859725,0.70952380952381,1,1,1
0,same_or_following_session,1,0,18,2025-10-22,2025-10-23T15:31:28,kognition,methodik,0,0.47933370691151406,1.0,1,1,1
1,same_or_following_session,1,0,18,2025-10-22,2025-11-06T15:34:11,kognition,methodik,0,0.47933370691151406,1.0,1,1,1
2,same_or_following_session,1,0,18,2025-10-22,2025-11-06T15:34:29,kognition,sozial,0,0.47933370691151406,0.70952380952381,1,1,1
0,same_or_following_session,19,0,18,2025-10-29,2025-11-06T15:34:11,kognition,methodik,0,0.48227651679458,1.0,1,1,1
1,same_or_following_session,19,0,18,2025-10-29,2025-11-06T15:34:29,kognition,sozial,0,0.48227651679458,0.70952380952381,1,1,1
0,same_or_following_session,19,0,18,2025-11-05,2025-11-06T15:34:11,regulation,methodik,0,0.460053562025474,1.0,1,1,1
1,same_or_following_session,19,0,18,2025-11-05,2025-11-06T15:34:29,regulation,sozial,0,0.460053562025474,0.70952380952381,1,1,1
0,same_or_following_session,1,0,2,2025-10-23,2025-10-23T15:31:28,kognition,methodik,0,0.4752243940523675,1.0,1,1,1
1,same_or_following_session,1,0,2,2025-10-23,2025-11-06T15:34:11,kognition,methodik,0,0.4752243940523675,1.0,1,1,1
2,same_or_following_session,1,0,2,2025-10-23,2025-11-06T15:34:29,kognition,sozial,0,0.4752243940523675,0.70952380952381,1,1,1
0,same_or_following_session,19,0,4,2025-09-16,2025-10-23T15:31:28,kognition,methodik,0,0.49033699465167996,1.0,1,1,1
1,same_or_following_session,19,0,4,2025-09-16,2025-11-06T15:34:11,kognition,methodik,0,0.49033699465167996,1.0,1,1,1
2,same_or_following_session,19,0,4,2025-09-16,2025-11-06T15:34:29,kognition,sozial,0,0.49033699465167996,0.70952380952381,1,1,1
0,same_or_following_session,1,0,4,2025-10-23,2025-10-23T15:31:28,kognition,methodik,0,0.49424489620138995,1.0,1,1,1
1,same_or_following_session,1,0,4,2025-10-23,2025-11-06T15:34:11,kognition,methodik,0,0.49424489620138995,1.0,1,1,1
2,same_or_following_session,1,0,4,2025-10-23,2025-11-06T15:34:29,kognition,sozial,0,0.49424489620138995,0.70952380952381,1,1,1
0,same_or_following_session,1,0,4,2025-10-27,2025-11-06T15:34:11,performanz,methodik,0,0.4599066415387325,1.0,1,1,1
1,same_or_following_session,1,0,4,2025-10-27,2025-11-06T15:34:29,performanz,sozial,0,0.4599066415387325,0.70952380952381,1,1,1
0,same_or_following_session,30,0,40,2025-11-04,2025-11-06T15:34:11,kognition,methodik,0,0.4863714284398533,1.0,1,1,1
1,same_or_following_session,30,0,40,2025-11-04,2025-11-06T15:34:29,kognition,sozial,0,0.4863714284398533,0.70952380952381,1,1,1
0,same_or_following_session,18,0,47,2025-10-30,2025-11-06T15:34:11,kognition,methodik,0,0.531010139603668,1.0,1,1,1
1,same_or_following_session,18,0,47,2025-10-30,2025-11-06T15:34:29,kognition,sozial,0,0.531010139603668,0.70952380952381,1,1,1
0,same_or_following_session,21,0,47,2025-11-03,2025-11-06T15:34:11,kognition,methodik,0,0.32720146269462397,1.0,1,1,1
1,same_or_following_session,21,0,47,2025-11-03,2025-11-06T15:34:29,kognition,sozial,0,0.32720146269462397,0.70952380952381,1,1,1
0,same_or_following_session,1,0,6,2025-09-02,2025-10-23T15:31:28,kognition,methodik,0,0.5198702902734634,1.0,1,1,1
1,same_or_following_session,1,0,6,2025-09-02,2025-11-06T15:34:11,kognition,methodik,0,0.5198702902734634,1.0,1,1,1
2,same_or_following_session,1,0,6,2025-09-02,2025-11-06T15:34:29,kognition,sozial,0,0.5198702902734634,0.70952380952381,1,1,1
0,same_or_following_session,19,0,6,2025-09-30,2025-10-23T15:31:28,regulation,methodik,0,0.3536284694136234,1.0,1,1,1
1,same_or_following_session,19,0,6,2025-09-30,2025-11-06T15:34:11,regulation,methodik,0,0.3536284694136234,1.0,1,1,1
2,same_or_following_session,19,0,6,2025-09-30,2025-11-06T15:34:29,regulation,sozial,0,0.3536284694136234,0.70952380952381,1,1,1
0,same_or_following_session,19,0,6,2025-10-28,2025-11-06T15:34:11,kognition,methodik,0,0.501714625430158,1.0,1,1,1
1,same_or_following_session,19,0,6,2025-10-28,2025-11-06T15:34:29,kognition,sozial,0,0.501714625430158,0.70952380952381,1,1,1
0,same_or_following_session,19,0,6,2025-11-04,2025-11-06T15:34:11,kognition,methodik,0,0.5837887266188125,1.0,1,1,1
1,same_or_following_session,19,0,6,2025-11-04,2025-11-06T15:34:29,kognition,sozial,0,0.5837887266188125,0.70952380952381,1,1,1
0,same_or_following_session,1,0,8,2025-09-04,2025-10-23T15:31:28,kognition,methodik,0,0.493146291138272,1.0,1,1,1
1,same_or_following_session,1,0,8,2025-09-04,2025-11-06T15:34:11,kognition,methodik,0,0.493146291138272,1.0,1,1,1
2,same_or_following_session,1,0,8,2025-09-04,2025-11-06T15:34:29,kognition,sozial,0,0.493146291138272,0.70952380952381,1,1,1
0,same_or_following_session,18,0,8,2025-09-11,2025-10-23T15:31:28,kognition,methodik,0,0.511885499235222,1.0,1,1,1
1,same_or_following_session,18,0,8,2025-09-11,2025-11-06T15:34:11,kognition,methodik,0,0.511885499235222,1.0,1,1,1
2,same_or_following_session,18,0,8,2025-09-11,2025-11-06T15:34:29,kognition,sozial,0,0.511885499235222,0.70952380952381,1,1,1
0,same_or_following_session,20,0,8,2025-09-18,2025-10-23T15:31:28,performanz,methodik,0,0.45318028662877996,1.0,1,1,1
1,same_or_following_session,20,0,8,2025-09-18,2025-11-06T15:34:11,performanz,methodik,0,0.45318028662877996,1.0,1,1,1
2,same_or_following_session,20,0,8,2025-09-18,2025-11-06T15:34:29,performanz,sozial,0,0.45318028662877996,0.70952380952381,1,1,1
0,same_or_following_session,18,0,8,2025-09-25,2025-10-23T15:31:28,kognition,methodik,0,0.352891143057652,1.0,1,1,1
1,same_or_following_session,18,0,8,2025-09-25,2025-11-06T15:34:11,kognition,methodik,0,0.352891143057652,1.0,1,1,1
2,same_or_following_session,18,0,8,2025-09-25,2025-11-06T15:34:29,kognition,sozial,0,0.352891143057652,0.70952380952381,1,1,1
0,same_or_following_session,18,0,8,2025-10-02,2025-10-23T15:31:28,kognition,methodik,0,0.5181510385243366,1.0,1,1,1
1,same_or_following_session,18,0,8,2025-10-02,2025-11-06T15:34:11,kognition,methodik,0,0.5181510385243366,1.0,1,1,1
2,same_or_following_session,18,0,8,2025-10-02,2025-11-06T15:34:29,kognition,sozial,0,0.5181510385243366,0.70952380952381,1,1,1
0,same_or_following_session,18,0,8,2025-10-09,2025-10-23T15:31:28,performanz,methodik,0,0.509702528899775,1.0,1,1,1
1,same_or_following_session,18,0,8,2025-10-09,2025-11-06T15:34:11,performanz,methodik,0,0.509702528899775,1.0,1,1,1
2,same_or_following_session,18,0,8,2025-10-09,2025-11-06T15:34:29,performanz,sozial,0,0.509702528899775,0.70952380952381,1,1,1
0,same_or_following_session,18,0,8,2025-10-23,2025-10-23T15:31:28,performanz,methodik,0,0.49496881975663665,1.0,1,1,1
1,same_or_following_session,18,0,8,2025-10-23,2025-11-06T15:34:11,performanz,methodik,0,0.49496881975663665,1.0,1,1,1
2,same_or_following_session,18,0,8,2025-10-23,2025-11-06T15:34:29,performanz,sozial,0,0.49496881975663665,0.70952380952381,1,1,1
0,same_or_following_session,18,0,8,2025-10-30,2025-11-06T15:34:11,kognition,methodik,0,0.6005605737316734,1.0,1,1,1
1,same_or_following_session,18,0,8,2025-10-30,2025-11-06T15:34:29,kognition,sozial,0,0.6005605737316734,0.70952380952381,1,1,1
0,same_or_following_session,18,0,8,2025-11-06,2025-11-06T15:34:11,kognition,methodik,0,0.5444136699518867,1.0,1,1,1
1,same_or_following_session,18,0,8,2025-11-06,2025-11-06T15:34:29,kognition,sozial,0,0.5444136699518867,0.70952380952381,1,1,1
0,same_or_following_session,23,1,16,2026-01-13,2026-01-19T15:35:00,performanz,sozial,0,0.507115387365345,0.69473684210526,1,1,1
1,same_or_following_session,23,1,16,2026-01-13,2026-01-19T15:35:00,performanz,sozial,0,0.507115387365345,0.96521739130435,1,1,1
2,same_or_following_session,23,1,16,2026-01-13,2026-02-02T15:35:00,performanz,affektiv,0,0.507115387365345,0.75962162162162,1,1,1
3,same_or_following_session,23,1,16,2026-01-13,2026-02-02T15:35:00,performanz,methodik,0,0.507115387365345,0.82105263157895,1,1,1
0,same_or_following_session,23,1,16,2026-01-20,2026-02-02T15:35:00,kognition,affektiv,0,0.80142126806034,0.75962162162162,1,1,1
1,same_or_following_session,23,1,16,2026-01-20,2026-02-02T15:35:00,kognition,methodik,0,0.80142126806034,0.82105263157895,1,1,1
2,same_or_following_session,23,1,16,2026-01-20,2026-02-02T15:35:00,kognition,methodik,0,0.80142126806034,0.67368421052632,1,1,1
0,same_or_following_session,1,1,2,2025-09-01,2025-09-15T15:35:00,regulation,methodik,0,0.47334668344048597,0.6,1,1,1
1,same_or_following_session,1,1,2,2025-09-01,2025-09-22T15:35:00,regulation,performanz,0,0.47334668344048597,0.71162790697674,1,1,1
2,same_or_following_session,1,1,2,2025-09-01,2025-09-29T15:35:00,regulation,methodik,0,0.47334668344048597,0.71578947368421,1,1,1
3,same_or_following_session,1,1,2,2025-09-01,2025-10-20T15:35:00,regulation,kognition,0,0.47334668344048597,0.88936170212766,1,1,1
0,same_or_following_session,1,1,2,2025-09-15,2025-09-15T15:35:00,kognition,methodik,0,0.47606136982091807,0.6,1,1,1
1,same_or_following_session,1,1,2,2025-09-15,2025-09-22T15:35:00,kognition,performanz,0,0.47606136982091807,0.71162790697674,1,1,1
2,same_or_following_session,1,1,2,2025-09-15,2025-09-29T15:35:00,kognition,methodik,0,0.47606136982091807,0.71578947368421,1,1,1
3,same_or_following_session,1,1,2,2025-09-15,2025-10-20T15:35:00,kognition,kognition,1,0.47606136982091807,0.88936170212766,1,1,1
0,same_or_following_session,1,1,2,2025-09-22,2025-09-22T15:35:00,kognition,performanz,0,0.542894483891774,0.71162790697674,1,1,1
1,same_or_following_session,1,1,2,2025-09-22,2025-09-29T15:35:00,kognition,methodik,0,0.542894483891774,0.71578947368421,1,1,1
2,same_or_following_session,1,1,2,2025-09-22,2025-10-20T15:35:00,kognition,kognition,1,0.542894483891774,0.88936170212766,1,1,1
3,same_or_following_session,1,1,2,2025-09-22,2025-11-03T15:35:00,kognition,sozial,0,0.542894483891774,0.80190476190476,1,1,1
0,same_or_following_session,1,1,2,2025-09-29,2025-09-29T15:35:00,kognition,methodik,0,0.491246327544514,0.71578947368421,1,1,1
1,same_or_following_session,1,1,2,2025-09-29,2025-10-20T15:35:00,kognition,kognition,1,0.491246327544514,0.88936170212766,1,1,1
2,same_or_following_session,1,1,2,2025-09-29,2025-11-03T15:35:00,kognition,sozial,0,0.491246327544514,0.80190476190476,1,1,1
3,same_or_following_session,1,1,2,2025-09-29,2025-11-10T15:35:00,kognition,sozial,0,0.491246327544514,0.8,1,1,1
0,same_or_following_session,12,1,2,2025-10-13,2025-10-20T15:35:00,performanz,kognition,0,0.5168498146454134,0.88936170212766,1,1,1
1,same_or_following_session,12,1,2,2025-10-13,2025-11-03T15:35:00,performanz,sozial,0,0.5168498146454134,0.80190476190476,1,1,1
2,same_or_following_session,12,1,2,2025-10-13,2025-11-10T15:35:00,performanz,sozial,0,0.5168498146454134,0.8,1,1,1
3,same_or_following_session,12,1,2,2025-10-13,2025-11-17T15:35:00,performanz,methodik,0,0.5168498146454134,0.71578947368421,1,1,1
0,same_or_following_session,1,1,2,2025-10-20,2025-10-20T15:35:00,kognition,kognition,1,0.538437439345028,0.88936170212766,1,1,1
1,same_or_following_session,1,1,2,2025-10-20,2025-11-03T15:35:00,kognition,sozial,0,0.538437439345028,0.80190476190476,1,1,1
2,same_or_following_session,1,1,2,2025-10-20,2025-11-10T15:35:00,kognition,sozial,0,0.538437439345028,0.8,1,1,1
3,same_or_following_session,1,1,2,2025-10-20,2025-11-17T15:35:00,kognition,methodik,0,0.538437439345028,0.71578947368421,1,1,1
0,same_or_following_session,1,1,2,2025-10-27,2025-11-03T15:35:00,kognition,sozial,0,0.568836318940935,0.80190476190476,1,1,1
1,same_or_following_session,1,1,2,2025-10-27,2025-11-10T15:35:00,kognition,sozial,0,0.568836318940935,0.8,1,1,1
2,same_or_following_session,1,1,2,2025-10-27,2025-11-17T15:35:00,kognition,methodik,0,0.568836318940935,0.71578947368421,1,1,1
3,same_or_following_session,1,1,2,2025-10-27,2025-11-24T15:35:00,kognition,performanz,0,0.568836318940935,0.90697674418605,1,1,1
0,same_or_following_session,1,1,2,2025-11-03,2025-11-03T15:35:00,kognition,sozial,0,0.471535411487215,0.80190476190476,1,1,1
1,same_or_following_session,1,1,2,2025-11-03,2025-11-10T15:35:00,kognition,sozial,0,0.471535411487215,0.8,1,1,1
2,same_or_following_session,1,1,2,2025-11-03,2025-11-17T15:35:00,kognition,methodik,0,0.471535411487215,0.71578947368421,1,1,1
3,same_or_following_session,1,1,2,2025-11-03,2025-11-24T15:35:00,kognition,performanz,0,0.471535411487215,0.90697674418605,1,1,1
0,same_or_following_session,1,1,2,2025-11-10,2025-11-10T15:35:00,kognition,sozial,0,0.4904148817314425,0.8,1,1,1
1,same_or_following_session,1,1,2,2025-11-10,2025-11-17T15:35:00,kognition,methodik,0,0.4904148817314425,0.71578947368421,1,1,1
2,same_or_following_session,1,1,2,2025-11-10,2025-11-24T15:35:00,kognition,performanz,0,0.4904148817314425,0.90697674418605,1,1,1
3,same_or_following_session,1,1,2,2025-11-10,2025-12-08T15:35:00,kognition,performanz,0,0.4904148817314425,0.92558139534884,1,1,1
0,same_or_following_session,1,1,2,2025-11-17,2025-11-17T15:35:00,kognition,methodik,0,0.35650786870518997,0.71578947368421,1,1,1
1,same_or_following_session,1,1,2,2025-11-17,2025-11-24T15:35:00,kognition,performanz,0,0.35650786870518997,0.90697674418605,1,1,1
2,same_or_following_session,1,1,2,2025-11-17,2025-12-08T15:35:00,kognition,performanz,0,0.35650786870518997,0.92558139534884,1,1,1
3,same_or_following_session,1,1,2,2025-11-17,2026-01-19T15:35:00,kognition,sozial,0,0.35650786870518997,0.69473684210526,1,1,1
0,same_or_following_session,1,1,2,2025-11-24,2025-11-24T15:35:00,performanz,performanz,1,0.48046166777745997,0.90697674418605,1,1,1
1,same_or_following_session,1,1,2,2025-11-24,2025-12-08T15:35:00,performanz,performanz,1,0.48046166777745997,0.92558139534884,1,1,1
2,same_or_following_session,1,1,2,2025-11-24,2026-01-19T15:35:00,performanz,sozial,0,0.48046166777745997,0.69473684210526,1,1,1
3,same_or_following_session,1,1,2,2025-11-24,2026-02-02T15:35:00,performanz,affektiv,0,0.48046166777745997,0.75962162162162,1,1,1
0,same_or_following_session,1,1,2,2025-12-01,2025-12-08T15:35:00,kognition,performanz,0,0.506821211211515,0.92558139534884,1,1,1
1,same_or_following_session,1,1,2,2025-12-01,2026-01-19T15:35:00,kognition,sozial,0,0.506821211211515,0.69473684210526,1,1,1
2,same_or_following_session,1,1,2,2025-12-01,2026-02-02T15:35:00,kognition,affektiv,0,0.506821211211515,0.75962162162162,1,1,1
0,same_or_following_session,1,1,2,2025-12-08,2025-12-08T15:35:00,regulation,performanz,0,0.46772455201136004,0.92558139534884,1,1,1
1,same_or_following_session,1,1,2,2025-12-08,2026-01-19T15:35:00,regulation,sozial,0,0.46772455201136004,0.69473684210526,1,1,1
2,same_or_following_session,1,1,2,2025-12-08,2026-02-02T15:35:00,regulation,affektiv,0,0.46772455201136004,0.75962162162162,1,1,1
0,same_or_following_session,1,1,2,2026-01-19,2026-01-19T15:35:00,performanz,sozial,0,0.480640106544875,0.69473684210526,1,1,1
1,same_or_following_session,1,1,2,2026-01-19,2026-02-02T15:35:00,performanz,affektiv,0,0.480640106544875,0.75962162162162,1,1,1
0,same_or_following_session,1,1,3,2025-09-02,2025-09-15T15:35:00,performanz,methodik,0,0.468059928410365,0.6,1,1,1
1,same_or_following_session,1,1,3,2025-09-02,2025-09-22T15:35:00,performanz,performanz,1,0.468059928410365,0.71162790697674,1,1,1
2,same_or_following_session,1,1,3,2025-09-02,2025-09-29T15:35:00,performanz,methodik,0,0.468059928410365,0.71578947368421,1,1,1
3,same_or_following_session,1,1,3,2025-09-02,2025-10-20T15:35:00,performanz,kognition,0,0.468059928410365,0.88936170212766,1,1,1
0,same_or_following_session,1,1,3,2025-09-09,2025-09-15T15:35:00,kognition,methodik,0,0.483526158225995,0.6,1,1,1
1,same_or_following_session,1,1,3,2025-09-09,2025-09-22T15:35:00,kognition,performanz,0,0.483526158225995,0.71162790697674,1,1,1
2,same_or_following_session,1,1,3,2025-09-09,2025-09-29T15:35:00,kognition,methodik,0,0.483526158225995,0.71578947368421,1,1,1
3,same_or_following_session,1,1,3,2025-09-09,2025-10-20T15:35:00,kognition,kognition,1,0.483526158225995,0.88936170212766,1,1,1
0,same_or_following_session,1,1,3,2025-09-16,2025-09-22T15:35:00,kognition,performanz,0,0.45970165312585803,0.71162790697674,1,1,1
1,same_or_following_session,1,1,3,2025-09-16,2025-09-29T15:35:00,kognition,methodik,0,0.45970165312585803,0.71578947368421,1,1,1
2,same_or_following_session,1,1,3,2025-09-16,2025-10-20T15:35:00,kognition,kognition,1,0.45970165312585803,0.88936170212766,1,1,1
3,same_or_following_session,1,1,3,2025-09-16,2025-10-20T16:43:26,kognition,regulation,0,0.45970165312585803,0.79067901234568,1,1,1
0,same_or_following_session,1,1,3,2025-09-23,2025-09-29T15:35:00,kognition,methodik,0,0.3071652499259825,0.71578947368421,1,1,1
1,same_or_following_session,1,1,3,2025-09-23,2025-10-20T15:35:00,kognition,kognition,1,0.3071652499259825,0.88936170212766,1,1,1
2,same_or_following_session,1,1,3,2025-09-23,2025-10-20T16:43:26,kognition,regulation,0,0.3071652499259825,0.79067901234568,1,1,1
3,same_or_following_session,1,1,3,2025-09-23,2025-10-27T15:35:00,kognition,affektiv,0,0.3071652499259825,0.67765957446809,1,1,1
0,same_or_following_session,1,1,3,2025-09-30,2025-10-20T15:35:00,regulation,kognition,0,0.48634489980713,0.88936170212766,1,1,1
1,same_or_following_session,1,1,3,2025-09-30,2025-10-20T16:43:26,regulation,regulation,1,0.48634489980713,0.79067901234568,1,1,1
2,same_or_following_session,1,1,3,2025-09-30,2025-10-27T15:35:00,regulation,affektiv,0,0.48634489980713,0.67765957446809,1,1,1
3,same_or_following_session,1,1,3,2025-09-30,2025-10-27T16:46:37,regulation,sozial,0,0.48634489980713,0.70695652173913,1,1,1
0,same_or_following_session,1,1,3,2025-10-07,2025-10-20T15:35:00,kognition,kognition,1,0.5200630978133101,0.88936170212766,1,1,1
1,same_or_following_session,1,1,3,2025-10-07,2025-10-20T16:43:26,kognition,regulation,0,0.5200630978133101,0.79067901234568,1,1,1
2,same_or_following_session,1,1,3,2025-10-07,2025-10-27T15:35:00,kognition,affektiv,0,0.5200630978133101,0.67765957446809,1,1,1
3,same_or_following_session,1,1,3,2025-10-07,2025-10-27T16:46:37,kognition,sozial,0,0.5200630978133101,0.70695652173913,1,1,1
0,same_or_following_session,1,1,3,2025-10-21,2025-10-27T15:35:00,kognition,affektiv,0,0.4821695428914375,0.67765957446809,1,1,1
1,same_or_following_session,1,1,3,2025-10-21,2025-10-27T16:46:37,kognition,sozial,0,0.4821695428914375,0.70695652173913,1,1,1
2,same_or_following_session,1,1,3,2025-10-21,2025-11-03T15:35:00,kognition,sozial,0,0.4821695428914375,0.80190476190476,1,1,1
3,same_or_following_session,1,1,3,2025-10-21,2025-11-03T16:55:09,kognition,methodik,0,0.4821695428914375,0.6,1,1,1
0,same_or_following_session,1,1,3,2025-10-28,2025-11-03T15:35:00,kognition,sozial,0,0.4873181174111575,0.80190476190476,1,1,1
1,same_or_following_session,1,1,3,2025-10-28,2025-11-03T16:55:09,kognition,methodik,0,0.4873181174111575,0.6,1,1,1
2,same_or_following_session,1,1,3,2025-10-28,2025-11-03T16:56:05,kognition,sozial,0,0.4873181174111575,0.78857142857143,1,1,1
3,same_or_following_session,1,1,3,2025-10-28,2025-11-03T16:56:09,kognition,sozial,0,0.4873181174111575,0.78857142857143,1,1,1
0,same_or_following_session,1,1,3,2025-11-04,2025-11-10T15:35:00,regulation,sozial,0,0.45806859948712997,0.8,1,1,1
1,same_or_following_session,1,1,3,2025-11-04,2025-11-10T15:35:00,regulation,regulation,1,0.45806859948712997,0.6774,1,1,1
2,same_or_following_session,1,1,3,2025-11-04,2025-11-10T17:01:44,regulation,sozial,0,0.45806859948712997,0.8,1,1,1
3,same_or_following_session,1,1,3,2025-11-04,2025-11-17T15:35:00,regulation,methodik,0,0.45806859948712997,0.71578947368421,1,1,1
0,same_or_following_session,1,1,3,2025-11-11,2025-11-17T15:35:00,regulation,methodik,0,0.43277595901633503,0.71578947368421,1,1,1
1,same_or_following_session,1,1,3,2025-11-11,2025-11-17T17:10:00,regulation,affektiv,0,0.43277595901633503,0.83540540540541,1,1,1
2,same_or_following_session,1,1,3,2025-11-11,2025-11-24T15:35:00,regulation,performanz,0,0.43277595901633503,0.90697674418605,1,1,1
3,same_or_following_session,1,1,3,2025-11-11,2025-11-24T15:35:00,regulation,methodik,0,0.43277595901633503,0.88421052631579,1,1,1
0,same_or_following_session,1,1,3,2025-11-18,2025-11-24T15:35:00,kognition,performanz,0,0.4786767164694025,0.90697674418605,1,1,1
1,same_or_following_session,1,1,3,2025-11-18,2025-11-24T15:35:00,kognition,methodik,0,0.4786767164694025,0.88421052631579,1,1,1
2,same_or_following_session,1,1,3,2025-11-18,2025-11-24T15:35:00,kognition,methodik,0,0.4786767164694025,0.88421052631579,1,1,1
3,same_or_following_session,1,1,3,2025-11-18,2025-12-08T15:35:00,kognition,performanz,0,0.4786767164694025,0.92558139534884,1,1,1
0,same_or_following_session,1,1,3,2025-11-25,2025-12-08T15:35:00,kognition,performanz,0,0.4671616768119875,0.92558139534884,1,1,1
1,same_or_following_session,1,1,3,2025-11-25,2025-12-08T15:35:00,kognition,methodik,0,0.4671616768119875,0.89473684210526,1,1,1
2,same_or_following_session,1,1,3,2025-11-25,2025-12-08T15:35:00,kognition,methodik,0,0.4671616768119875,0.89473684210526,1,1,1
3,same_or_following_session,1,1,3,2025-11-25,2026-01-12T15:35:00,kognition,methodik,0,0.4671616768119875,0.92631578947368,1,1,1
0,same_or_following_session,1,1,3,2025-12-02,2025-12-08T15:35:00,kognition,performanz,0,0.35890863255767796,0.92558139534884,1,1,1
1,same_or_following_session,1,1,3,2025-12-02,2025-12-08T15:35:00,kognition,methodik,0,0.35890863255767796,0.89473684210526,1,1,1
2,same_or_following_session,1,1,3,2025-12-02,2025-12-08T15:35:00,kognition,methodik,0,0.35890863255767796,0.89473684210526,1,1,1
3,same_or_following_session,1,1,3,2025-12-02,2026-01-12T15:35:00,kognition,methodik,0,0.35890863255767796,0.92631578947368,1,1,1
0,same_or_following_session,1,1,3,2025-12-09,2026-01-12T15:35:00,kognition,methodik,0,0.50860205218724,0.92631578947368,1,1,1
1,same_or_following_session,1,1,3,2025-12-09,2026-01-19T15:35:00,kognition,sozial,0,0.50860205218724,0.69473684210526,1,1,1
2,same_or_following_session,1,1,3,2025-12-09,2026-01-19T15:35:00,kognition,sozial,0,0.50860205218724,0.96521739130435,1,1,1
3,same_or_following_session,1,1,3,2025-12-09,2026-02-02T15:35:00,kognition,affektiv,0,0.50860205218724,0.75962162162162,1,1,1
0,same_or_following_session,19,1,3,2026-01-06,2026-01-12T15:35:00,kognition,methodik,0,0.535528727002618,0.92631578947368,1,1,1
1,same_or_following_session,19,1,3,2026-01-06,2026-01-19T15:35:00,kognition,sozial,0,0.535528727002618,0.69473684210526,1,1,1
2,same_or_following_session,19,1,3,2026-01-06,2026-01-19T15:35:00,kognition,sozial,0,0.535528727002618,0.96521739130435,1,1,1
3,same_or_following_session,19,1,3,2026-01-06,2026-02-02T15:35:00,kognition,affektiv,0,0.535528727002618,0.75962162162162,1,1,1
0,same_or_following_session,19,1,3,2026-01-13,2026-01-19T15:35:00,kognition,sozial,0,0.45096103050008,0.69473684210526,1,1,1
1,same_or_following_session,19,1,3,2026-01-13,2026-01-19T15:35:00,kognition,sozial,0,0.45096103050008,0.96521739130435,1,1,1
2,same_or_following_session,19,1,3,2026-01-13,2026-02-02T15:35:00,kognition,affektiv,0,0.45096103050008,0.75962162162162,1,1,1
3,same_or_following_session,19,1,3,2026-01-13,2026-02-02T15:35:00,kognition,methodik,0,0.45096103050008,0.82105263157895,1,1,1
0,same_or_following_session,19,1,3,2026-01-27,2026-02-02T15:35:00,kognition,affektiv,0,0.4607052227900475,0.75962162162162,1,1,1
1,same_or_following_session,19,1,3,2026-01-27,2026-02-02T15:35:00,kognition,methodik,0,0.4607052227900475,0.82105263157895,1,1,1
2,same_or_following_session,19,1,3,2026-01-27,2026-02-02T15:35:00,kognition,methodik,0,0.4607052227900475,0.67368421052632,1,1,1
0,same_or_following_session,1,1,43,2025-11-03,2025-11-03T16:55:09,performanz,methodik,0,0.47379356826992,0.6,1,1,1
1,same_or_following_session,1,1,43,2025-11-03,2025-11-10T17:01:44,performanz,sozial,0,0.47379356826992,0.8,1,1,1
2,same_or_following_session,1,1,43,2025-11-03,2025-11-17T17:10:00,performanz,affektiv,0,0.47379356826992,0.83540540540541,1,1,1
3,same_or_following_session,1,1,43,2025-11-03,2025-11-24T15:35:00,performanz,methodik,0,0.47379356826992,0.88421052631579,1,1,1
0,same_or_following_session,1,1,43,2025-11-10,2025-11-10T17:01:44,kognition,sozial,0,0.478427457127436,0.8,1,1,1
1,same_or_following_session,1,1,43,2025-11-10,2025-11-17T17:10:00,kognition,affektiv,0,0.478427457127436,0.83540540540541,1,1,1
2,same_or_following_session,1,1,43,2025-11-10,2025-11-24T15:35:00,kognition,methodik,0,0.478427457127436,0.88421052631579,1,1,1
3,same_or_following_session,1,1,43,2025-11-10,2025-11-24T15:35:00,kognition,methodik,0,0.478427457127436,0.88421052631579,1,1,1
0,same_or_following_session,1,1,43,2025-11-17,2025-11-17T17:10:00,kognition,affektiv,0,0.532044714044774,0.83540540540541,1,1,1
1,same_or_following_session,1,1,43,2025-11-17,2025-11-24T15:35:00,kognition,methodik,0,0.532044714044774,0.88421052631579,1,1,1
2,same_or_following_session,1,1,43,2025-11-17,2025-11-24T15:35:00,kognition,methodik,0,0.532044714044774,0.88421052631579,1,1,1
3,same_or_following_session,1,1,43,2025-11-17,2025-12-08T15:35:00,kognition,methodik,0,0.532044714044774,0.89473684210526,1,1,1
0,same_or_following_session,1,1,43,2025-11-24,2025-11-24T15:35:00,performanz,methodik,0,0.471199455927195,0.88421052631579,1,1,1
1,same_or_following_session,1,1,43,2025-11-24,2025-11-24T15:35:00,performanz,methodik,0,0.471199455927195,0.88421052631579,1,1,1
2,same_or_following_session,1,1,43,2025-11-24,2025-12-08T15:35:00,performanz,methodik,0,0.471199455927195,0.89473684210526,1,1,1
3,same_or_following_session,1,1,43,2025-11-24,2025-12-08T15:35:00,performanz,methodik,0,0.471199455927195,0.89473684210526,1,1,1
0,same_or_following_session,1,1,43,2025-12-01,2025-12-08T15:35:00,kognition,methodik,0,0.502499978835804,0.89473684210526,1,1,1
1,same_or_following_session,1,1,43,2025-12-01,2025-12-08T15:35:00,kognition,methodik,0,0.502499978835804,0.89473684210526,1,1,1
2,same_or_following_session,1,1,43,2025-12-01,2026-01-12T15:35:00,kognition,methodik,0,0.502499978835804,0.92631578947368,1,1,1
3,same_or_following_session,1,1,43,2025-12-01,2026-01-19T15:35:00,kognition,sozial,0,0.502499978835804,0.96521739130435,1,1,1
0,same_or_following_session,1,1,43,2025-12-08,2025-12-08T15:35:00,regulation,methodik,0,0.444050101477125,0.89473684210526,1,1,1
1,same_or_following_session,1,1,43,2025-12-08,2025-12-08T15:35:00,regulation,methodik,0,0.444050101477125,0.89473684210526,1,1,1
2,same_or_following_session,1,1,43,2025-12-08,2026-01-12T15:35:00,regulation,methodik,0,0.444050101477125,0.92631578947368,1,1,1
3,same_or_following_session,1,1,43,2025-12-08,2026-01-19T15:35:00,regulation,sozial,0,0.444050101477125,0.96521739130435,1,1,1
0,same_or_following_session,12,1,43,2025-12-15,2026-01-12T15:35:00,kognition,methodik,0,0.4846731561336525,0.92631578947368,1,1,1
1,same_or_following_session,12,1,43,2025-12-15,2026-01-19T15:35:00,kognition,sozial,0,0.4846731561336525,0.96521739130435,1,1,1
2,same_or_following_session,12,1,43,2025-12-15,2026-02-02T15:35:00,kognition,methodik,0,0.4846731561336525,0.82105263157895,1,1,1
0,same_or_following_session,24,1,43,2026-01-05,2026-01-12T15:35:00,kognition,methodik,0,0.49679153612579,0.92631578947368,1,1,1
1,same_or_following_session,24,1,43,2026-01-05,2026-01-19T15:35:00,kognition,sozial,0,0.49679153612579,0.96521739130435,1,1,1
2,same_or_following_session,24,1,43,2026-01-05,2026-02-02T15:35:00,kognition,methodik,0,0.49679153612579,0.82105263157895,1,1,1
0,same_or_following_session,1,1,43,2026-01-12,2026-01-12T15:35:00,kognition,methodik,0,0.511010034937202,0.92631578947368,1,1,1
1,same_or_following_session,1,1,43,2026-01-12,2026-01-19T15:35:00,kognition,sozial,0,0.511010034937202,0.96521739130435,1,1,1
2,same_or_following_session,1,1,43,2026-01-12,2026-02-02T15:35:00,kognition,methodik,0,0.511010034937202,0.82105263157895,1,1,1
0,same_or_following_session,1,1,43,2026-01-19,2026-01-19T15:35:00,kognition,sozial,0,0.5455936764267,0.96521739130435,1,1,1
1,same_or_following_session,1,1,43,2026-01-19,2026-02-02T15:35:00,kognition,methodik,0,0.5455936764267,0.82105263157895,1,1,1
0,same_or_following_session,12,1,43,2026-01-26,2026-02-02T15:35:00,kognition,methodik,0,0.498720556580065,0.82105263157895,1,1,1
0,same_or_following_session,1,2,16,2025-09-01,2025-09-08T17:10:00,kognition,methodik,0,0.5071701371009121,0.89473684210526,1,1,1
1,same_or_following_session,1,2,16,2025-09-01,2025-09-15T17:10:00,kognition,sozial,0,0.5071701371009121,0.8,1,1,1
2,same_or_following_session,1,2,16,2025-09-01,2025-09-22T17:10:00,kognition,methodik,0,0.5071701371009121,0.89473684210526,1,1,1
3,same_or_following_session,1,2,16,2025-09-01,2025-09-29T17:10:00,kognition,methodik,0,0.5071701371009121,1.0,1,1,1
0,same_or_following_session,1,2,16,2025-09-08,2025-09-08T17:10:00,kognition,methodik,0,0.49188389727464,0.89473684210526,1,1,1
1,same_or_following_session,1,2,16,2025-09-08,2025-09-15T17:10:00,kognition,sozial,0,0.49188389727464,0.8,1,1,1
2,same_or_following_session,1,2,16,2025-09-08,2025-09-22T17:10:00,kognition,methodik,0,0.49188389727464,0.89473684210526,1,1,1
3,same_or_following_session,1,2,16,2025-09-08,2025-09-29T17:10:00,kognition,methodik,0,0.49188389727464,1.0,1,1,1
0,same_or_following_session,1,2,16,2025-09-15,2025-09-15T17:10:00,kognition,sozial,0,0.4380433424021217,0.8,1,1,1
1,same_or_following_session,1,2,16,2025-09-15,2025-09-22T17:10:00,kognition,methodik,0,0.4380433424021217,0.89473684210526,1,1,1
2,same_or_following_session,1,2,16,2025-09-15,2025-09-29T17:10:00,kognition,methodik,0,0.4380433424021217,1.0,1,1,1
3,same_or_following_session,1,2,16,2025-09-15,2025-10-27T17:10:00,kognition,methodik,0,0.4380433424021217,1.0,1,1,1
0,same_or_following_session,1,2,16,2025-09-22,2025-09-22T17:10:00,kognition,methodik,0,0.53399570879529,0.89473684210526,1,1,1
1,same_or_following_session,1,2,16,2025-09-22,2025-09-29T17:10:00,kognition,methodik,0,0.53399570879529,1.0,1,1,1
2,same_or_following_session,1,2,16,2025-09-22,2025-10-27T17:10:00,kognition,methodik,0,0.53399570879529,1.0,1,1,1
3,same_or_following_session,1,2,16,2025-09-22,2025-11-03T17:10:00,kognition,methodik,0,0.53399570879529,1.0,1,1,1
0,same_or_following_session,1,2,16,2025-09-29,2025-09-29T17:10:00,kognition,methodik,0,0.529160786556656,1.0,1,1,1
1,same_or_following_session,1,2,16,2025-09-29,2025-10-27T17:10:00,kognition,methodik,0,0.529160786556656,1.0,1,1,1
2,same_or_following_session,1,2,16,2025-09-29,2025-11-03T17:10:00,kognition,methodik,0,0.529160786556656,1.0,1,1,1
3,same_or_following_session,1,2,16,2025-09-29,2025-11-10T17:10:00,kognition,methodik,0,0.529160786556656,1.0,1,1,1
0,same_or_following_session,1,2,16,2025-10-20,2025-10-27T17:10:00,kognition,methodik,0,0.5338569932636179,1.0,1,1,1
1,same_or_following_session,1,2,16,2025-10-20,2025-11-03T17:10:00,kognition,methodik,0,0.5338569932636179,1.0,1,1,1
2,same_or_following_session,1,2,16,2025-10-20,2025-11-10T17:10:00,kognition,methodik,0,0.5338569932636179,1.0,1,1,1
3,same_or_following_session,1,2,16,2025-10-20,2025-11-24T18:32:51,kognition,methodik,0,0.5338569932636179,1.0,1,1,1
0,same_or_following_session,1,2,16,2025-10-27,2025-10-27T17:10:00,kognition,methodik,0,0.5159049360712525,1.0,1,1,1
1,same_or_following_session,1,2,16,2025-10-27,2025-11-03T17:10:00,kognition,methodik,0,0.5159049360712525,1.0,1,1,1
2,same_or_following_session,1,2,16,2025-10-27,2025-11-10T17:10:00,kognition,methodik,0,0.5159049360712525,1.0,1,1,1
3,same_or_following_session,1,2,16,2025-10-27,2025-11-24T18:32:51,kognition,methodik,0,0.5159049360712525,1.0,1,1,1
0,same_or_following_session,1,2,16,2025-11-03,2025-11-03T17:10:00,kognition,methodik,0,0.4762644037622925,1.0,1,1,1
1,same_or_following_session,1,2,16,2025-11-03,2025-11-10T17:10:00,kognition,methodik,0,0.4762644037622925,1.0,1,1,1
2,same_or_following_session,1,2,16,2025-11-03,2025-11-24T18:32:51,kognition,methodik,0,0.4762644037622925,1.0,1,1,1
3,same_or_following_session,1,2,16,2025-11-03,2025-12-08T18:25:18,kognition,kognition,1,0.4762644037622925,1.0,1,1,1
0,same_or_following_session,1,2,16,2025-11-10,2025-11-10T17:10:00,kognition,methodik,0,0.491867792348842,1.0,1,1,1
1,same_or_following_session,1,2,16,2025-11-10,2025-11-24T18:32:51,kognition,methodik,0,0.491867792348842,1.0,1,1,1
2,same_or_following_session,1,2,16,2025-11-10,2025-12-08T18:25:18,kognition,kognition,1,0.491867792348842,1.0,1,1,1
3,same_or_following_session,1,2,16,2025-11-10,2026-02-02T17:10:00,kognition,methodik,0,0.491867792348842,1.0,1,1,1
0,same_or_following_session,1,2,16,2025-11-24,2025-11-24T18:32:51,kognition,methodik,0,0.55260200559326,1.0,1,1,1
1,same_or_following_session,1,2,16,2025-11-24,2025-12-08T18:25:18,kognition,kognition,1,0.55260200559326,1.0,1,1,1
2,same_or_following_session,1,2,16,2025-11-24,2026-02-02T17:10:00,kognition,methodik,0,0.55260200559326,1.0,1,1,1
0,same_or_following_session,1,2,16,2025-12-01,2025-12-08T18:25:18,kognition,kognition,1,0.50626452194937,1.0,1,1,1
1,same_or_following_session,1,2,16,2025-12-01,2026-02-02T17:10:00,kognition,methodik,0,0.50626452194937,1.0,1,1,1
0,same_or_following_session,1,2,16,2025-12-08,2025-12-08T18:25:18,regulation,kognition,0,0.453790552203435,1.0,1,1,1
1,same_or_following_session,1,2,16,2025-12-08,2026-02-02T17:10:00,regulation,methodik,0,0.453790552203435,1.0,1,1,1
0,same_or_following_session,19,2,16,2025-12-15,2026-02-02T17:10:00,kognition,methodik,0,0.498168692759062,1.0,1,1,1
0,same_or_following_session,1,2,20,2025-09-01,2025-09-08T17:10:00,kognition,methodik,0,0.48167151675667197,1.0,1,1,1
1,same_or_following_session,1,2,20,2025-09-01,2025-09-15T17:10:00,kognition,methodik,0,0.48167151675667197,1.0,1,1,1
2,same_or_following_session,1,2,20,2025-09-01,2025-09-22T17:10:00,kognition,sozial,0,0.48167151675667197,0.89473684210526,1,1,1
3,same_or_following_session,1,2,20,2025-09-01,2025-09-29T17:10:00,kognition,methodik,0,0.48167151675667197,1.0,1,1,1
0,same_or_following_session,1,2,20,2025-09-08,2025-09-08T17:10:00,kognition,methodik,0,0.532008077306966,1.0,1,1,1
1,same_or_following_session,1,2,20,2025-09-08,2025-09-15T17:10:00,kognition,methodik,0,0.532008077306966,1.0,1,1,1
2,same_or_following_session,1,2,20,2025-09-08,2025-09-22T17:10:00,kognition,sozial,0,0.532008077306966,0.89473684210526,1,1,1
3,same_or_following_session,1,2,20,2025-09-08,2025-09-29T17:10:00,kognition,methodik,0,0.532008077306966,1.0,1,1,1
0,same_or_following_session,1,2,20,2025-09-15,2025-09-15T17:10:00,performanz,methodik,0,0.492115872103294,1.0,1,1,1
1,same_or_following_session,1,2,20,2025-09-15,2025-09-22T17:10:00,performanz,sozial,0,0.492115872103294,0.89473684210526,1,1,1
2,same_or_following_session,1,2,20,2025-09-15,2025-09-29T17:10:00,performanz,methodik,0,0.492115872103294,1.0,1,1,1
3,same_or_following_session,1,2,20,2025-09-15,2025-10-20T17:10:00,performanz,methodik,0,0.492115872103294,1.0,1,1,1
0,same_or_following_session,1,2,20,2025-09-22,2025-09-22T17:10:00,kognition,sozial,0,0.51163337607565,0.89473684210526,1,1,1
1,same_or_following_session,1,2,20,2025-09-22,2025-09-29T17:10:00,kognition,methodik,0,0.51163337607565,1.0,1,1,1
2,same_or_following_session,1,2,20,2025-09-22,2025-10-20T17:10:00,kognition,methodik,0,0.51163337607565,1.0,1,1,1
3,same_or_following_session,1,2,20,2025-09-22,2025-10-27T17:10:00,kognition,methodik,0,0.51163337607565,1.0,1,1,1
0,same_or_following_session,1,2,20,2025-09-29,2025-09-29T17:10:00,performanz,methodik,0,0.301392093428258,1.0,1,1,1
1,same_or_following_session,1,2,20,2025-09-29,2025-10-20T17:10:00,performanz,methodik,0,0.301392093428258,1.0,1,1,1
2,same_or_following_session,1,2,20,2025-09-29,2025-10-27T17:10:00,performanz,methodik,0,0.301392093428258,1.0,1,1,1
3,same_or_following_session,1,2,20,2025-09-29,2025-11-03T17:10:00,performanz,methodik,0,0.301392093428258,1.0,1,1,1
0,same_or_following_session,1,2,20,2025-10-20,2025-10-20T17:10:00,regulation,methodik,0,0.43287311712001497,1.0,1,1,1
1,same_or_following_session,1,2,20,2025-10-20,2025-10-27T17:10:00,regulation,methodik,0,0.43287311712001497,1.0,1,1,1
2,same_or_following_session,1,2,20,2025-10-20,2025-11-03T17:10:00,regulation,methodik,0,0.43287311712001497,1.0,1,1,1
3,same_or_following_session,1,2,20,2025-10-20,2025-11-10T17:10:00,regulation,methodik,0,0.43287311712001497,1.0,1,1,1
0,same_or_following_session,1,2,20,2025-10-27,2025-10-27T17:10:00,kognition,methodik,0,0.5034876483553481,1.0,1,1,1
1,same_or_following_session,1,2,20,2025-10-27,2025-11-03T17:10:00,kognition,methodik,0,0.5034876483553481,1.0,1,1,1
2,same_or_following_session,1,2,20,2025-10-27,2025-11-10T17:10:00,kognition,methodik,0,0.5034876483553481,1.0,1,1,1
3,same_or_following_session,1,2,20,2025-10-27,2025-11-17T17:10:00,kognition,methodik,0,0.5034876483553481,0.77894736842105,1,1,1
0,same_or_following_session,1,2,20,2025-11-03,2025-11-03T17:10:00,kognition,methodik,0,0.45248862985501603,1.0,1,1,1
1,same_or_following_session,1,2,20,2025-11-03,2025-11-10T17:10:00,kognition,methodik,0,0.45248862985501603,1.0,1,1,1
2,same_or_following_session,1,2,20,2025-11-03,2025-11-17T17:10:00,kognition,methodik,0,0.45248862985501603,0.77894736842105,1,1,1
3,same_or_following_session,1,2,20,2025-11-03,2025-11-24T17:10:00,kognition,kognition,1,0.45248862985501603,1.0,1,1,1
0,same_or_following_session,1,2,20,2025-11-10,2025-11-10T17:10:00,performanz,methodik,0,0.45715900353767003,1.0,1,1,1
1,same_or_following_session,1,2,20,2025-11-10,2025-11-17T17:10:00,performanz,methodik,0,0.45715900353767003,0.77894736842105,1,1,1
2,same_or_following_session,1,2,20,2025-11-10,2025-11-24T17:10:00,performanz,kognition,0,0.45715900353767003,1.0,1,1,1
3,same_or_following_session,1,2,20,2025-11-10,2025-12-08T17:10:00,performanz,methodik,0,0.45715900353767003,0.92631578947368,1,1,1
0,same_or_following_session,1,2,20,2025-11-17,2025-11-17T17:10:00,kognition,methodik,0,0.52556564887034,0.77894736842105,1,1,1
1,same_or_following_session,1,2,20,2025-11-17,2025-11-24T17:10:00,kognition,kognition,1,0.52556564887034,1.0,1,1,1
2,same_or_following_session,1,2,20,2025-11-17,2025-12-08T17:10:00,kognition,methodik,0,0.52556564887034,0.92631578947368,1,1,1
0,same_or_following_session,1,2,20,2025-11-24,2025-11-24T17:10:00,kognition,kognition,1,0.5084966077113975,1.0,1,1,1
1,same_or_following_session,1,2,20,2025-11-24,2025-12-08T17:10:00,kognition,methodik,0,0.5084966077113975,0.92631578947368,1,1,1
0,same_or_following_session,1,2,20,2025-12-01,2025-12-08T17:10:00,performanz,methodik,0,0.53043284103464,0.92631578947368,1,1,1
0,same_or_following_session,1,2,20,2025-12-08,2025-12-08T17:10:00,performanz,methodik,0,0.5005447111933561,0.92631578947368,1,1,1
0,same_or_following_session,1,2,21,2025-09-01,2025-09-08T17:10:00,kognition,methodik,0,0.49778149094095747,1.0,1,1,1
1,same_or_following_session,1,2,21,2025-09-01,2025-09-15T17:10:00,kognition,methodik,0,0.49778149094095747,1.0,1,1,1
2,same_or_following_session,1,2,21,2025-09-01,2025-09-22T17:10:00,kognition,methodik,0,0.49778149094095747,0.89473684210526,1,1,1
3,same_or_following_session,1,2,21,2025-09-01,2025-09-29T17:10:00,kognition,sozial,0,0.49778149094095747,1.0,1,1,1
0,same_or_following_session,1,2,21,2025-09-08,2025-09-08T17:10:00,performanz,methodik,0,0.5061058321779875,1.0,1,1,1
1,same_or_following_session,1,2,21,2025-09-08,2025-09-15T17:10:00,performanz,methodik,0,0.5061058321779875,1.0,1,1,1
2,same_or_following_session,1,2,21,2025-09-08,2025-09-22T17:10:00,performanz,methodik,0,0.5061058321779875,0.89473684210526,1,1,1
3,same_or_following_session,1,2,21,2025-09-08,2025-09-29T17:10:00,performanz,sozial,0,0.5061058321779875,1.0,1,1,1
0,same_or_following_session,1,2,21,2025-09-15,2025-09-15T17:10:00,performanz,methodik,0,0.4700528062013675,1.0,1,1,1
1,same_or_following_session,1,2,21,2025-09-15,2025-09-22T17:10:00,performanz,methodik,0,0.4700528062013675,0.89473684210526,1,1,1
2,same_or_following_session,1,2,21,2025-09-15,2025-09-29T17:10:00,performanz,sozial,0,0.4700528062013675,1.0,1,1,1
3,same_or_following_session,1,2,21,2025-09-15,2025-10-20T17:10:00,performanz,methodik,0,0.4700528062013675,0.82105263157895,1,1,1
0,same_or_following_session,1,2,21,2025-09-22,2025-09-22T17:10:00,performanz,methodik,0,0.4593378653796475,0.89473684210526,1,1,1
1,same_or_following_session,1,2,21,2025-09-22,2025-09-29T17:10:00,performanz,sozial,0,0.4593378653796475,1.0,1,1,1
2,same_or_following_session,1,2,21,2025-09-22,2025-10-20T17:10:00,performanz,methodik,0,0.4593378653796475,0.82105263157895,1,1,1
3,same_or_following_session,1,2,21,2025-09-22,2025-10-20T17:10:00,performanz,methodik,0,0.4593378653796475,0.82105263157895,1,1,1
0,same_or_following_session,1,2,21,2025-09-29,2025-09-29T17:10:00,kognition,sozial,0,0.5043086522954325,1.0,1,1,1
1,same_or_following_session,1,2,21,2025-09-29,2025-10-20T17:10:00,kognition,methodik,0,0.5043086522954325,0.82105263157895,1,1,1
2,same_or_following_session,1,2,21,2025-09-29,2025-10-20T17:10:00,kognition,methodik,0,0.5043086522954325,0.82105263157895,1,1,1
3,same_or_following_session,1,2,21,2025-09-29,2025-10-27T17:10:00,kognition,methodik,0,0.5043086522954325,1.0,1,1,1
0,same_or_following_session,1,2,21,2025-10-20,2025-10-20T17:10:00,kognition,methodik,0,0.506736202218324,0.82105263157895,1,1,1
1,same_or_following_session,1,2,21,2025-10-20,2025-10-20T17:10:00,kognition,methodik,0,0.506736202218324,0.82105263157895,1,1,1
2,same_or_following_session,1,2,21,2025-10-20,2025-10-27T17:10:00,kognition,methodik,0,0.506736202218324,1.0,1,1,1
3,same_or_following_session,1,2,21,2025-10-20,2025-11-03T17:10:00,kognition,methodik,0,0.506736202218324,0.88421052631579,1,1,1
0,same_or_following_session,1,2,21,2025-10-27,2025-10-27T17:10:00,kognition,methodik,0,0.53951472615176,1.0,1,1,1
1,same_or_following_session,1,2,21,2025-10-27,2025-11-03T17:10:00,kognition,methodik,0,0.53951472615176,0.88421052631579,1,1,1
2,same_or_following_session,1,2,21,2025-10-27,2025-11-03T17:10:00,kognition,methodik,0,0.53951472615176,0.88421052631579,1,1,1
3,same_or_following_session,1,2,21,2025-10-27,2025-11-10T17:10:00,kognition,methodik,0,0.53951472615176,0.88421052631579,1,1,1
0,same_or_following_session,1,2,21,2025-11-03,2025-11-03T17:10:00,kognition,methodik,0,0.529715664753612,0.88421052631579,1,1,1
1,same_or_following_session,1,2,21,2025-11-03,2025-11-03T17:10:00,kognition,methodik,0,0.529715664753612,0.88421052631579,1,1,1
2,same_or_following_session,1,2,21,2025-11-03,2025-11-10T17:10:00,kognition,methodik,0,0.529715664753612,0.88421052631579,1,1,1
3,same_or_following_session,1,2,21,2025-11-03,2025-11-17T17:10:00,kognition,sozial,0,0.529715664753612,1.0,1,1,1
0,same_or_following_session,1,2,21,2025-11-10,2025-11-10T17:10:00,kognition,methodik,0,0.32228215119582504,0.88421052631579,1,1,1
1,same_or_following_session,1,2,21,2025-11-10,2025-11-17T17:10:00,kognition,sozial,0,0.32228215119582504,1.0,1,1,1
2,same_or_following_session,1,2,21,2025-11-10,2025-11-24T17:10:00,kognition,methodik,0,0.32228215119582504,1.0,1,1,1
3,same_or_following_session,1,2,21,2025-11-10,2025-12-08T17:10:00,kognition,sozial,0,0.32228215119582504,0.98285714285714,1,1,1
0,same_or_following_session,1,2,21,2025-11-17,2025-11-17T17:10:00,kognition,sozial,0,0.5042816765676825,1.0,1,1,1
1,same_or_following_session,1,2,21,2025-11-17,2025-11-24T17:10:00,kognition,methodik,0,0.5042816765676825,1.0,1,1,1
2,same_or_following_session,1,2,21,2025-11-17,2025-12-08T17:10:00,kognition,sozial,0,0.5042816765676825,0.98285714285714,1,1,1
3,same_or_following_session,1,2,21,2025-11-17,2026-02-02T17:10:00,kognition,sozial,0,0.5042816765676825,1.0,1,1,1
0,same_or_following_session,1,2,21,2025-11-24,2025-11-24T17:10:00,kognition,methodik,0,0.5070172688432975,1.0,1,1,1
1,same_or_following_session,1,2,21,2025-11-24,2025-12-08T17:10:00,kognition,sozial,0,0.5070172688432975,0.98285714285714,1,1,1
2,same_or_following_session,1,2,21,2025-11-24,2026-02-02T17:10:00,kognition,sozial,0,0.5070172688432975,1.0,1,1,1
0,same_or_following_session,1,2,21,2025-12-01,2025-12-08T17:10:00,performanz,sozial,0,0.46760270535588,0.98285714285714,1,1,1
1,same_or_following_session,1,2,21,2025-12-01,2026-02-02T17:10:00,performanz,sozial,0,0.46760270535588,1.0,1,1,1
0,same_or_following_session,1,2,21,2025-12-08,2025-12-08T17:10:00,kognition,sozial,0,0.5460720900956619,0.98285714285714,1,1,1
1,same_or_following_session,1,2,21,2025-12-08,2026-02-02T17:10:00,kognition,sozial,0,0.5460720900956619,1.0,1,1,1
0,same_or_following_session,1,2,22,2025-10-07,2025-10-20T17:10:00,performanz,methodik,0,0.49786213924003997,1.0,1,1,1
1,same_or_following_session,1,2,22,2025-10-07,2025-10-20T17:10:00,performanz,methodik,0,0.49786213924003997,0.82105263157895,1,1,1
2,same_or_following_session,1,2,22,2025-10-07,2025-10-20T17:10:00,performanz,methodik,0,0.49786213924003997,0.82105263157895,1,1,1
3,same_or_following_session,1,2,22,2025-10-07,2025-10-20T17:10:00,performanz,methodik,0,0.49786213924003997,0.77894736842105,1,1,1
0,same_or_following_session,1,2,23,2025-09-01,2025-09-15T17:10:00,performanz,sozial,0,0.502388251243845,0.68571428571429,1,1,1
1,same_or_following_session,1,2,23,2025-09-01,2025-09-22T17:10:00,performanz,affektiv,0,0.502388251243845,0.64491233766234,1,1,1
2,same_or_following_session,1,2,23,2025-09-01,2025-09-29T17:10:00,performanz,affektiv,0,0.502388251243845,0.63975877192982,1,1,1
3,same_or_following_session,1,2,23,2025-09-01,2025-10-20T17:10:00,performanz,methodik,0,0.502388251243845,0.77894736842105,1,1,1
0,same_or_following_session,1,2,23,2025-09-15,2025-09-15T17:10:00,motivation,sozial,0,0.46604759800038204,0.68571428571429,1,1,1
1,same_or_following_session,1,2,23,2025-09-15,2025-09-22T17:10:00,motivation,affektiv,0,0.46604759800038204,0.64491233766234,1,1,1
2,same_or_following_session,1,2,23,2025-09-15,2025-09-29T17:10:00,motivation,affektiv,0,0.46604759800038204,0.63975877192982,1,1,1
3,same_or_following_session,1,2,23,2025-09-15,2025-10-20T17:10:00,motivation,methodik,0,0.46604759800038204,0.77894736842105,1,1,1
0,same_or_following_session,1,2,23,2025-09-22,2025-09-22T17:10:00,kognition,affektiv,0,0.473378582389432,0.64491233766234,1,1,1
1,same_or_following_session,1,2,23,2025-09-22,2025-09-29T17:10:00,kognition,affektiv,0,0.473378582389432,0.63975877192982,1,1,1
2,same_or_following_session,1,2,23,2025-09-22,2025-10-20T17:10:00,kognition,methodik,0,0.473378582389432,0.77894736842105,1,1,1
3,same_or_following_session,1,2,23,2025-09-22,2025-10-27T17:10:00,kognition,affektiv,0,0.473378582389432,0.67484649122807,1,1,1
0,same_or_following_session,1,2,23,2025-09-29,2025-09-29T17:10:00,kognition,affektiv,0,0.603329960414395,0.63975877192982,1,1,1
1,same_or_following_session,1,2,23,2025-09-29,2025-10-20T17:10:00,kognition,methodik,0,0.603329960414395,0.77894736842105,1,1,1
2,same_or_following_session,1,2,23,2025-09-29,2025-10-27T17:10:00,kognition,affektiv,0,0.603329960414395,0.67484649122807,1,1,1
3,same_or_following_session,1,2,23,2025-09-29,2025-11-03T17:10:00,kognition,performanz,0,0.603329960414395,0.71162790697674,1,1,1
0,same_or_following_session,1,2,23,2025-10-20,2025-10-20T17:10:00,kognition,methodik,0,0.48956695845707254,0.77894736842105,1,1,1
1,same_or_following_session,1,2,23,2025-10-20,2025-10-27T17:10:00,kognition,affektiv,0,0.48956695845707254,0.67484649122807,1,1,1
2,same_or_following_session,1,2,23,2025-10-20,2025-11-03T17:10:00,kognition,performanz,0,0.48956695845707254,0.71162790697674,1,1,1
3,same_or_following_session,1,2,23,2025-10-20,2025-11-10T17:10:00,kognition,methodik,0,0.48956695845707254,0.88421052631579,1,1,1
0,same_or_following_session,1,2,23,2025-10-27,2025-10-27T17:10:00,performanz,affektiv,0,-0.12464619382676499,0.67484649122807,0,1,0
1,same_or_following_session,1,2,23,2025-10-27,2025-11-03T17:10:00,performanz,performanz,1,-0.12464619382676499,0.71162790697674,0,1,0
2,same_or_following_session,1,2,23,2025-10-27,2025-11-10T17:10:00,performanz,methodik,0,-0.12464619382676499,0.88421052631579,0,1,0
3,same_or_following_session,1,2,23,2025-10-27,2025-11-17T17:10:00,performanz,affektiv,0,-0.12464619382676499,0.73453070175439,0,1,0
0,same_or_following_session,1,2,23,2025-11-03,2025-11-03T17:10:00,regulation,performanz,0,0.50936959947114,0.71162790697674,1,1,1
1,same_or_following_session,1,2,23,2025-11-03,2025-11-10T17:10:00,regulation,methodik,0,0.50936959947114,0.88421052631579,1,1,1
2,same_or_following_session,1,2,23,2025-11-03,2025-11-17T17:10:00,regulation,affektiv,0,0.50936959947114,0.73453070175439,1,1,1
3,same_or_following_session,1,2,23,2025-11-03,2025-11-24T17:10:00,regulation,performanz,0,0.50936959947114,0.71162790697674,1,1,1
0,same_or_following_session,1,2,23,2025-11-10,2025-11-10T17:10:00,performanz,methodik,0,0.4814720610019,0.88421052631579,1,1,1
1,same_or_following_session,1,2,23,2025-11-10,2025-11-17T17:10:00,performanz,affektiv,0,0.4814720610019,0.73453070175439,1,1,1
2,same_or_following_session,1,2,23,2025-11-10,2025-11-24T17:10:00,performanz,performanz,1,0.4814720610019,0.71162790697674,1,1,1
3,same_or_following_session,1,2,23,2025-11-10,2025-12-08T17:10:00,performanz,sozial,0,0.4814720610019,0.71578947368421,1,1,1
0,same_or_following_session,1,2,23,2025-11-17,2025-11-17T17:10:00,regulation,affektiv,0,0.47756860869843,0.73453070175439,1,1,1
1,same_or_following_session,1,2,23,2025-11-17,2025-11-24T17:10:00,regulation,performanz,0,0.47756860869843,0.71162790697674,1,1,1
2,same_or_following_session,1,2,23,2025-11-17,2025-12-08T17:10:00,regulation,sozial,0,0.47756860869843,0.71578947368421,1,1,1
0,same_or_following_session,1,2,23,2025-11-24,2025-11-24T17:10:00,regulation,performanz,0,0.48788414226097254,0.71162790697674,1,1,1
1,same_or_following_session,1,2,23,2025-11-24,2025-12-08T17:10:00,regulation,sozial,0,0.48788414226097254,0.71578947368421,1,1,1
0,same_or_following_session,1,2,23,2025-12-08,2025-12-08T17:10:00,performanz,sozial,0,0.48830958505630806,0.71578947368421,1,1,1
0,same_or_following_session,1,2,24,2025-09-30,2025-10-20T17:10:00,kognition,methodik,0,0.26315272076029667,1.0,1,1,1
1,same_or_following_session,1,2,24,2025-09-30,2025-10-20T17:10:00,kognition,methodik,0,0.26315272076029667,0.82105263157895,1,1,1
2,same_or_following_session,1,2,24,2025-09-30,2025-10-20T17:10:00,kognition,methodik,0,0.26315272076029667,0.82105263157895,1,1,1
3,same_or_following_session,1,2,24,2025-09-30,2025-10-20T17:10:00,kognition,methodik,0,0.26315272076029667,0.77894736842105,1,1,1
0,same_or_following_session,1,2,5,2025-09-02,2025-09-08T17:10:00,kognition,kognition,1,0.514729261703918,1.0,1,1,1
1,same_or_following_session,1,2,5,2025-09-02,2025-09-08T17:10:00,kognition,methodik,0,0.514729261703918,0.89473684210526,1,1,1
2,same_or_following_session,1,2,5,2025-09-02,2025-09-08T17:10:00,kognition,methodik,0,0.514729261703918,1.0,1,1,1
3,same_or_following_session,1,2,5,2025-09-02,2025-09-08T17:10:00,kognition,methodik,0,0.514729261703918,1.0,1,1,1
0,same_or_following_session,1,2,5,2025-09-09,2025-09-15T17:10:00,kognition,sozial,0,0.29010198185488,0.8,1,1,1
1,same_or_following_session,1,2,5,2025-09-09,2025-09-15T17:10:00,kognition,methodik,0,0.29010198185488,1.0,1,1,1
2,same_or_following_session,1,2,5,2025-09-09,2025-09-15T17:10:00,kognition,methodik,0,0.29010198185488,1.0,1,1,1
3,same_or_following_session,1,2,5,2025-09-09,2025-09-15T17:10:00,kognition,sozial,0,0.29010198185488,0.68571428571429,1,1,1
0,same_or_following_session,1,2,5,2025-09-16,2025-09-22T17:10:00,kognition,methodik,0,0.47638736751513,0.89473684210526,1,1,1
1,same_or_following_session,1,2,5,2025-09-16,2025-09-22T17:10:00,kognition,sozial,0,0.47638736751513,0.89473684210526,1,1,1
2,same_or_following_session,1,2,5,2025-09-16,2025-09-22T17:10:00,kognition,methodik,0,0.47638736751513,0.89473684210526,1,1,1
3,same_or_following_session,1,2,5,2025-09-16,2025-09-22T17:10:00,kognition,affektiv,0,0.47638736751513,0.64491233766234,1,1,1
0,same_or_following_session,1,2,5,2025-09-23,2025-09-29T17:10:00,kognition,methodik,0,0.501304650677562,1.0,1,1,1
1,same_or_following_session,1,2,5,2025-09-23,2025-09-29T17:10:00,kognition,methodik,0,0.501304650677562,1.0,1,1,1
2,same_or_following_session,1,2,5,2025-09-23,2025-09-29T17:10:00,kognition,sozial,0,0.501304650677562,1.0,1,1,1
3,same_or_following_session,1,2,5,2025-09-23,2025-09-29T17:10:00,kognition,affektiv,0,0.501304650677562,0.63975877192982,1,1,1
0,same_or_following_session,1,2,5,2025-09-30,2025-10-20T17:10:00,kognition,methodik,0,0.502710908348776,1.0,1,1,1
1,same_or_following_session,1,2,5,2025-09-30,2025-10-20T17:10:00,kognition,methodik,0,0.502710908348776,0.82105263157895,1,1,1
2,same_or_following_session,1,2,5,2025-09-30,2025-10-20T17:10:00,kognition,methodik,0,0.502710908348776,0.82105263157895,1,1,1
3,same_or_following_session,1,2,5,2025-09-30,2025-10-20T17:10:00,kognition,methodik,0,0.502710908348776,0.77894736842105,1,1,1
0,same_or_following_session,1,2,5,2025-10-21,2025-10-27T17:10:00,kognition,methodik,0,0.525596317098234,1.0,1,1,1
1,same_or_following_session,1,2,5,2025-10-21,2025-10-27T17:10:00,kognition,methodik,0,0.525596317098234,1.0,1,1,1
2,same_or_following_session,1,2,5,2025-10-21,2025-10-27T17:10:00,kognition,methodik,0,0.525596317098234,1.0,1,1,1
3,same_or_following_session,1,2,5,2025-10-21,2025-10-27T17:10:00,kognition,affektiv,0,0.525596317098234,0.67484649122807,1,1,1
0,same_or_following_session,1,2,5,2025-10-28,2025-11-03T17:10:00,regulation,methodik,0,0.446793231404164,1.0,1,1,1
1,same_or_following_session,1,2,5,2025-10-28,2025-11-03T17:10:00,regulation,methodik,0,0.446793231404164,1.0,1,1,1
2,same_or_following_session,1,2,5,2025-10-28,2025-11-03T17:10:00,regulation,methodik,0,0.446793231404164,0.88421052631579,1,1,1
3,same_or_following_session,1,2,5,2025-10-28,2025-11-03T17:10:00,regulation,methodik,0,0.446793231404164,0.88421052631579,1,1,1
0,same_or_following_session,1,2,5,2025-11-04,2025-11-10T17:10:00,kognition,methodik,0,0.50141977240076,1.0,1,1,1
1,same_or_following_session,1,2,5,2025-11-04,2025-11-10T17:10:00,kognition,methodik,0,0.50141977240076,1.0,1,1,1
2,same_or_following_session,1,2,5,2025-11-04,2025-11-10T17:10:00,kognition,methodik,0,0.50141977240076,0.88421052631579,1,1,1
3,same_or_following_session,1,2,5,2025-11-04,2025-11-10T17:10:00,kognition,methodik,0,0.50141977240076,0.88421052631579,1,1,1
0,same_or_following_session,1,2,5,2025-11-11,2025-11-17T17:10:00,kognition,methodik,0,0.46222920880226204,0.77894736842105,1,1,1
1,same_or_following_session,1,2,5,2025-11-11,2025-11-17T17:10:00,kognition,sozial,0,0.46222920880226204,1.0,1,1,1
2,same_or_following_session,1,2,5,2025-11-11,2025-11-17T17:10:00,kognition,affektiv,0,0.46222920880226204,0.73453070175439,1,1,1
3,same_or_following_session,1,2,5,2025-11-11,2025-11-24T17:10:00,kognition,kognition,1,0.46222920880226204,1.0,1,1,1
0,same_or_following_session,1,2,5,2025-11-18,2025-11-24T17:10:00,kognition,kognition,1,0.486412505827764,1.0,1,1,1
1,same_or_following_session,1,2,5,2025-11-18,2025-11-24T17:10:00,kognition,methodik,0,0.486412505827764,1.0,1,1,1
2,same_or_following_session,1,2,5,2025-11-18,2025-11-24T17:10:00,kognition,performanz,0,0.486412505827764,0.71162790697674,1,1,1
3,same_or_following_session,1,2,5,2025-11-18,2025-11-24T18:32:51,kognition,methodik,0,0.486412505827764,1.0,1,1,1
0,same_or_following_session,1,2,5,2025-11-25,2025-12-08T17:10:00,kognition,methodik,0,0.3253388395459075,0.92631578947368,1,1,1
1,same_or_following_session,1,2,5,2025-11-25,2025-12-08T17:10:00,kognition,sozial,0,0.3253388395459075,0.98285714285714,1,1,1
2,same_or_following_session,1,2,5,2025-11-25,2025-12-08T17:10:00,kognition,sozial,0,0.3253388395459075,0.71578947368421,1,1,1
3,same_or_following_session,1,2,5,2025-11-25,2025-12-08T18:25:18,kognition,kognition,1,0.3253388395459075,1.0,1,1,1
0,same_or_following_session,1,2,5,2025-12-02,2025-12-08T17:10:00,performanz,methodik,0,0.45890757508935326,0.92631578947368,1,1,1
1,same_or_following_session,1,2,5,2025-12-02,2025-12-08T17:10:00,performanz,sozial,0,0.45890757508935326,0.98285714285714,1,1,1
2,same_or_following_session,1,2,5,2025-12-02,2025-12-08T17:10:00,performanz,sozial,0,0.45890757508935326,0.71578947368421,1,1,1
3,same_or_following_session,1,2,5,2025-12-02,2025-12-08T18:25:18,performanz,kognition,0,0.45890757508935326,1.0,1,1,1
0,same_or_following_session,23,2,5,2026-01-06,2026-02-02T17:10:00,kognition,methodik,0,0.3542100757897233,1.0,1,1,1
1,same_or_following_session,23,2,5,2026-01-06,2026-02-02T17:10:00,kognition,sozial,0,0.3542100757897233,1.0,1,1,1
0,same_or_following_session,1,2,7,2025-09-02,2025-09-08T17:10:00,kognition,kognition,1,0.6011962503932033,1.0,1,1,1
1,same_or_following_session,1,2,7,2025-09-02,2025-09-08T17:10:00,kognition,methodik,0,0.6011962503932033,0.89473684210526,1,1,1
2,same_or_following_session,1,2,7,2025-09-02,2025-09-08T17:10:00,kognition,methodik,0,0.6011962503932033,1.0,1,1,1
3,same_or_following_session,1,2,7,2025-09-02,2025-09-08T17:10:00,kognition,methodik,0,0.6011962503932033,1.0,1,1,1
0,same_or_following_session,1,2,7,2025-09-09,2025-09-15T17:10:00,kognition,sozial,0,0.501633843657945,0.8,1,1,1
1,same_or_following_session,1,2,7,2025-09-09,2025-09-15T17:10:00,kognition,methodik,0,0.501633843657945,1.0,1,1,1
2,same_or_following_session,1,2,7,2025-09-09,2025-09-15T17:10:00,kognition,methodik,0,0.501633843657945,1.0,1,1,1
3,same_or_following_session,1,2,7,2025-09-09,2025-09-15T17:10:00,kognition,sozial,0,0.501633843657945,0.68571428571429,1,1,1
0,same_or_following_session,1,2,7,2025-09-16,2025-09-22T17:10:00,kognition,methodik,0,0.5010599769258325,0.89473684210526,1,1,1
1,same_or_following_session,1,2,7,2025-09-16,2025-09-22T17:10:00,kognition,sozial,0,0.5010599769258325,0.89473684210526,1,1,1
2,same_or_following_session,1,2,7,2025-09-16,2025-09-22T17:10:00,kognition,methodik,0,0.5010599769258325,0.89473684210526,1,1,1
3,same_or_following_session,1,2,7,2025-09-16,2025-09-22T17:10:00,kognition,affektiv,0,0.5010599769258325,0.64491233766234,1,1,1
0,same_or_following_session,1,2,7,2025-09-30,2025-10-20T17:10:00,kognition,methodik,0,0.475484855363222,1.0,1,1,1
1,same_or_following_session,1,2,7,2025-09-30,2025-10-20T17:10:00,kognition,methodik,0,0.475484855363222,0.82105263157895,1,1,1
2,same_or_following_session,1,2,7,2025-09-30,2025-10-20T17:10:00,kognition,methodik,0,0.475484855363222,0.82105263157895,1,1,1
3,same_or_following_session,1,2,7,2025-09-30,2025-10-20T17:10:00,kognition,methodik,0,0.475484855363222,0.77894736842105,1,1,1
0,same_or_following_session,1,2,7,2025-10-21,2025-10-27T17:10:00,kognition,methodik,0,0.50204224615997,1.0,1,1,1
1,same_or_following_session,1,2,7,2025-10-21,2025-10-27T17:10:00,kognition,methodik,0,0.50204224615997,1.0,1,1,1
2,same_or_following_session,1,2,7,2025-10-21,2025-10-27T17:10:00,kognition,methodik,0,0.50204224615997,1.0,1,1,1
3,same_or_following_session,1,2,7,2025-10-21,2025-10-27T17:10:00,kognition,affektiv,0,0.50204224615997,0.67484649122807,1,1,1
0,same_or_following_session,1,2,8,2025-09-02,2025-09-08T17:10:00,kognition,kognition,1,0.5142597273579367,1.0,1,1,1
1,same_or_following_session,1,2,8,2025-09-02,2025-09-08T17:10:00,kognition,methodik,0,0.5142597273579367,0.89473684210526,1,1,1
2,same_or_following_session,1,2,8,2025-09-02,2025-09-08T17:10:00,kognition,methodik,0,0.5142597273579367,1.0,1,1,1
3,same_or_following_session,1,2,8,2025-09-02,2025-09-08T17:10:00,kognition,methodik,0,0.5142597273579367,1.0,1,1,1
0,same_or_following_session,1,2,8,2025-09-09,2025-09-15T17:10:00,kognition,sozial,0,0.506328403922125,0.8,1,1,1
1,same_or_following_session,1,2,8,2025-09-09,2025-09-15T17:10:00,kognition,methodik,0,0.506328403922125,1.0,1,1,1
2,same_or_following_session,1,2,8,2025-09-09,2025-09-15T17:10:00,kognition,methodik,0,0.506328403922125,1.0,1,1,1
3,same_or_following_session,1,2,8,2025-09-09,2025-09-15T17:10:00,kognition,sozial,0,0.506328403922125,0.68571428571429,1,1,1
0,same_or_following_session,1,2,8,2025-09-16,2025-09-22T17:10:00,kognition,methodik,0,0.57116481031257,0.89473684210526,1,1,1
1,same_or_following_session,1,2,8,2025-09-16,2025-09-22T17:10:00,kognition,sozial,0,0.57116481031257,0.89473684210526,1,1,1
2,same_or_following_session,1,2,8,2025-09-16,2025-09-22T17:10:00,kognition,methodik,0,0.57116481031257,0.89473684210526,1,1,1
3,same_or_following_session,1,2,8,2025-09-16,2025-09-22T17:10:00,kognition,affektiv,0,0.57116481031257,0.64491233766234,1,1,1
0,same_or_following_session,1,2,8,2025-09-23,2025-09-29T17:10:00,kognition,methodik,0,0.46043864239795,1.0,1,1,1
1,same_or_following_session,1,2,8,2025-09-23,2025-09-29T17:10:00,kognition,methodik,0,0.46043864239795,1.0,1,1,1
2,same_or_following_session,1,2,8,2025-09-23,2025-09-29T17:10:00,kognition,sozial,0,0.46043864239795,1.0,1,1,1
3,same_or_following_session,1,2,8,2025-09-23,2025-09-29T17:10:00,kognition,affektiv,0,0.46043864239795,0.63975877192982,1,1,1
0,same_or_following_session,1,2,8,2025-09-30,2025-10-20T17:10:00,performanz,methodik,0,0.5158282013510733,1.0,1,1,1
1,same_or_following_session,1,2,8,2025-09-30,2025-10-20T17:10:00,performanz,methodik,0,0.5158282013510733,0.82105263157895,1,1,1
2,same_or_following_session,1,2,8,2025-09-30,2025-10-20T17:10:00,performanz,methodik,0,0.5158282013510733,0.82105263157895,1,1,1
3,same_or_following_session,1,2,8,2025-09-30,2025-10-20T17:10:00,performanz,methodik,0,0.5158282013510733,0.77894736842105,1,1,1
0,same_or_following_session,1,2,8,2025-10-07,2025-10-20T17:10:00,regulation,methodik,0,0.3419572248461214,1.0,1,1,1
1,same_or_following_session,1,2,8,2025-10-07,2025-10-20T17:10:00,regulation,methodik,0,0.3419572248461214,0.82105263157895,1,1,1
2,same_or_following_session,1,2,8,2025-10-07,2025-10-20T17:10:00,regulation,methodik,0,0.3419572248461214,0.82105263157895,1,1,1
3,same_or_following_session,1,2,8,2025-10-07,2025-10-20T17:10:00,regulation,methodik,0,0.3419572248461214,0.77894736842105,1,1,1
0,same_or_following_session,1,2,8,2025-10-21,2025-10-27T17:10:00,kognition,methodik,0,0.505318398104645,1.0,1,1,1
1,same_or_following_session,1,2,8,2025-10-21,2025-10-27T17:10:00,kognition,methodik,0,0.505318398104645,1.0,1,1,1
2,same_or_following_session,1,2,8,2025-10-21,2025-10-27T17:10:00,kognition,methodik,0,0.505318398104645,1.0,1,1,1
3,same_or_following_session,1,2,8,2025-10-21,2025-10-27T17:10:00,kognition,affektiv,0,0.505318398104645,0.67484649122807,1,1,1
0,same_or_following_session,1,2,8,2025-11-04,2025-11-10T17:10:00,kognition,methodik,0,0.327084801363405,1.0,1,1,1
1,same_or_following_session,1,2,8,2025-11-04,2025-11-10T17:10:00,kognition,methodik,0,0.327084801363405,1.0,1,1,1
2,same_or_following_session,1,2,8,2025-11-04,2025-11-10T17:10:00,kognition,methodik,0,0.327084801363405,0.88421052631579,1,1,1
3,same_or_following_session,1,2,8,2025-11-04,2025-11-10T17:10:00,kognition,methodik,0,0.327084801363405,0.88421052631579,1,1,1
0,same_or_following_session,1,2,8,2025-11-25,2025-12-08T17:10:00,kognition,methodik,0,0.4685167976999625,0.92631578947368,1,1,1
1,same_or_following_session,1,2,8,2025-11-25,2025-12-08T17:10:00,kognition,sozial,0,0.4685167976999625,0.98285714285714,1,1,1
2,same_or_following_session,1,2,8,2025-11-25,2025-12-08T17:10:00,kognition,sozial,0,0.4685167976999625,0.71578947368421,1,1,1
3,same_or_following_session,1,2,8,2025-11-25,2025-12-08T18:25:18,kognition,kognition,1,0.4685167976999625,1.0,1,1,1
0,same_or_following_session,1,2,8,2025-12-02,2025-12-08T17:10:00,performanz,methodik,0,0.4641548558088975,0.92631578947368,1,1,1
1,same_or_following_session,1,2,8,2025-12-02,2025-12-08T17:10:00,performanz,sozial,0,0.4641548558088975,0.98285714285714,1,1,1
2,same_or_following_session,1,2,8,2025-12-02,2025-12-08T17:10:00,performanz,sozial,0,0.4641548558088975,0.71578947368421,1,1,1
3,same_or_following_session,1,2,8,2025-12-02,2025-12-08T18:25:18,performanz,kognition,0,0.4641548558088975,1.0,1,1,1
0,same_or_following_session,1,2,8,2025-12-09,2026-02-02T17:10:00,kognition,methodik,0,0.487507039374525,1.0,1,1,1
1,same_or_following_session,1,2,8,2025-12-09,2026-02-02T17:10:00,kognition,sozial,0,0.487507039374525,1.0,1,1,1
0,same_or_following_session,18,2,8,2025-12-16,2026-02-02T17:10:00,performanz,methodik,0,0.5466621234646599,1.0,1,1,1
1,same_or_following_session,18,2,8,2025-12-16,2026-02-02T17:10:00,performanz,sozial,0,0.5466621234646599,1.0,1,1,1
0,same_or_following_session,25,2,8,2025-12-23,2026-02-02T17:10:00,kognition,methodik,0,0.48431352197139,1.0,1,1,1
1,same_or_following_session,25,2,8,2025-12-23,2026-02-02T17:10:00,kognition,sozial,0,0.48431352197139,1.0,1,1,1
0,same_or_following_session,23,2,8,2026-01-06,2026-02-02T17:10:00,kognition,methodik,0,0.49685538692007397,1.0,1,1,1
1,same_or_following_session,23,2,8,2026-01-06,2026-02-02T17:10:00,kognition,sozial,0,0.49685538692007397,1.0,1,1,1
0,same_or_following_session,23,2,8,2026-01-13,2026-02-02T17:10:00,regulation,methodik,0,0.4975710406403925,1.0,1,1,1
1,same_or_following_session,23,2,8,2026-01-13,2026-02-02T17:10:00,regulation,sozial,0,0.4975710406403925,1.0,1,1,1
0,same_or_following_session,23,2,8,2026-01-20,2026-02-02T17:10:00,performanz,methodik,0,0.5477588991296366,1.0,1,1,1
1,same_or_following_session,23,2,8,2026-01-20,2026-02-02T17:10:00,performanz,sozial,0,0.5477588991296366,1.0,1,1,1
0,same_or_following_session,23,2,8,2026-01-27,2026-02-02T17:10:00,performanz,methodik,0,0.49844621730787003,1.0,1,1,1
1,same_or_following_session,23,2,8,2026-01-27,2026-02-02T17:10:00,performanz,sozial,0,0.49844621730787003,1.0,1,1,1
0,same_or_following_session,1,2,9,2025-09-02,2025-09-08T17:10:00,kognition,kognition,1,0.49222419563916664,1.0,1,1,1
1,same_or_following_session,1,2,9,2025-09-02,2025-09-08T17:10:00,kognition,methodik,0,0.49222419563916664,0.89473684210526,1,1,1
2,same_or_following_session,1,2,9,2025-09-02,2025-09-08T17:10:00,kognition,methodik,0,0.49222419563916664,1.0,1,1,1
3,same_or_following_session,1,2,9,2025-09-02,2025-09-08T17:10:00,kognition,methodik,0,0.49222419563916664,1.0,1,1,1
0,same_or_following_session,1,2,9,2025-09-09,2025-09-15T17:10:00,kognition,sozial,0,0.5274029274961733,0.8,1,1,1
1,same_or_following_session,1,2,9,2025-09-09,2025-09-15T17:10:00,kognition,methodik,0,0.5274029274961733,1.0,1,1,1
2,same_or_following_session,1,2,9,2025-09-09,2025-09-15T17:10:00,kognition,methodik,0,0.5274029274961733,1.0,1,1,1
3,same_or_following_session,1,2,9,2025-09-09,2025-09-15T17:10:00,kognition,sozial,0,0.5274029274961733,0.68571428571429,1,1,1
0,same_or_following_session,1,2,9,2025-09-16,2025-09-22T17:10:00,kognition,methodik,0,0.486294168887076,0.89473684210526,1,1,1
1,same_or_following_session,1,2,9,2025-09-16,2025-09-22T17:10:00,kognition,sozial,0,0.486294168887076,0.89473684210526,1,1,1
2,same_or_following_session,1,2,9,2025-09-16,2025-09-22T17:10:00,kognition,methodik,0,0.486294168887076,0.89473684210526,1,1,1
3,same_or_following_session,1,2,9,2025-09-16,2025-09-22T17:10:00,kognition,affektiv,0,0.486294168887076,0.64491233766234,1,1,1
0,same_or_following_session,1,2,9,2025-09-30,2025-10-20T17:10:00,performanz,methodik,0,0.527688020814045,1.0,1,1,1
1,same_or_following_session,1,2,9,2025-09-30,2025-10-20T17:10:00,performanz,methodik,0,0.527688020814045,0.82105263157895,1,1,1
2,same_or_following_session,1,2,9,2025-09-30,2025-10-20T17:10:00,performanz,methodik,0,0.527688020814045,0.82105263157895,1,1,1
3,same_or_following_session,1,2,9,2025-09-30,2025-10-20T17:10:00,performanz,methodik,0,0.527688020814045,0.77894736842105,1,1,1
0,same_or_following_session,1,2,9,2025-10-28,2025-11-03T17:10:00,regulation,methodik,0,0.32850027801798565,1.0,1,1,1
1,same_or_following_session,1,2,9,2025-10-28,2025-11-03T17:10:00,regulation,methodik,0,0.32850027801798565,1.0,1,1,1
2,same_or_following_session,1,2,9,2025-10-28,2025-11-03T17:10:00,regulation,methodik,0,0.32850027801798565,0.88421052631579,1,1,1
3,same_or_following_session,1,2,9,2025-10-28,2025-11-03T17:10:00,regulation,methodik,0,0.32850027801798565,0.88421052631579,1,1,1
0,same_or_following_session,1,2,9,2025-11-04,2025-11-10T17:10:00,kognition,methodik,0,0.509414227928605,1.0,1,1,1
1,same_or_following_session,1,2,9,2025-11-04,2025-11-10T17:10:00,kognition,methodik,0,0.509414227928605,1.0,1,1,1
2,same_or_following_session,1,2,9,2025-11-04,2025-11-10T17:10:00,kognition,methodik,0,0.509414227928605,0.88421052631579,1,1,1
3,same_or_following_session,1,2,9,2025-11-04,2025-11-10T17:10:00,kognition,methodik,0,0.509414227928605,0.88421052631579,1,1,1
0,same_or_following_session,1,2,9,2025-11-11,2025-11-17T17:10:00,regulation,methodik,0,0.4648414986381,0.77894736842105,1,1,1
1,same_or_following_session,1,2,9,2025-11-11,2025-11-17T17:10:00,regulation,sozial,0,0.4648414986381,1.0,1,1,1
2,same_or_following_session,1,2,9,2025-11-11,2025-11-17T17:10:00,regulation,affektiv,0,0.4648414986381,0.73453070175439,1,1,1
3,same_or_following_session,1,2,9,2025-11-11,2025-11-24T17:10:00,regulation,kognition,0,0.4648414986381,1.0,1,1,1
0,same_or_following_session,1,2,9,2025-11-18,2025-11-24T17:10:00,kognition,kognition,1,0.5018040415906125,1.0,1,1,1
1,same_or_following_session,1,2,9,2025-11-18,2025-11-24T17:10:00,kognition,methodik,0,0.5018040415906125,1.0,1,1,1
2,same_or_following_session,1,2,9,2025-11-18,2025-11-24T17:10:00,kognition,performanz,0,0.5018040415906125,0.71162790697674,1,1,1
3,same_or_following_session,1,2,9,2025-11-18,2025-11-24T18:32:51,kognition,methodik,0,0.5018040415906125,1.0,1,1,1
0,same_or_following_session,1,2,9,2025-11-25,2025-12-08T17:10:00,kognition,methodik,0,0.48993083459257997,0.92631578947368,1,1,1
1,same_or_following_session,1,2,9,2025-11-25,2025-12-08T17:10:00,kognition,sozial,0,0.48993083459257997,0.98285714285714,1,1,1
2,same_or_following_session,1,2,9,2025-11-25,2025-12-08T17:10:00,kognition,sozial,0,0.48993083459257997,0.71578947368421,1,1,1
3,same_or_following_session,1,2,9,2025-11-25,2025-12-08T18:25:18,kognition,kognition,1,0.48993083459257997,1.0,1,1,1
0,same_or_following_session,1,2,9,2025-12-02,2025-12-08T17:10:00,performanz,methodik,0,0.448827472842055,0.92631578947368,1,1,1
1,same_or_following_session,1,2,9,2025-12-02,2025-12-08T17:10:00,performanz,sozial,0,0.448827472842055,0.98285714285714,1,1,1
2,same_or_following_session,1,2,9,2025-12-02,2025-12-08T17:10:00,performanz,sozial,0,0.448827472842055,0.71578947368421,1,1,1
3,same_or_following_session,1,2,9,2025-12-02,2025-12-08T18:25:18,performanz,kognition,0,0.448827472842055,1.0,1,1,1
0,same_or_following_session,1,2,9,2025-12-09,2026-02-02T17:10:00,kognition,methodik,0,0.516007899260974,1.0,1,1,1
1,same_or_following_session,1,2,9,2025-12-09,2026-02-02T17:10:00,kognition,sozial,0,0.516007899260974,1.0,1,1,1
0,same_or_following_session,18,2,9,2025-12-16,2026-02-02T17:10:00,performanz,methodik,0,0.483397275887074,1.0,1,1,1
1,same_or_following_session,18,2,9,2025-12-16,2026-02-02T17:10:00,performanz,sozial,0,0.483397275887074,1.0,1,1,1
0,same_or_following_session,25,2,9,2025-12-23,2026-02-02T17:10:00,kognition,methodik,0,0.5784877388758267,1.0,1,1,1
1,same_or_following_session,25,2,9,2025-12-23,2026-02-02T17:10:00,kognition,sozial,0,0.5784877388758267,1.0,1,1,1
0,same_or_following_session,23,2,9,2026-01-06,2026-02-02T17:10:00,regulation,methodik,0,0.47787376390051,1.0,1,1,1
1,same_or_following_session,23,2,9,2026-01-06,2026-02-02T17:10:00,regulation,sozial,0,0.47787376390051,1.0,1,1,1
0,same_or_following_session,23,2,9,2026-01-13,2026-02-02T17:10:00,kognition,methodik,0,0.5182535677036625,1.0,1,1,1
1,same_or_following_session,23,2,9,2026-01-13,2026-02-02T17:10:00,kognition,sozial,0,0.5182535677036625,1.0,1,1,1
0,same_or_following_session,23,2,9,2026-01-20,2026-02-02T17:10:00,kognition,methodik,0,0.5753938121626166,1.0,1,1,1
1,same_or_following_session,23,2,9,2026-01-20,2026-02-02T17:10:00,kognition,sozial,0,0.5753938121626166,1.0,1,1,1
0,same_or_following_session,23,2,9,2026-01-27,2026-02-02T17:10:00,kognition,methodik,0,0.52244814415856,1.0,1,1,1
1,same_or_following_session,23,2,9,2026-01-27,2026-02-02T17:10:00,kognition,sozial,0,0.52244814415856,1.0,1,1,1
0,same_or_following_session,1,3,10,2025-09-17,2025-09-23T15:35:00,kognition,kognition,1,0.5463409379918925,1.0,1,1,1
1,same_or_following_session,1,3,10,2025-09-17,2025-09-30T15:35:00,kognition,methodik,0,0.5463409379918925,0.89473684210526,1,1,1
2,same_or_following_session,1,3,10,2025-09-17,2025-10-21T15:35:00,kognition,kognition,1,0.5463409379918925,1.0,1,1,1
3,same_or_following_session,1,3,10,2025-09-17,2025-11-04T15:35:00,kognition,kognition,1,0.5463409379918925,1.0,1,1,1
0,same_or_following_session,1,3,10,2025-09-24,2025-09-30T15:35:00,kognition,methodik,0,0.54987188575076,0.89473684210526,1,1,1
1,same_or_following_session,1,3,10,2025-09-24,2025-10-21T15:35:00,kognition,kognition,1,0.54987188575076,1.0,1,1,1
2,same_or_following_session,1,3,10,2025-09-24,2025-11-04T15:35:00,kognition,kognition,1,0.54987188575076,1.0,1,1,1
3,same_or_following_session,1,3,10,2025-09-24,2025-11-11T15:35:00,kognition,kognition,1,0.54987188575076,1.0,1,1,1
0,same_or_following_session,1,3,10,2025-10-01,2025-10-21T15:35:00,performanz,kognition,0,0.47451960370376,1.0,1,1,1
1,same_or_following_session,1,3,10,2025-10-01,2025-11-04T15:35:00,performanz,kognition,0,0.47451960370376,1.0,1,1,1
2,same_or_following_session,1,3,10,2025-10-01,2025-11-11T15:35:00,performanz,kognition,0,0.47451960370376,1.0,1,1,1
3,same_or_following_session,1,3,10,2025-10-01,2025-11-11T16:45:25,performanz,kognition,0,0.47451960370376,0.0,1,0,0
0,same_or_following_session,1,3,10,2025-10-15,2025-10-21T15:35:00,kognition,kognition,1,0.2789074454239875,1.0,1,1,1
1,same_or_following_session,1,3,10,2025-10-15,2025-11-04T15:35:00,kognition,kognition,1,0.2789074454239875,1.0,1,1,1
2,same_or_following_session,1,3,10,2025-10-15,2025-11-11T15:35:00,kognition,kognition,1,0.2789074454239875,1.0,1,1,1
3,same_or_following_session,1,3,10,2025-10-15,2025-11-11T16:45:25,kognition,kognition,1,0.2789074454239875,0.0,1,0,0
0,same_or_following_session,1,3,10,2025-10-22,2025-11-04T15:35:00,kognition,kognition,1,0.30025191655774497,1.0,1,1,1
1,same_or_following_session,1,3,10,2025-10-22,2025-11-11T15:35:00,kognition,kognition,1,0.30025191655774497,1.0,1,1,1
2,same_or_following_session,1,3,10,2025-10-22,2025-11-11T16:45:25,kognition,kognition,1,0.30025191655774497,0.0,1,0,0
3,same_or_following_session,1,3,10,2025-10-22,2025-11-25T15:35:00,kognition,kognition,1,0.30025191655774497,1.0,1,1,1
0,same_or_following_session,1,3,10,2025-10-29,2025-11-04T15:35:00,kognition,kognition,1,0.48797262190007495,1.0,1,1,1
1,same_or_following_session,1,3,10,2025-10-29,2025-11-11T15:35:00,kognition,kognition,1,0.48797262190007495,1.0,1,1,1
2,same_or_following_session,1,3,10,2025-10-29,2025-11-11T16:45:25,kognition,kognition,1,0.48797262190007495,0.0,1,0,0
3,same_or_following_session,1,3,10,2025-10-29,2025-11-25T15:35:00,kognition,kognition,1,0.48797262190007495,1.0,1,1,1
0,same_or_following_session,1,3,10,2025-11-05,2025-11-11T15:35:00,kognition,kognition,1,0.44193697519866504,1.0,1,1,1
1,same_or_following_session,1,3,10,2025-11-05,2025-11-11T16:45:25,kognition,kognition,1,0.44193697519866504,0.0,1,0,0
2,same_or_following_session,1,3,10,2025-11-05,2025-11-25T15:35:00,kognition,kognition,1,0.44193697519866504,1.0,1,1,1
0,same_or_following_session,1,3,10,2025-11-12,2025-11-25T15:35:00,kognition,kognition,1,0.478446835355102,1.0,1,1,1
0,same_or_following_session,1,3,11,2025-09-03,2025-09-09T15:35:00,kognition,sozial,0,0.532132235905904,1.0,1,1,1
1,same_or_following_session,1,3,11,2025-09-03,2025-09-23T15:35:00,kognition,kognition,1,0.532132235905904,1.0,1,1,1
2,same_or_following_session,1,3,11,2025-09-03,2025-09-30T15:35:00,kognition,methodik,0,0.532132235905904,0.89473684210526,1,1,1
3,same_or_following_session,1,3,11,2025-09-03,2025-10-21T15:35:00,kognition,kognition,1,0.532132235905904,1.0,1,1,1
0,same_or_following_session,1,3,11,2025-09-10,2025-09-23T15:35:00,kognition,kognition,1,0.46495964446488997,1.0,1,1,1
1,same_or_following_session,1,3,11,2025-09-10,2025-09-30T15:35:00,kognition,methodik,0,0.46495964446488997,0.89473684210526,1,1,1
2,same_or_following_session,1,3,11,2025-09-10,2025-10-21T15:35:00,kognition,kognition,1,0.46495964446488997,1.0,1,1,1
3,same_or_following_session,1,3,11,2025-09-10,2025-11-04T15:35:00,kognition,kognition,1,0.46495964446488997,1.0,1,1,1
0,same_or_following_session,1,3,11,2025-10-01,2025-10-21T15:35:00,kognition,kognition,1,0.45326271893872594,1.0,1,1,1
1,same_or_following_session,1,3,11,2025-10-01,2025-11-04T15:35:00,kognition,kognition,1,0.45326271893872594,1.0,1,1,1
2,same_or_following_session,1,3,11,2025-10-01,2025-11-11T15:35:00,kognition,kognition,1,0.45326271893872594,1.0,1,1,1
3,same_or_following_session,1,3,11,2025-10-01,2025-11-11T16:45:25,kognition,kognition,1,0.45326271893872594,0.0,1,0,0
0,same_or_following_session,1,3,11,2025-10-29,2025-11-04T15:35:00,regulation,kognition,0,0.5097446886425833,1.0,1,1,1
1,same_or_following_session,1,3,11,2025-10-29,2025-11-11T15:35:00,regulation,kognition,0,0.5097446886425833,1.0,1,1,1
2,same_or_following_session,1,3,11,2025-10-29,2025-11-11T16:45:25,regulation,kognition,0,0.5097446886425833,0.0,1,0,0
3,same_or_following_session,1,3,11,2025-10-29,2025-11-25T15:35:00,regulation,kognition,0,0.5097446886425833,1.0,1,1,1
0,same_or_following_session,1,3,11,2025-11-05,2025-11-11T15:35:00,kognition,kognition,1,0.5593509493309481,1.0,1,1,1
1,same_or_following_session,1,3,11,2025-11-05,2025-11-11T16:45:25,kognition,kognition,1,0.5593509493309481,0.0,1,0,0
2,same_or_following_session,1,3,11,2025-11-05,2025-11-25T15:35:00,kognition,kognition,1,0.5593509493309481,1.0,1,1,1
0,same_or_following_session,1,3,2,2025-09-03,2025-09-09T15:35:00,kognition,sozial,0,0.46991997946520403,1.0,1,1,1
1,same_or_following_session,1,3,2,2025-09-03,2025-09-23T15:35:00,kognition,kognition,1,0.46991997946520403,1.0,1,1,1
2,same_or_following_session,1,3,2,2025-09-03,2025-09-30T15:35:00,kognition,methodik,0,0.46991997946520403,0.89473684210526,1,1,1
3,same_or_following_session,1,3,2,2025-09-03,2025-10-21T15:35:00,kognition,kognition,1,0.46991997946520403,1.0,1,1,1
0,same_or_following_session,1,3,2,2025-09-17,2025-09-23T15:35:00,performanz,kognition,0,0.48946157472243,1.0,1,1,1
1,same_or_following_session,1,3,2,2025-09-17,2025-09-30T15:35:00,performanz,methodik,0,0.48946157472243,0.89473684210526,1,1,1
2,same_or_following_session,1,3,2,2025-09-17,2025-10-21T15:35:00,performanz,kognition,0,0.48946157472243,1.0,1,1,1
3,same_or_following_session,1,3,2,2025-09-17,2025-11-04T15:35:00,performanz,kognition,0,0.48946157472243,1.0,1,1,1
0,same_or_following_session,1,3,2,2025-09-24,2025-09-30T15:35:00,kognition,methodik,0,0.491428679369555,0.89473684210526,1,1,1
1,same_or_following_session,1,3,2,2025-09-24,2025-10-21T15:35:00,kognition,kognition,1,0.491428679369555,1.0,1,1,1
2,same_or_following_session,1,3,2,2025-09-24,2025-11-04T15:35:00,kognition,kognition,1,0.491428679369555,1.0,1,1,1
3,same_or_following_session,1,3,2,2025-09-24,2025-11-11T15:35:00,kognition,kognition,1,0.491428679369555,1.0,1,1,1
0,same_or_following_session,1,3,2,2025-10-01,2025-10-21T15:35:00,performanz,kognition,0,0.5096440686652967,1.0,1,1,1
1,same_or_following_session,1,3,2,2025-10-01,2025-11-04T15:35:00,performanz,kognition,0,0.5096440686652967,1.0,1,1,1
2,same_or_following_session,1,3,2,2025-10-01,2025-11-11T15:35:00,performanz,kognition,0,0.5096440686652967,1.0,1,1,1
3,same_or_following_session,1,3,2,2025-10-01,2025-11-11T16:45:25,performanz,kognition,0,0.5096440686652967,0.0,1,0,0
0,same_or_following_session,1,3,2,2025-10-22,2025-11-04T15:35:00,kognition,kognition,1,0.53926988164687,1.0,1,1,1
1,same_or_following_session,1,3,2,2025-10-22,2025-11-11T15:35:00,kognition,kognition,1,0.53926988164687,1.0,1,1,1
2,same_or_following_session,1,3,2,2025-10-22,2025-11-11T16:45:25,kognition,kognition,1,0.53926988164687,0.0,1,0,0
3,same_or_following_session,1,3,2,2025-10-22,2025-11-25T15:35:00,kognition,kognition,1,0.53926988164687,1.0,1,1,1
0,same_or_following_session,1,3,2,2025-10-29,2025-11-04T15:35:00,kognition,kognition,1,0.52334879898547,1.0,1,1,1
1,same_or_following_session,1,3,2,2025-10-29,2025-11-11T15:35:00,kognition,kognition,1,0.52334879898547,1.0,1,1,1
2,same_or_following_session,1,3,2,2025-10-29,2025-11-11T16:45:25,kognition,kognition,1,0.52334879898547,0.0,1,0,0
3,same_or_following_session,1,3,2,2025-10-29,2025-11-25T15:35:00,kognition,kognition,1,0.52334879898547,1.0,1,1,1
0,same_or_following_session,1,3,2,2025-11-05,2025-11-11T15:35:00,motivation,kognition,0,0.46937088824791334,1.0,1,1,1
1,same_or_following_session,1,3,2,2025-11-05,2025-11-11T16:45:25,motivation,kognition,0,0.46937088824791334,0.0,1,0,0
2,same_or_following_session,1,3,2,2025-11-05,2025-11-25T15:35:00,motivation,kognition,0,0.46937088824791334,1.0,1,1,1
0,same_or_following_session,1,3,2,2025-11-12,2025-11-25T15:35:00,motivation,kognition,0,0.436086994551705,1.0,1,1,1
0,same_or_following_session,1,3,4,2025-09-24,2025-09-30T15:35:00,kognition,methodik,0,0.5344745598520421,0.89473684210526,1,1,1
1,same_or_following_session,1,3,4,2025-09-24,2025-10-21T15:35:00,kognition,kognition,1,0.5344745598520421,1.0,1,1,1
2,same_or_following_session,1,3,4,2025-09-24,2025-11-04T15:35:00,kognition,kognition,1,0.5344745598520421,1.0,1,1,1
3,same_or_following_session,1,3,4,2025-09-24,2025-11-11T15:35:00,kognition,kognition,1,0.5344745598520421,1.0,1,1,1
0,same_or_following_session,1,3,4,2025-11-05,2025-11-11T15:35:00,kognition,kognition,1,0.5313469047513679,1.0,1,1,1
1,same_or_following_session,1,3,4,2025-11-05,2025-11-11T16:45:25,kognition,kognition,1,0.5313469047513679,0.0,1,0,0
2,same_or_following_session,1,3,4,2025-11-05,2025-11-25T15:35:00,kognition,kognition,1,0.5313469047513679,1.0,1,1,1
0,same_or_following_session,1,3,42,2025-10-07,2025-11-11T16:45:25,kognition,kognition,1,0.44728125898023335,0.0,1,0,0
0,same_or_following_session,1,3,42,2025-10-21,2025-11-11T16:45:25,kognition,kognition,1,0.504025898027188,0.0,1,0,0
0,same_or_following_session,1,3,42,2025-11-04,2025-11-11T16:45:25,kognition,kognition,1,0.45712899974594395,0.0,1,0,0
0,same_or_following_session,1,3,42,2025-11-11,2025-11-11T16:45:25,kognition,kognition,1,0.534013895537195,0.0,1,0,0
0,same_or_following_session,1,3,6,2025-09-03,2025-09-09T15:35:00,kognition,sozial,0,0.37844540293255396,1.0,1,1,1
1,same_or_following_session,1,3,6,2025-09-03,2025-09-23T15:35:00,kognition,kognition,1,0.37844540293255396,1.0,1,1,1
2,same_or_following_session,1,3,6,2025-09-03,2025-09-30T15:35:00,kognition,methodik,0,0.37844540293255396,0.89473684210526,1,1,1
3,same_or_following_session,1,3,6,2025-09-03,2025-10-21T15:35:00,kognition,kognition,1,0.37844540293255396,1.0,1,1,1
0,same_or_following_session,1,3,6,2025-09-10,2025-09-23T15:35:00,kognition,kognition,1,0.499067502360548,1.0,1,1,1
1,same_or_following_session,1,3,6,2025-09-10,2025-09-30T15:35:00,kognition,methodik,0,0.499067502360548,0.89473684210526,1,1,1
2,same_or_following_session,1,3,6,2025-09-10,2025-10-21T15:35:00,kognition,kognition,1,0.499067502360548,1.0,1,1,1
3,same_or_following_session,1,3,6,2025-09-10,2025-11-04T15:35:00,kognition,kognition,1,0.499067502360548,1.0,1,1,1
0,same_or_following_session,1,3,6,2025-09-24,2025-09-30T15:35:00,kognition,methodik,0,0.5193331447722,0.89473684210526,1,1,1
1,same_or_following_session,1,3,6,2025-09-24,2025-10-21T15:35:00,kognition,kognition,1,0.5193331447722,1.0,1,1,1
2,same_or_following_session,1,3,6,2025-09-24,2025-11-04T15:35:00,kognition,kognition,1,0.5193331447722,1.0,1,1,1
3,same_or_following_session,1,3,6,2025-09-24,2025-11-11T15:35:00,kognition,kognition,1,0.5193331447722,1.0,1,1,1
0,same_or_following_session,1,3,6,2025-10-01,2025-10-21T15:35:00,performanz,kognition,0,0.4410979275310825,1.0,1,1,1
1,same_or_following_session,1,3,6,2025-10-01,2025-11-04T15:35:00,performanz,kognition,0,0.4410979275310825,1.0,1,1,1
2,same_or_following_session,1,3,6,2025-10-01,2025-11-11T15:35:00,performanz,kognition,0,0.4410979275310825,1.0,1,1,1
3,same_or_following_session,1,3,6,2025-10-01,2025-11-11T16:45:25,performanz,kognition,0,0.4410979275310825,0.0,1,0,0
0,same_or_following_session,1,3,6,2025-10-22,2025-11-04T15:35:00,kognition,kognition,1,0.558123743297908,1.0,1,1,1
1,same_or_following_session,1,3,6,2025-10-22,2025-11-11T15:35:00,kognition,kognition,1,0.558123743297908,1.0,1,1,1
2,same_or_following_session,1,3,6,2025-10-22,2025-11-11T16:45:25,kognition,kognition,1,0.558123743297908,0.0,1,0,0
3,same_or_following_session,1,3,6,2025-10-22,2025-11-25T15:35:00,kognition,kognition,1,0.558123743297908,1.0,1,1,1
0,same_or_following_session,1,3,6,2025-10-29,2025-11-04T15:35:00,motivation,kognition,0,0.2952946160443,1.0,1,1,1
1,same_or_following_session,1,3,6,2025-10-29,2025-11-11T15:35:00,motivation,kognition,0,0.2952946160443,1.0,1,1,1
2,same_or_following_session,1,3,6,2025-10-29,2025-11-11T16:45:25,motivation,kognition,0,0.2952946160443,0.0,1,0,0
3,same_or_following_session,1,3,6,2025-10-29,2025-11-25T15:35:00,motivation,kognition,0,0.2952946160443,1.0,1,1,1
0,same_or_following_session,1,3,6,2025-11-05,2025-11-11T15:35:00,kognition,kognition,1,0.53410049893277,1.0,1,1,1
1,same_or_following_session,1,3,6,2025-11-05,2025-11-11T16:45:25,kognition,kognition,1,0.53410049893277,0.0,1,0,0
2,same_or_following_session,1,3,6,2025-11-05,2025-11-25T15:35:00,kognition,kognition,1,0.53410049893277,1.0,1,1,1
0,same_or_following_session,1,3,6,2025-11-12,2025-11-25T15:35:00,kognition,kognition,1,0.556330175853856,1.0,1,1,1
0,same_or_following_session,1,4,12,2025-09-03,2025-09-09T17:10:00,kognition,sozial,0,0.48345942849978,0.6,1,1,1
1,same_or_following_session,1,4,12,2025-09-03,2025-09-09T17:10:00,kognition,motivation,0,0.48345942849978,0.38888888888889,1,1,1
2,same_or_following_session,1,4,12,2025-09-03,2025-09-09T17:10:00,kognition,methodik,0,0.48345942849978,0.82105263157895,1,1,1
3,same_or_following_session,1,4,12,2025-09-03,2025-09-09T17:10:00,kognition,methodik,0,0.48345942849978,0.68421052631579,1,1,1
0,same_or_following_session,1,4,12,2025-09-10,2025-09-23T17:10:00,kognition,methodik,0,0.4952463847263875,0.56842105263158,1,1,1
1,same_or_following_session,1,4,12,2025-09-10,2025-09-23T17:10:00,kognition,methodik,0,0.4952463847263875,0.81052631578947,1,1,1
2,same_or_following_session,1,4,12,2025-09-10,2025-09-23T17:10:00,kognition,methodik,0,0.4952463847263875,1.0,1,1,1
3,same_or_following_session,1,4,12,2025-09-10,2025-09-30T17:10:00,kognition,affektiv,0,0.4952463847263875,0.72442987804878,1,1,1
0,same_or_following_session,1,4,12,2025-09-17,2025-09-23T17:10:00,kognition,methodik,0,0.5025982429734633,0.56842105263158,1,1,1
1,same_or_following_session,1,4,12,2025-09-17,2025-09-23T17:10:00,kognition,methodik,0,0.5025982429734633,0.81052631578947,1,1,1
2,same_or_following_session,1,4,12,2025-09-17,2025-09-23T17:10:00,kognition,methodik,0,0.5025982429734633,1.0,1,1,1
3,same_or_following_session,1,4,12,2025-09-17,2025-09-30T17:10:00,kognition,affektiv,0,0.5025982429734633,0.72442987804878,1,1,1
0,same_or_following_session,1,4,12,2025-10-01,2025-10-07T17:10:00,performanz,regulation,0,0.47206724517030396,0.86157894736842,1,1,1
1,same_or_following_session,1,4,12,2025-10-01,2025-10-07T17:10:00,performanz,performanz,1,0.47206724517030396,1.0,1,1,1
2,same_or_following_session,1,4,12,2025-10-01,2025-10-07T17:10:00,performanz,methodik,0,0.47206724517030396,1.0,1,1,1
3,same_or_following_session,1,4,12,2025-10-01,2025-10-21T17:10:00,performanz,sozial,0,0.47206724517030396,0.84820512820513,1,1,1
0,same_or_following_session,1,4,12,2025-10-22,2025-10-28T17:10:00,kognition,sozial,0,0.447439947757975,0.74612244897959,1,1,1
1,same_or_following_session,1,4,12,2025-10-22,2025-10-28T17:10:00,kognition,methodik,0,0.447439947757975,0.67368421052632,1,1,1
2,same_or_following_session,1,4,12,2025-10-22,2025-10-28T17:10:00,kognition,sozial,0,0.447439947757975,0.6456,1,1,1
3,same_or_following_session,1,4,12,2025-10-22,2025-11-04T17:10:00,kognition,performanz,0,0.447439947757975,0.85454545454545,1,1,1
0,same_or_following_session,1,4,12,2025-11-05,2025-11-11T17:10:00,kognition,sozial,0,0.49082695519228,0.68193548387097,1,1,1
1,same_or_following_session,1,4,12,2025-11-05,2025-11-11T17:10:00,kognition,affektiv,0,0.49082695519228,0.486,1,1,1
2,same_or_following_session,1,4,12,2025-11-05,2025-11-11T17:10:00,kognition,affektiv,0,0.49082695519228,0.57049561403509,1,1,1
3,same_or_following_session,1,4,12,2025-11-05,2025-11-11T17:10:00,kognition,kognition,1,0.49082695519228,-0.6,1,-1,0
0,same_or_following_session,1,4,12,2025-11-12,2025-11-25T17:10:00,performanz,sozial,0,0.456744959756926,0.84897959183673,1,1,1
1,same_or_following_session,1,4,12,2025-11-12,2025-11-25T17:10:00,performanz,methodik,0,0.456744959756926,0.45263157894737,1,1,1
2,same_or_following_session,1,4,12,2025-11-12,2025-11-25T17:10:00,performanz,regulation,0,0.456744959756926,0.48465384615385,1,1,1
3,same_or_following_session,1,4,12,2025-11-12,2025-11-25T17:10:00,performanz,performanz,1,0.456744959756926,0.67441860465116,1,1,1
0,same_or_following_session,1,4,12,2025-11-26,2025-12-02T17:10:00,performanz,performanz,1,0.4514573811631325,1.0,1,1,1
1,same_or_following_session,1,4,12,2025-11-26,2025-12-02T17:10:00,performanz,kognition,0,0.4514573811631325,0.71914893617021,1,1,1
2,same_or_following_session,1,4,12,2025-11-26,2025-12-02T17:10:00,performanz,sozial,0,0.4514573811631325,0.6952380952381,1,1,1
3,same_or_following_session,1,4,12,2025-11-26,2025-12-02T17:10:00,performanz,methodik,0,0.4514573811631325,0.88421052631579,1,1,1
0,same_or_following_session,1,4,12,2025-12-10,2026-02-03T17:10:00,kognition,methodik,0,0.524269362846415,0.89473684210526,1,1,1
1,same_or_following_session,1,4,12,2025-12-10,2026-02-03T17:10:00,kognition,sozial,0,0.524269362846415,0.85925925925926,1,1,1
2,same_or_following_session,1,4,12,2025-12-10,2026-02-03T17:10:00,kognition,methodik,0,0.524269362846415,0.89473684210526,1,1,1
3,same_or_following_session,1,4,12,2025-12-10,2026-02-03T18:29:55,kognition,affektiv,0,0.524269362846415,0.73785185185185,1,1,1
0,same_or_following_session,23,4,12,2025-12-17,2026-02-03T17:10:00,kognition,methodik,0,0.5065287395061875,0.89473684210526,1,1,1
1,same_or_following_session,23,4,12,2025-12-17,2026-02-03T17:10:00,kognition,sozial,0,0.5065287395061875,0.85925925925926,1,1,1
2,same_or_following_session,23,4,12,2025-12-17,2026-02-03T17:10:00,kognition,methodik,0,0.5065287395061875,0.89473684210526,1,1,1
3,same_or_following_session,23,4,12,2025-12-17,2026-02-03T18:29:55,kognition,affektiv,0,0.5065287395061875,0.73785185185185,1,1,1
0,same_or_following_session,23,4,12,2026-01-07,2026-02-03T17:10:00,kognition,methodik,0,0.46355252848545003,0.89473684210526,1,1,1
1,same_or_following_session,23,4,12,2026-01-07,2026-02-03T17:10:00,kognition,sozial,0,0.46355252848545003,0.85925925925926,1,1,1
2,same_or_following_session,23,4,12,2026-01-07,2026-02-03T17:10:00,kognition,methodik,0,0.46355252848545003,0.89473684210526,1,1,1
3,same_or_following_session,23,4,12,2026-01-07,2026-02-03T18:29:55,kognition,affektiv,0,0.46355252848545003,0.73785185185185,1,1,1
0,same_or_following_session,23,4,12,2026-01-07,2026-02-03T17:10:00,kognition,methodik,0,0.4616107827701634,0.89473684210526,1,1,1
1,same_or_following_session,23,4,12,2026-01-07,2026-02-03T17:10:00,kognition,sozial,0,0.4616107827701634,0.85925925925926,1,1,1
2,same_or_following_session,23,4,12,2026-01-07,2026-02-03T17:10:00,kognition,methodik,0,0.4616107827701634,0.89473684210526,1,1,1
3,same_or_following_session,23,4,12,2026-01-07,2026-02-03T18:29:55,kognition,affektiv,0,0.4616107827701634,0.73785185185185,1,1,1
0,same_or_following_session,23,4,12,2026-01-14,2026-02-03T17:10:00,performanz,methodik,0,0.4960353515984075,0.89473684210526,1,1,1
1,same_or_following_session,23,4,12,2026-01-14,2026-02-03T17:10:00,performanz,sozial,0,0.4960353515984075,0.85925925925926,1,1,1
2,same_or_following_session,23,4,12,2026-01-14,2026-02-03T17:10:00,performanz,methodik,0,0.4960353515984075,0.89473684210526,1,1,1
3,same_or_following_session,23,4,12,2026-01-14,2026-02-03T18:29:55,performanz,affektiv,0,0.4960353515984075,0.73785185185185,1,1,1
0,same_or_following_session,23,4,12,2026-01-21,2026-02-03T17:10:00,kognition,methodik,0,0.47569560529507404,0.89473684210526,1,1,1
1,same_or_following_session,23,4,12,2026-01-21,2026-02-03T17:10:00,kognition,sozial,0,0.47569560529507404,0.85925925925926,1,1,1
2,same_or_following_session,23,4,12,2026-01-21,2026-02-03T17:10:00,kognition,methodik,0,0.47569560529507404,0.89473684210526,1,1,1
3,same_or_following_session,23,4,12,2026-01-21,2026-02-03T18:29:55,kognition,affektiv,0,0.47569560529507404,0.73785185185185,1,1,1
0,same_or_following_session,23,4,12,2026-01-28,2026-02-03T17:10:00,performanz,methodik,0,0.4628114503325125,0.89473684210526,1,1,1
1,same_or_following_session,23,4,12,2026-01-28,2026-02-03T17:10:00,performanz,sozial,0,0.4628114503325125,0.85925925925926,1,1,1
2,same_or_following_session,23,4,12,2026-01-28,2026-02-03T17:10:00,performanz,methodik,0,0.4628114503325125,0.89473684210526,1,1,1
3,same_or_following_session,23,4,12,2026-01-28,2026-02-03T18:29:55,performanz,affektiv,0,0.4628114503325125,0.73785185185185,1,1,1
0,same_or_following_session,1,4,13,2025-09-03,2025-10-07T17:10:00,kognition,performanz,0,0.5474534797409825,1.0,1,1,1
0,same_or_following_session,1,4,13,2025-09-10,2025-10-07T17:10:00,kognition,performanz,0,0.44786847774802807,1.0,1,1,1
0,same_or_following_session,1,4,13,2025-09-24,2025-10-07T17:10:00,kognition,performanz,0,0.579042657835394,1.0,1,1,1
0,same_or_following_session,1,4,14,2025-09-03,2025-09-09T17:10:00,performanz,sozial,0,0.459231272689198,0.6,1,1,1
1,same_or_following_session,1,4,14,2025-09-03,2025-09-09T17:10:00,performanz,motivation,0,0.459231272689198,0.38888888888889,1,1,1
2,same_or_following_session,1,4,14,2025-09-03,2025-09-09T17:10:00,performanz,methodik,0,0.459231272689198,0.82105263157895,1,1,1
3,same_or_following_session,1,4,14,2025-09-03,2025-09-09T17:10:00,performanz,methodik,0,0.459231272689198,0.68421052631579,1,1,1
0,same_or_following_session,1,4,14,2025-09-10,2025-09-23T17:10:00,kognition,methodik,0,0.549193527989344,0.56842105263158,1,1,1
1,same_or_following_session,1,4,14,2025-09-10,2025-09-23T17:10:00,kognition,methodik,0,0.549193527989344,0.81052631578947,1,1,1
2,same_or_following_session,1,4,14,2025-09-10,2025-09-23T17:10:00,kognition,methodik,0,0.549193527989344,1.0,1,1,1
3,same_or_following_session,1,4,14,2025-09-10,2025-09-30T17:10:00,kognition,affektiv,0,0.549193527989344,0.72442987804878,1,1,1
0,same_or_following_session,1,4,14,2025-09-17,2025-09-23T17:10:00,kognition,methodik,0,0.466703581645115,0.56842105263158,1,1,1
1,same_or_following_session,1,4,14,2025-09-17,2025-09-23T17:10:00,kognition,methodik,0,0.466703581645115,0.81052631578947,1,1,1
2,same_or_following_session,1,4,14,2025-09-17,2025-09-23T17:10:00,kognition,methodik,0,0.466703581645115,1.0,1,1,1
3,same_or_following_session,1,4,14,2025-09-17,2025-09-30T17:10:00,kognition,affektiv,0,0.466703581645115,0.72442987804878,1,1,1
0,same_or_following_session,1,4,14,2025-09-24,2025-09-30T17:10:00,kognition,affektiv,0,0.5532005635062966,0.72442987804878,1,1,1
1,same_or_following_session,1,4,14,2025-09-24,2025-09-30T17:10:00,kognition,kognition,1,0.5532005635062966,0.61702127659574,1,1,1
2,same_or_following_session,1,4,14,2025-09-24,2025-09-30T17:10:00,kognition,kognition,1,0.5532005635062966,0.40425531914894,1,1,1
3,same_or_following_session,1,4,14,2025-09-24,2025-09-30T17:10:00,kognition,sozial,0,0.5532005635062966,0.71619047619048,1,1,1
0,same_or_following_session,1,4,14,2025-10-01,2025-10-07T17:10:00,kognition,regulation,0,0.5500636777464974,0.86157894736842,1,1,1
1,same_or_following_session,1,4,14,2025-10-01,2025-10-07T17:10:00,kognition,performanz,0,0.5500636777464974,1.0,1,1,1
2,same_or_following_session,1,4,14,2025-10-01,2025-10-07T17:10:00,kognition,methodik,0,0.5500636777464974,1.0,1,1,1
3,same_or_following_session,1,4,14,2025-10-01,2025-10-21T17:10:00,kognition,sozial,0,0.5500636777464974,0.84820512820513,1,1,1
0,same_or_following_session,1,4,14,2025-10-22,2025-10-28T17:10:00,performanz,sozial,0,0.47151497100649753,0.74612244897959,1,1,1
1,same_or_following_session,1,4,14,2025-10-22,2025-10-28T17:10:00,performanz,methodik,0,0.47151497100649753,0.67368421052632,1,1,1
2,same_or_following_session,1,4,14,2025-10-22,2025-10-28T17:10:00,performanz,sozial,0,0.47151497100649753,0.6456,1,1,1
3,same_or_following_session,1,4,14,2025-10-22,2025-11-04T17:10:00,performanz,performanz,1,0.47151497100649753,0.85454545454545,1,1,1
0,same_or_following_session,1,4,14,2025-10-29,2025-11-04T17:10:00,kognition,performanz,0,0.452405121097302,0.85454545454545,1,1,1
1,same_or_following_session,1,4,14,2025-10-29,2025-11-04T17:10:00,kognition,regulation,0,0.452405121097302,0.48473684210526,1,1,1
2,same_or_following_session,1,4,14,2025-10-29,2025-11-04T17:10:00,kognition,kognition,1,0.452405121097302,0.80425531914894,1,1,1
3,same_or_following_session,1,4,14,2025-10-29,2025-11-11T17:10:00,kognition,sozial,0,0.452405121097302,0.68193548387097,1,1,1
0,same_or_following_session,1,4,14,2025-11-05,2025-11-11T17:10:00,kognition,sozial,0,0.4968536876322,0.68193548387097,1,1,1
1,same_or_following_session,1,4,14,2025-11-05,2025-11-11T17:10:00,kognition,affektiv,0,0.4968536876322,0.486,1,1,1
2,same_or_following_session,1,4,14,2025-11-05,2025-11-11T17:10:00,kognition,affektiv,0,0.4968536876322,0.57049561403509,1,1,1
3,same_or_following_session,1,4,14,2025-11-05,2025-11-11T17:10:00,kognition,kognition,1,0.4968536876322,-0.6,1,-1,0
0,same_or_following_session,1,4,14,2025-11-26,2025-12-02T17:10:00,kognition,performanz,0,0.357341880713874,1.0,1,1,1
1,same_or_following_session,1,4,14,2025-11-26,2025-12-02T17:10:00,kognition,kognition,1,0.357341880713874,0.71914893617021,1,1,1
2,same_or_following_session,1,4,14,2025-11-26,2025-12-02T17:10:00,kognition,sozial,0,0.357341880713874,0.6952380952381,1,1,1
3,same_or_following_session,1,4,14,2025-11-26,2025-12-02T17:10:00,kognition,methodik,0,0.357341880713874,0.88421052631579,1,1,1
0,same_or_following_session,1,4,14,2025-12-03,2025-12-09T17:10:00,performanz,methodik,0,0.47568274150036605,0.56842105263158,1,1,1
1,same_or_following_session,1,4,14,2025-12-03,2025-12-09T17:10:00,performanz,performanz,1,0.47568274150036605,0.57209302325581,1,1,1
2,same_or_following_session,1,4,14,2025-12-03,2025-12-09T17:10:00,performanz,sozial,0,0.47568274150036605,0.98285714285714,1,1,1
3,same_or_following_session,1,4,14,2025-12-03,2025-12-09T18:29:00,performanz,methodik,0,0.47568274150036605,0.78947368421053,1,1,1
0,same_or_following_session,1,4,14,2025-12-10,2026-02-03T17:10:00,kognition,methodik,0,0.5109758207558034,0.89473684210526,1,1,1
1,same_or_following_session,1,4,14,2025-12-10,2026-02-03T17:10:00,kognition,sozial,0,0.5109758207558034,0.85925925925926,1,1,1
2,same_or_following_session,1,4,14,2025-12-10,2026-02-03T17:10:00,kognition,methodik,0,0.5109758207558034,0.89473684210526,1,1,1
3,same_or_following_session,1,4,14,2025-12-10,2026-02-03T18:29:55,kognition,affektiv,0,0.5109758207558034,0.73785185185185,1,1,1
0,same_or_following_session,23,4,14,2025-12-17,2026-02-03T17:10:00,kognition,methodik,0,0.50278045910237,0.89473684210526,1,1,1
1,same_or_following_session,23,4,14,2025-12-17,2026-02-03T17:10:00,kognition,sozial,0,0.50278045910237,0.85925925925926,1,1,1
2,same_or_following_session,23,4,14,2025-12-17,2026-02-03T17:10:00,kognition,methodik,0,0.50278045910237,0.89473684210526,1,1,1
3,same_or_following_session,23,4,14,2025-12-17,2026-02-03T18:29:55,kognition,affektiv,0,0.50278045910237,0.73785185185185,1,1,1
0,same_or_following_session,23,4,14,2026-01-07,2026-02-03T17:10:00,kognition,methodik,0,0.43643549419962796,0.89473684210526,1,1,1
1,same_or_following_session,23,4,14,2026-01-07,2026-02-03T17:10:00,kognition,sozial,0,0.43643549419962796,0.85925925925926,1,1,1
2,same_or_following_session,23,4,14,2026-01-07,2026-02-03T17:10:00,kognition,methodik,0,0.43643549419962796,0.89473684210526,1,1,1
3,same_or_following_session,23,4,14,2026-01-07,2026-02-03T18:29:55,kognition,affektiv,0,0.43643549419962796,0.73785185185185,1,1,1
0,same_or_following_session,1,4,15,2025-09-02,2025-11-11T17:10:00,kognition,kognition,1,0.514729261703918,-0.6,1,-1,0
1,same_or_following_session,1,4,15,2025-09-02,2025-11-25T18:27:51,kognition,methodik,0,0.514729261703918,0.70526315789474,1,1,1
0,same_or_following_session,1,4,15,2025-09-09,2025-11-11T17:10:00,kognition,kognition,1,0.29010198185488,-0.6,1,-1,0
1,same_or_following_session,1,4,15,2025-09-09,2025-11-25T18:27:51,kognition,methodik,0,0.29010198185488,0.70526315789474,1,1,1
0,same_or_following_session,1,4,15,2025-09-16,2025-11-11T17:10:00,kognition,kognition,1,0.47638736751513,-0.6,1,-1,0
1,same_or_following_session,1,4,15,2025-09-16,2025-11-25T18:27:51,kognition,methodik,0,0.47638736751513,0.70526315789474,1,1,1
0,same_or_following_session,1,4,15,2025-09-23,2025-11-11T17:10:00,kognition,kognition,1,0.501304650677562,-0.6,1,-1,0
1,same_or_following_session,1,4,15,2025-09-23,2025-11-25T18:27:51,kognition,methodik,0,0.501304650677562,0.70526315789474,1,1,1
0,same_or_following_session,1,4,15,2025-09-30,2025-11-11T17:10:00,kognition,kognition,1,0.502710908348776,-0.6,1,-1,0
1,same_or_following_session,1,4,15,2025-09-30,2025-11-25T18:27:51,kognition,methodik,0,0.502710908348776,0.70526315789474,1,1,1
0,same_or_following_session,1,4,15,2025-10-21,2025-11-11T17:10:00,kognition,kognition,1,0.525596317098234,-0.6,1,-1,0
1,same_or_following_session,1,4,15,2025-10-21,2025-11-25T18:27:51,kognition,methodik,0,0.525596317098234,0.70526315789474,1,1,1
0,same_or_following_session,1,4,15,2025-10-28,2025-11-11T17:10:00,regulation,kognition,0,0.446793231404164,-0.6,1,-1,0
1,same_or_following_session,1,4,15,2025-10-28,2025-11-25T18:27:51,regulation,methodik,0,0.446793231404164,0.70526315789474,1,1,1
0,same_or_following_session,1,4,15,2025-11-04,2025-11-11T17:10:00,kognition,kognition,1,0.50141977240076,-0.6,1,-1,0
1,same_or_following_session,1,4,15,2025-11-04,2025-11-25T18:27:51,kognition,methodik,0,0.50141977240076,0.70526315789474,1,1,1
0,same_or_following_session,1,4,15,2025-11-11,2025-11-11T17:10:00,kognition,kognition,1,0.48458611783270666,-0.6,1,-1,0
1,same_or_following_session,1,4,15,2025-11-11,2025-11-25T18:27:51,kognition,methodik,0,0.48458611783270666,0.70526315789474,1,1,1
0,same_or_following_session,1,4,15,2025-11-25,2025-11-25T18:27:51,kognition,methodik,0,0.49423908231649005,0.70526315789474,1,1,1
0,same_or_following_session,1,4,22,2025-09-10,2025-10-07T17:10:00,kognition,methodik,0,0.494114949657708,1.0,1,1,1
1,same_or_following_session,1,4,22,2025-09-10,2025-11-25T18:32:25,kognition,methodik,0,0.494114949657708,1.0,1,1,1
0,same_or_following_session,1,4,22,2025-09-24,2025-10-07T17:10:00,kognition,methodik,0,0.507259973413265,1.0,1,1,1
1,same_or_following_session,1,4,22,2025-09-24,2025-11-25T18:32:25,kognition,methodik,0,0.507259973413265,1.0,1,1,1
0,same_or_following_session,1,4,22,2025-10-01,2025-10-07T17:10:00,regulation,methodik,0,0.479923857686624,1.0,1,1,1
1,same_or_following_session,1,4,22,2025-10-01,2025-11-25T18:32:25,regulation,methodik,0,0.479923857686624,1.0,1,1,1
0,same_or_following_session,1,4,22,2025-10-15,2025-11-25T18:32:25,kognition,methodik,0,0.46725872439695204,1.0,1,1,1
0,same_or_following_session,1,4,22,2025-10-22,2025-11-25T18:32:25,performanz,methodik,0,0.516558159365182,1.0,1,1,1
0,same_or_following_session,1,4,22,2025-10-29,2025-11-25T18:32:25,kognition,methodik,0,0.501914049572328,1.0,1,1,1
0,same_or_following_session,1,4,22,2025-11-05,2025-11-25T18:32:25,kognition,methodik,0,0.522153612975028,1.0,1,1,1
0,same_or_following_session,1,4,22,2025-11-12,2025-11-25T18:32:25,kognition,methodik,0,0.48331381622188196,1.0,1,1,1
0,same_or_following_session,1,4,45,2025-11-11,2025-11-25T17:10:00,kognition,performanz,0,0.544734694004505,0.67441860465116,1,1,1
1,same_or_following_session,1,4,45,2025-11-11,2025-12-02T17:10:00,kognition,methodik,0,0.544734694004505,0.88421052631579,1,1,1
2,same_or_following_session,1,4,45,2025-11-11,2025-12-09T17:10:00,kognition,sozial,0,0.544734694004505,0.98285714285714,1,1,1
0,same_or_following_session,1,4,45,2025-11-18,2025-11-25T17:10:00,kognition,performanz,0,0.548799364795906,0.67441860465116,1,1,1
1,same_or_following_session,1,4,45,2025-11-18,2025-12-02T17:10:00,kognition,methodik,0,0.548799364795906,0.88421052631579,1,1,1
2,same_or_following_session,1,4,45,2025-11-18,2025-12-09T17:10:00,kognition,sozial,0,0.548799364795906,0.98285714285714,1,1,1
0,same_or_following_session,1,4,45,2025-11-25,2025-11-25T17:10:00,kognition,performanz,0,0.2073182092154,0.67441860465116,1,1,1
1,same_or_following_session,1,4,45,2025-11-25,2025-12-02T17:10:00,kognition,methodik,0,0.2073182092154,0.88421052631579,1,1,1
2,same_or_following_session,1,4,45,2025-11-25,2025-12-09T17:10:00,kognition,sozial,0,0.2073182092154,0.98285714285714,1,1,1
0,same_or_following_session,1,4,45,2025-12-02,2025-12-02T17:10:00,kognition,methodik,0,0.484968860898786,0.88421052631579,1,1,1
1,same_or_following_session,1,4,45,2025-12-02,2025-12-09T17:10:00,kognition,sozial,0,0.484968860898786,0.98285714285714,1,1,1
0,same_or_following_session,1,4,45,2025-12-09,2025-12-09T17:10:00,kognition,sozial,0,0.513238279535265,0.98285714285714,1,1,1
0,same_or_following_session,1,4,7,2025-09-03,2025-09-30T17:10:00,kognition,methodik,0,0.5060469492413959,0.78947368421053,1,1,1
1,same_or_following_session,1,4,7,2025-09-03,2025-10-21T17:10:00,kognition,sozial,0,0.5060469492413959,0.82105263157895,1,1,1
0,same_or_following_session,1,4,7,2025-09-10,2025-09-30T17:10:00,kognition,methodik,0,0.364019927516056,0.78947368421053,1,1,1
1,same_or_following_session,1,4,7,2025-09-10,2025-10-21T17:10:00,kognition,sozial,0,0.364019927516056,0.82105263157895,1,1,1
0,same_or_following_session,1,4,7,2025-09-24,2025-09-30T17:10:00,kognition,methodik,0,0.5097590336627267,0.78947368421053,1,1,1
1,same_or_following_session,1,4,7,2025-09-24,2025-10-21T17:10:00,kognition,sozial,0,0.5097590336627267,0.82105263157895,1,1,1
0,same_or_following_session,1,5,10,2025-09-11,2025-09-17T15:35:00,kognition,sozial,0,0.332209784963376,0.93851851851852,1,1,1
1,same_or_following_session,1,5,10,2025-09-11,2025-09-24T15:35:00,kognition,kognition,1,0.332209784963376,1.0,1,1,1
2,same_or_following_session,1,5,10,2025-09-11,2025-10-01T16:53:43,kognition,kognition,1,0.332209784963376,1.0,1,1,1
3,same_or_following_session,1,5,10,2025-09-11,2025-10-29T16:53:35,kognition,methodik,0,0.332209784963376,1.0,1,1,1
0,same_or_following_session,1,5,10,2025-09-18,2025-09-24T15:35:00,kognition,kognition,1,0.512127012074882,1.0,1,1,1
1,same_or_following_session,1,5,10,2025-09-18,2025-10-01T16:53:43,kognition,kognition,1,0.512127012074882,1.0,1,1,1
2,same_or_following_session,1,5,10,2025-09-18,2025-10-29T16:53:35,kognition,methodik,0,0.512127012074882,1.0,1,1,1
3,same_or_following_session,1,5,10,2025-09-18,2025-11-12T16:57:14,kognition,methodik,0,0.512127012074882,1.0,1,1,1
0,same_or_following_session,1,5,10,2025-09-25,2025-10-01T16:53:43,kognition,kognition,1,0.47937162528668253,1.0,1,1,1
1,same_or_following_session,1,5,10,2025-09-25,2025-10-29T16:53:35,kognition,methodik,0,0.47937162528668253,1.0,1,1,1
2,same_or_following_session,1,5,10,2025-09-25,2025-11-12T16:57:14,kognition,methodik,0,0.47937162528668253,1.0,1,1,1
3,same_or_following_session,1,5,10,2025-09-25,2025-11-26T15:35:00,kognition,methodik,0,0.47937162528668253,1.0,1,1,1
0,same_or_following_session,1,5,10,2025-10-02,2025-10-29T16:53:35,kognition,methodik,0,0.5197677266445825,1.0,1,1,1
1,same_or_following_session,1,5,10,2025-10-02,2025-11-12T16:57:14,kognition,methodik,0,0.5197677266445825,1.0,1,1,1
2,same_or_following_session,1,5,10,2025-10-02,2025-11-26T15:35:00,kognition,methodik,0,0.5197677266445825,1.0,1,1,1
3,same_or_following_session,1,5,10,2025-10-02,2025-12-03T15:35:00,kognition,methodik,0,0.5197677266445825,1.0,1,1,1
0,same_or_following_session,1,5,10,2025-10-23,2025-10-29T16:53:35,kognition,methodik,0,0.533334350149535,1.0,1,1,1
1,same_or_following_session,1,5,10,2025-10-23,2025-11-12T16:57:14,kognition,methodik,0,0.533334350149535,1.0,1,1,1
2,same_or_following_session,1,5,10,2025-10-23,2025-11-26T15:35:00,kognition,methodik,0,0.533334350149535,1.0,1,1,1
3,same_or_following_session,1,5,10,2025-10-23,2025-12-03T15:35:00,kognition,methodik,0,0.533334350149535,1.0,1,1,1
0,same_or_following_session,1,5,10,2025-10-30,2025-11-12T16:57:14,performanz,methodik,0,0.47779222825240397,1.0,1,1,1
1,same_or_following_session,1,5,10,2025-10-30,2025-11-26T15:35:00,performanz,methodik,0,0.47779222825240397,1.0,1,1,1
2,same_or_following_session,1,5,10,2025-10-30,2025-12-03T15:35:00,performanz,methodik,0,0.47779222825240397,1.0,1,1,1
3,same_or_following_session,1,5,10,2025-10-30,2025-12-10T15:35:00,performanz,methodik,0,0.47779222825240397,1.0,1,1,1
0,same_or_following_session,1,5,10,2025-11-06,2025-11-12T16:57:14,kognition,methodik,0,0.375087193362424,1.0,1,1,1
1,same_or_following_session,1,5,10,2025-11-06,2025-11-26T15:35:00,kognition,methodik,0,0.375087193362424,1.0,1,1,1
2,same_or_following_session,1,5,10,2025-11-06,2025-12-03T15:35:00,kognition,methodik,0,0.375087193362424,1.0,1,1,1
3,same_or_following_session,1,5,10,2025-11-06,2025-12-10T15:35:00,kognition,methodik,0,0.375087193362424,1.0,1,1,1
0,same_or_following_session,1,5,10,2025-11-13,2025-11-26T15:35:00,performanz,methodik,0,0.45451255365346,1.0,1,1,1
1,same_or_following_session,1,5,10,2025-11-13,2025-12-03T15:35:00,performanz,methodik,0,0.45451255365346,1.0,1,1,1
2,same_or_following_session,1,5,10,2025-11-13,2025-12-10T15:35:00,performanz,methodik,0,0.45451255365346,1.0,1,1,1
3,same_or_following_session,1,5,10,2025-11-13,2026-02-04T15:35:00,performanz,methodik,0,0.45451255365346,1.0,1,1,1
0,same_or_following_session,1,5,10,2025-11-20,2025-11-26T15:35:00,kognition,methodik,0,0.339137014732872,1.0,1,1,1
1,same_or_following_session,1,5,10,2025-11-20,2025-12-03T15:35:00,kognition,methodik,0,0.339137014732872,1.0,1,1,1
2,same_or_following_session,1,5,10,2025-11-20,2025-12-10T15:35:00,kognition,methodik,0,0.339137014732872,1.0,1,1,1
3,same_or_following_session,1,5,10,2025-11-20,2026-02-04T15:35:00,kognition,methodik,0,0.339137014732872,1.0,1,1,1
0,same_or_following_session,1,5,10,2025-11-27,2025-12-03T15:35:00,performanz,methodik,0,0.46727547555698,1.0,1,1,1
1,same_or_following_session,1,5,10,2025-11-27,2025-12-10T15:35:00,performanz,methodik,0,0.46727547555698,1.0,1,1,1
2,same_or_following_session,1,5,10,2025-11-27,2026-02-04T15:35:00,performanz,methodik,0,0.46727547555698,1.0,1,1,1
0,same_or_following_session,1,5,10,2025-12-04,2025-12-10T15:35:00,kognition,methodik,0,0.472944756266935,1.0,1,1,1
1,same_or_following_session,1,5,10,2025-12-04,2026-02-04T15:35:00,kognition,methodik,0,0.472944756266935,1.0,1,1,1
0,same_or_following_session,1,5,10,2025-12-11,2026-02-04T15:35:00,kognition,methodik,0,0.4310304942801175,1.0,1,1,1
0,same_or_following_session,23,5,10,2026-01-08,2026-02-04T15:35:00,regulation,methodik,0,0.48711258683082753,1.0,1,1,1
0,same_or_following_session,23,5,10,2026-01-22,2026-02-04T15:35:00,kognition,methodik,0,0.291673663031,1.0,1,1,1
0,same_or_following_session,23,5,10,2026-01-29,2026-02-04T15:35:00,performanz,methodik,0,0.30944948300202,1.0,1,1,1
0,same_or_following_session,1,5,15,2025-09-04,2025-09-10T15:35:00,kognition,affektiv,0,0.472246566519036,0.6418085106383,1,1,1
1,same_or_following_session,1,5,15,2025-09-04,2025-09-10T15:35:00,kognition,regulation,0,0.472246566519036,0.72180952380952,1,1,1
2,same_or_following_session,1,5,15,2025-09-04,2025-09-17T15:35:00,kognition,kognition,1,0.472246566519036,1.0,1,1,1
3,same_or_following_session,1,5,15,2025-09-04,2025-09-17T15:35:00,kognition,sozial,0,0.472246566519036,0.93851851851852,1,1,1
0,same_or_following_session,1,5,15,2025-09-11,2025-09-17T15:35:00,kognition,kognition,1,0.367120842833704,1.0,1,1,1
1,same_or_following_session,1,5,15,2025-09-11,2025-09-17T15:35:00,kognition,sozial,0,0.367120842833704,0.93851851851852,1,1,1
2,same_or_following_session,1,5,15,2025-09-11,2025-09-24T15:35:00,kognition,affektiv,0,0.367120842833704,0.6652850877193,1,1,1
3,same_or_following_session,1,5,15,2025-09-11,2025-09-24T15:35:00,kognition,kognition,1,0.367120842833704,1.0,1,1,1
0,same_or_following_session,1,5,15,2025-09-18,2025-09-24T15:35:00,motivation,affektiv,0,0.48235777126303603,0.6652850877193,1,1,1
1,same_or_following_session,1,5,15,2025-09-18,2025-09-24T15:35:00,motivation,kognition,0,0.48235777126303603,1.0,1,1,1
2,same_or_following_session,1,5,15,2025-09-18,2025-09-24T15:35:00,motivation,affektiv,0,0.48235777126303603,0.6790671641791,1,1,1
3,same_or_following_session,1,5,15,2025-09-18,2025-10-01T15:35:00,motivation,affektiv,0,0.48235777126303603,0.6418085106383,1,1,1
0,same_or_following_session,1,5,15,2025-09-25,2025-10-01T15:35:00,kognition,affektiv,0,0.554990535850055,0.6418085106383,1,1,1
1,same_or_following_session,1,5,15,2025-09-25,2025-10-01T15:35:00,kognition,kognition,1,0.554990535850055,0.78723404255319,1,1,1
2,same_or_following_session,1,5,15,2025-09-25,2025-10-01T15:35:00,kognition,performanz,0,0.554990535850055,0.8046511627907,1,1,1
3,same_or_following_session,1,5,15,2025-09-25,2025-10-01T16:53:43,kognition,kognition,1,0.554990535850055,1.0,1,1,1
0,same_or_following_session,18,5,15,2025-10-09,2025-10-22T15:35:00,kognition,methodik,0,0.5214103434438875,0.6,1,1,1
1,same_or_following_session,18,5,15,2025-10-09,2025-10-29T15:35:00,kognition,methodik,0,0.5214103434438875,0.52631578947368,1,1,1
2,same_or_following_session,18,5,15,2025-10-09,2025-10-29T15:35:00,kognition,methodik,0,0.5214103434438875,0.6,1,1,1
3,same_or_following_session,18,5,15,2025-10-09,2025-10-29T15:35:00,kognition,performanz,0,0.5214103434438875,0.83255813953488,1,1,1
0,same_or_following_session,1,5,15,2025-10-23,2025-10-29T15:35:00,kognition,methodik,0,0.60994849046194,0.52631578947368,1,1,1
1,same_or_following_session,1,5,15,2025-10-23,2025-10-29T15:35:00,kognition,methodik,0,0.60994849046194,0.6,1,1,1
2,same_or_following_session,1,5,15,2025-10-23,2025-10-29T15:35:00,kognition,performanz,0,0.60994849046194,0.83255813953488,1,1,1
3,same_or_following_session,1,5,15,2025-10-23,2025-10-29T16:53:35,kognition,methodik,0,0.60994849046194,1.0,1,1,1
0,same_or_following_session,1,5,15,2025-11-06,2025-11-12T15:35:00,kognition,affektiv,0,0.5539176493856119,0.67066233766234,1,1,1
1,same_or_following_session,1,5,15,2025-11-06,2025-11-12T15:35:00,kognition,kognition,1,0.5539176493856119,0.70212765957447,1,1,1
2,same_or_following_session,1,5,15,2025-11-06,2025-11-12T16:57:14,kognition,methodik,0,0.5539176493856119,1.0,1,1,1
3,same_or_following_session,1,5,15,2025-11-06,2025-11-26T15:35:00,kognition,kognition,1,0.5539176493856119,0.6,1,1,1
0,same_or_following_session,1,5,15,2025-11-13,2025-11-26T15:35:00,performanz,kognition,0,0.48692702482568,0.6,1,1,1
1,same_or_following_session,1,5,15,2025-11-13,2025-11-26T15:35:00,performanz,sozial,0,0.48692702482568,0.58947368421053,1,1,1
2,same_or_following_session,1,5,15,2025-11-13,2025-11-26T15:35:00,performanz,kognition,0,0.48692702482568,0.88936170212766,1,1,1
3,same_or_following_session,1,5,15,2025-11-13,2025-11-26T15:35:00,performanz,methodik,0,0.48692702482568,1.0,1,1,1
0,same_or_following_session,1,5,15,2025-11-20,2025-11-26T15:35:00,kognition,kognition,1,0.49952676148214004,0.6,1,1,1
1,same_or_following_session,1,5,15,2025-11-20,2025-11-26T15:35:00,kognition,sozial,0,0.49952676148214004,0.58947368421053,1,1,1
2,same_or_following_session,1,5,15,2025-11-20,2025-11-26T15:35:00,kognition,kognition,1,0.49952676148214004,0.88936170212766,1,1,1
3,same_or_following_session,1,5,15,2025-11-20,2025-11-26T15:35:00,kognition,methodik,0,0.49952676148214004,1.0,1,1,1
0,same_or_following_session,1,5,15,2025-12-11,2026-01-21T15:35:00,kognition,affektiv,0,0.5020074437625525,0.68542164179104,1,1,1
1,same_or_following_session,1,5,15,2025-12-11,2026-01-21T15:35:00,kognition,sozial,0,0.5020074437625525,0.72380952380952,1,1,1
2,same_or_following_session,1,5,15,2025-12-11,2026-01-21T15:35:00,kognition,sozial,0,0.5020074437625525,0.8904347826087,1,1,1
3,same_or_following_session,1,5,15,2025-12-11,2026-02-04T15:35:00,kognition,affektiv,0,0.5020074437625525,0.66644776119403,1,1,1
0,same_or_following_session,23,5,15,2026-01-08,2026-01-21T15:35:00,kognition,affektiv,0,0.47071351623136337,0.68542164179104,1,1,1
1,same_or_following_session,23,5,15,2026-01-08,2026-01-21T15:35:00,kognition,sozial,0,0.47071351623136337,0.72380952380952,1,1,1
2,same_or_following_session,23,5,15,2026-01-08,2026-01-21T15:35:00,kognition,sozial,0,0.47071351623136337,0.8904347826087,1,1,1
3,same_or_following_session,23,5,15,2026-01-08,2026-02-04T15:35:00,kognition,affektiv,0,0.47071351623136337,0.66644776119403,1,1,1
0,same_or_following_session,23,5,15,2026-01-15,2026-01-21T15:35:00,performanz,affektiv,0,0.51263704547891,0.68542164179104,1,1,1
1,same_or_following_session,23,5,15,2026-01-15,2026-01-21T15:35:00,performanz,sozial,0,0.51263704547891,0.72380952380952,1,1,1
2,same_or_following_session,23,5,15,2026-01-15,2026-01-21T15:35:00,performanz,sozial,0,0.51263704547891,0.8904347826087,1,1,1
3,same_or_following_session,23,5,15,2026-01-15,2026-02-04T15:35:00,performanz,affektiv,0,0.51263704547891,0.66644776119403,1,1,1
0,same_or_following_session,23,5,15,2026-01-22,2026-02-04T15:35:00,regulation,affektiv,0,0.5159792706813076,0.66644776119403,1,1,1
1,same_or_following_session,23,5,15,2026-01-22,2026-02-04T15:35:00,regulation,methodik,0,0.5159792706813076,0.82105263157895,1,1,1
2,same_or_following_session,23,5,15,2026-01-22,2026-02-04T15:35:00,regulation,kognition,0,0.5159792706813076,0.57446808510638,1,1,1
3,same_or_following_session,23,5,15,2026-01-22,2026-02-04T15:35:00,regulation,methodik,0,0.5159792706813076,1.0,1,1,1
0,same_or_following_session,23,5,15,2026-01-29,2026-02-04T15:35:00,kognition,affektiv,0,0.376211456525968,0.66644776119403,1,1,1
1,same_or_following_session,23,5,15,2026-01-29,2026-02-04T15:35:00,kognition,methodik,0,0.376211456525968,0.82105263157895,1,1,1
2,same_or_following_session,23,5,15,2026-01-29,2026-02-04T15:35:00,kognition,kognition,1,0.376211456525968,0.57446808510638,1,1,1
3,same_or_following_session,23,5,15,2026-01-29,2026-02-04T15:35:00,kognition,methodik,0,0.376211456525968,1.0,1,1,1
0,same_or_following_session,1,5,9,2025-09-04,2025-09-10T15:35:00,kognition,affektiv,0,0.48098930419352,0.6418085106383,1,1,1
1,same_or_following_session,1,5,9,2025-09-04,2025-09-10T15:35:00,kognition,regulation,0,0.48098930419352,0.72180952380952,1,1,1
2,same_or_following_session,1,5,9,2025-09-04,2025-09-17T15:35:00,kognition,kognition,1,0.48098930419352,1.0,1,1,1
3,same_or_following_session,1,5,9,2025-09-04,2025-09-17T15:35:00,kognition,sozial,0,0.48098930419352,0.93851851851852,1,1,1
0,same_or_following_session,1,5,9,2025-09-11,2025-09-17T15:35:00,performanz,kognition,0,0.492529391097836,1.0,1,1,1
1,same_or_following_session,1,5,9,2025-09-11,2025-09-17T15:35:00,performanz,sozial,0,0.492529391097836,0.93851851851852,1,1,1
2,same_or_following_session,1,5,9,2025-09-11,2025-09-24T15:35:00,performanz,affektiv,0,0.492529391097836,0.6652850877193,1,1,1
3,same_or_following_session,1,5,9,2025-09-11,2025-09-24T15:35:00,performanz,kognition,0,0.492529391097836,1.0,1,1,1
0,same_or_following_session,1,5,9,2025-09-18,2025-09-24T15:35:00,kognition,affektiv,0,0.57340081901219,0.6652850877193,1,1,1
1,same_or_following_session,1,5,9,2025-09-18,2025-09-24T15:35:00,kognition,kognition,1,0.57340081901219,1.0,1,1,1
2,same_or_following_session,1,5,9,2025-09-18,2025-09-24T15:35:00,kognition,affektiv,0,0.57340081901219,0.6790671641791,1,1,1
3,same_or_following_session,1,5,9,2025-09-18,2025-10-01T15:35:00,kognition,affektiv,0,0.57340081901219,0.6418085106383,1,1,1
0,same_or_following_session,1,5,9,2025-09-25,2025-10-01T15:35:00,kognition,affektiv,0,0.48638546275777,0.6418085106383,1,1,1
1,same_or_following_session,1,5,9,2025-09-25,2025-10-01T15:35:00,kognition,kognition,1,0.48638546275777,0.78723404255319,1,1,1
2,same_or_following_session,1,5,9,2025-09-25,2025-10-01T15:35:00,kognition,performanz,0,0.48638546275777,0.8046511627907,1,1,1
3,same_or_following_session,1,5,9,2025-09-25,2025-10-01T16:53:43,kognition,kognition,1,0.48638546275777,1.0,1,1,1
0,same_or_following_session,1,5,9,2025-10-02,2025-10-22T15:35:00,kognition,methodik,0,0.551663245119598,0.6,1,1,1
1,same_or_following_session,1,5,9,2025-10-02,2025-10-29T15:35:00,kognition,methodik,0,0.551663245119598,0.52631578947368,1,1,1
2,same_or_following_session,1,5,9,2025-10-02,2025-10-29T15:35:00,kognition,methodik,0,0.551663245119598,0.6,1,1,1
3,same_or_following_session,1,5,9,2025-10-02,2025-10-29T15:35:00,kognition,performanz,0,0.551663245119598,0.83255813953488,1,1,1
0,same_or_following_session,1,5,9,2025-10-30,2025-11-12T15:35:00,regulation,affektiv,0,0.3102836002853814,0.67066233766234,1,1,1
1,same_or_following_session,1,5,9,2025-10-30,2025-11-12T15:35:00,regulation,kognition,0,0.3102836002853814,0.70212765957447,1,1,1
2,same_or_following_session,1,5,9,2025-10-30,2025-11-12T16:57:14,regulation,methodik,0,0.3102836002853814,1.0,1,1,1
3,same_or_following_session,1,5,9,2025-10-30,2025-11-26T15:35:00,regulation,kognition,0,0.3102836002853814,0.6,1,1,1
0,same_or_following_session,1,5,9,2025-11-06,2025-11-12T15:35:00,performanz,affektiv,0,0.5201783329735367,0.67066233766234,1,1,1
1,same_or_following_session,1,5,9,2025-11-06,2025-11-12T15:35:00,performanz,kognition,0,0.5201783329735367,0.70212765957447,1,1,1
2,same_or_following_session,1,5,9,2025-11-06,2025-11-12T16:57:14,performanz,methodik,0,0.5201783329735367,1.0,1,1,1
3,same_or_following_session,1,5,9,2025-11-06,2025-11-26T15:35:00,performanz,kognition,0,0.5201783329735367,0.6,1,1,1
0,same_or_following_session,1,5,9,2025-11-13,2025-11-26T15:35:00,performanz,kognition,0,0.49841030417511,0.6,1,1,1
1,same_or_following_session,1,5,9,2025-11-13,2025-11-26T15:35:00,performanz,sozial,0,0.49841030417511,0.58947368421053,1,1,1
2,same_or_following_session,1,5,9,2025-11-13,2025-11-26T15:35:00,performanz,kognition,0,0.49841030417511,0.88936170212766,1,1,1
3,same_or_following_session,1,5,9,2025-11-13,2025-11-26T15:35:00,performanz,methodik,0,0.49841030417511,1.0,1,1,1
0,same_or_following_session,1,5,9,2025-11-20,2025-11-26T15:35:00,kognition,kognition,1,0.538834018899,0.6,1,1,1
1,same_or_following_session,1,5,9,2025-11-20,2025-11-26T15:35:00,kognition,sozial,0,0.538834018899,0.58947368421053,1,1,1
2,same_or_following_session,1,5,9,2025-11-20,2025-11-26T15:35:00,kognition,kognition,1,0.538834018899,0.88936170212766,1,1,1
3,same_or_following_session,1,5,9,2025-11-20,2025-11-26T15:35:00,kognition,methodik,0,0.538834018899,1.0,1,1,1
0,same_or_following_session,1,5,9,2025-11-27,2025-12-03T15:35:00,kognition,affektiv,0,0.53414984697906,0.70526754385965,1,1,1
1,same_or_following_session,1,5,9,2025-11-27,2025-12-03T15:35:00,kognition,sozial,0,0.53414984697906,0.89473684210526,1,1,1
2,same_or_following_session,1,5,9,2025-11-27,2025-12-03T15:35:00,kognition,methodik,0,0.53414984697906,0.77894736842105,1,1,1
3,same_or_following_session,1,5,9,2025-11-27,2025-12-03T15:35:00,kognition,methodik,0,0.53414984697906,1.0,1,1,1
0,same_or_following_session,1,5,9,2025-12-04,2025-12-10T15:35:00,performanz,affektiv,0,0.4855816176705875,0.64789473684211,1,1,1
1,same_or_following_session,1,5,9,2025-12-04,2025-12-10T15:35:00,performanz,sozial,0,0.4855816176705875,0.8696,1,1,1
2,same_or_following_session,1,5,9,2025-12-04,2025-12-10T15:35:00,performanz,kognition,0,0.4855816176705875,0.70212765957447,1,1,1
3,same_or_following_session,1,5,9,2025-12-04,2025-12-10T15:35:00,performanz,methodik,0,0.4855816176705875,1.0,1,1,1
0,same_or_following_session,1,5,9,2025-12-11,2026-01-21T15:35:00,performanz,affektiv,0,0.4842703917335425,0.68542164179104,1,1,1
1,same_or_following_session,1,5,9,2025-12-11,2026-01-21T15:35:00,performanz,sozial,0,0.4842703917335425,0.72380952380952,1,1,1
2,same_or_following_session,1,5,9,2025-12-11,2026-01-21T15:35:00,performanz,sozial,0,0.4842703917335425,0.8904347826087,1,1,1
3,same_or_following_session,1,5,9,2025-12-11,2026-02-04T15:35:00,performanz,affektiv,0,0.4842703917335425,0.66644776119403,1,1,1
0,same_or_following_session,23,5,9,2025-12-18,2026-01-21T15:35:00,kognition,affektiv,0,0.5193190694275625,0.68542164179104,1,1,1
1,same_or_following_session,23,5,9,2025-12-18,2026-01-21T15:35:00,kognition,sozial,0,0.5193190694275625,0.72380952380952,1,1,1
2,same_or_following_session,23,5,9,2025-12-18,2026-01-21T15:35:00,kognition,sozial,0,0.5193190694275625,0.8904347826087,1,1,1
3,same_or_following_session,23,5,9,2025-12-18,2026-02-04T15:35:00,kognition,affektiv,0,0.5193190694275625,0.66644776119403,1,1,1
0,same_or_following_session,23,5,9,2026-01-08,2026-01-21T15:35:00,kognition,affektiv,0,0.4794198724606925,0.68542164179104,1,1,1
1,same_or_following_session,23,5,9,2026-01-08,2026-01-21T15:35:00,kognition,sozial,0,0.4794198724606925,0.72380952380952,1,1,1
2,same_or_following_session,23,5,9,2026-01-08,2026-01-21T15:35:00,kognition,sozial,0,0.4794198724606925,0.8904347826087,1,1,1
3,same_or_following_session,23,5,9,2026-01-08,2026-02-04T15:35:00,kognition,affektiv,0,0.4794198724606925,0.66644776119403,1,1,1
0,same_or_following_session,23,5,9,2026-01-15,2026-01-21T15:35:00,kognition,affektiv,0,0.4707153094633125,0.68542164179104,1,1,1
1,same_or_following_session,23,5,9,2026-01-15,2026-01-21T15:35:00,kognition,sozial,0,0.4707153094633125,0.72380952380952,1,1,1
2,same_or_following_session,23,5,9,2026-01-15,2026-01-21T15:35:00,kognition,sozial,0,0.4707153094633125,0.8904347826087,1,1,1
3,same_or_following_session,23,5,9,2026-01-15,2026-02-04T15:35:00,kognition,affektiv,0,0.4707153094633125,0.66644776119403,1,1,1
0,same_or_following_session,23,5,9,2026-01-22,2026-02-04T15:35:00,performanz,affektiv,0,0.492043798557368,0.66644776119403,1,1,1
1,same_or_following_session,23,5,9,2026-01-22,2026-02-04T15:35:00,performanz,methodik,0,0.492043798557368,0.82105263157895,1,1,1
2,same_or_following_session,23,5,9,2026-01-22,2026-02-04T15:35:00,performanz,kognition,0,0.492043798557368,0.57446808510638,1,1,1
3,same_or_following_session,23,5,9,2026-01-22,2026-02-04T15:35:00,performanz,methodik,0,0.492043798557368,1.0,1,1,1
0,same_or_following_session,23,5,9,2026-01-29,2026-02-04T15:35:00,performanz,affektiv,0,0.50866046861726,0.66644776119403,1,1,1
1,same_or_following_session,23,5,9,2026-01-29,2026-02-04T15:35:00,performanz,methodik,0,0.50866046861726,0.82105263157895,1,1,1
2,same_or_following_session,23,5,9,2026-01-29,2026-02-04T15:35:00,performanz,kognition,0,0.50866046861726,0.57446808510638,1,1,1
3,same_or_following_session,23,5,9,2026-01-29,2026-02-04T15:35:00,performanz,methodik,0,0.50866046861726,1.0,1,1,1
0,same_or_following_session,1,6,16,2025-09-04,2025-09-10T17:10:00,kognition,methodik,0,0.488893762532965,0.89473684210526,1,1,1
1,same_or_following_session,1,6,16,2025-09-04,2025-09-10T17:10:00,kognition,sozial,0,0.488893762532965,1.0,1,1,1
2,same_or_following_session,1,6,16,2025-09-04,2025-09-10T17:10:00,kognition,sozial,0,0.488893762532965,1.0,1,1,1
3,same_or_following_session,1,6,16,2025-09-04,2025-09-10T17:10:00,kognition,affektiv,0,0.488893762532965,0.76470588235294,1,1,1
0,same_or_following_session,1,6,16,2025-09-11,2025-09-17T17:10:00,performanz,sozial,0,0.49669682873329596,0.98095238095238,1,1,1
1,same_or_following_session,1,6,16,2025-09-11,2025-09-17T17:10:00,performanz,performanz,1,0.49669682873329596,0.90697674418605,1,1,1
2,same_or_following_session,1,6,16,2025-09-11,2025-09-24T17:10:00,performanz,sozial,0,0.49669682873329596,0.73684210526316,1,1,1
3,same_or_following_session,1,6,16,2025-09-11,2025-09-24T17:10:00,performanz,methodik,0,0.49669682873329596,0.70526315789474,1,1,1
0,same_or_following_session,1,6,16,2025-09-25,2025-10-01T17:10:00,performanz,kognition,0,0.5226998704848476,1.0,1,1,1
1,same_or_following_session,1,6,16,2025-09-25,2025-10-01T17:10:00,performanz,methodik,0,0.5226998704848476,1.0,1,1,1
2,same_or_following_session,1,6,16,2025-09-25,2025-10-01T17:10:00,performanz,methodik,0,0.5226998704848476,1.0,1,1,1
3,same_or_following_session,1,6,16,2025-09-25,2025-10-22T17:10:00,performanz,methodik,0,0.5226998704848476,0.88421052631579,1,1,1
0,same_or_following_session,1,6,16,2025-10-02,2025-10-22T17:10:00,kognition,methodik,0,0.585824773560525,0.88421052631579,1,1,1
1,same_or_following_session,1,6,16,2025-10-02,2025-10-22T17:10:00,kognition,kognition,1,0.585824773560525,0.70212765957447,1,1,1
2,same_or_following_session,1,6,16,2025-10-02,2025-10-22T17:10:00,kognition,methodik,0,0.585824773560525,1.0,1,1,1
3,same_or_following_session,1,6,16,2025-10-02,2025-10-29T17:10:00,kognition,regulation,0,0.585824773560525,0.88894736842105,1,1,1
0,same_or_following_session,1,6,16,2025-10-23,2025-10-29T17:10:00,performanz,regulation,0,0.4568073638895825,0.88894736842105,1,1,1
1,same_or_following_session,1,6,16,2025-10-23,2025-10-29T17:10:00,performanz,sozial,0,0.4568073638895825,0.9496,1,1,1
2,same_or_following_session,1,6,16,2025-10-23,2025-10-29T17:10:00,performanz,methodik,0,0.4568073638895825,1.0,1,1,1
3,same_or_following_session,1,6,16,2025-10-23,2025-11-12T17:10:00,performanz,methodik,0,0.4568073638895825,1.0,1,1,1
0,same_or_following_session,1,6,16,2025-10-30,2025-11-12T17:10:00,performanz,methodik,0,0.5191754270877167,1.0,1,1,1
1,same_or_following_session,1,6,16,2025-10-30,2025-11-12T17:10:00,performanz,sozial,0,0.5191754270877167,1.0,1,1,1
2,same_or_following_session,1,6,16,2025-10-30,2025-11-12T17:10:00,performanz,methodik,0,0.5191754270877167,1.0,1,1,1
3,same_or_following_session,1,6,16,2025-10-30,2025-11-12T17:10:00,performanz,methodik,0,0.5191754270877167,1.0,1,1,1
0,same_or_following_session,1,6,16,2025-11-06,2025-11-12T17:10:00,performanz,methodik,0,0.486667915146035,1.0,1,1,1
1,same_or_following_session,1,6,16,2025-11-06,2025-11-12T17:10:00,performanz,sozial,0,0.486667915146035,1.0,1,1,1
2,same_or_following_session,1,6,16,2025-11-06,2025-11-12T17:10:00,performanz,methodik,0,0.486667915146035,1.0,1,1,1
3,same_or_following_session,1,6,16,2025-11-06,2025-11-12T17:10:00,performanz,methodik,0,0.486667915146035,1.0,1,1,1
0,same_or_following_session,1,6,16,2025-11-13,2025-11-26T17:10:00,performanz,methodik,0,0.506050102361786,0.77894736842105,1,1,1
1,same_or_following_session,1,6,16,2025-11-13,2025-11-26T17:10:00,performanz,sozial,0,0.506050102361786,1.0,1,1,1
2,same_or_following_session,1,6,16,2025-11-13,2025-11-26T17:10:00,performanz,sozial,0,0.506050102361786,0.89047619047619,1,1,1
3,same_or_following_session,1,6,16,2025-11-13,2025-11-26T17:10:00,performanz,methodik,0,0.506050102361786,0.6,1,1,1
0,same_or_following_session,1,6,16,2025-11-20,2025-11-26T17:10:00,kognition,methodik,0,0.4955015424567966,0.77894736842105,1,1,1
1,same_or_following_session,1,6,16,2025-11-20,2025-11-26T17:10:00,kognition,sozial,0,0.4955015424567966,1.0,1,1,1
2,same_or_following_session,1,6,16,2025-11-20,2025-11-26T17:10:00,kognition,sozial,0,0.4955015424567966,0.89047619047619,1,1,1
3,same_or_following_session,1,6,16,2025-11-20,2025-11-26T17:10:00,kognition,methodik,0,0.4955015424567966,0.6,1,1,1
0,same_or_following_session,1,6,16,2025-11-27,2025-12-03T17:10:00,kognition,methodik,0,0.532941914891575,0.89473684210526,1,1,1
1,same_or_following_session,1,6,16,2025-11-27,2025-12-03T17:10:00,kognition,methodik,0,0.532941914891575,0.88421052631579,1,1,1
2,same_or_following_session,1,6,16,2025-11-27,2025-12-10T17:10:00,kognition,sozial,0,0.532941914891575,1.0,1,1,1
3,same_or_following_session,1,6,16,2025-11-27,2025-12-10T17:10:00,kognition,sozial,0,0.532941914891575,1.0,1,1,1
0,same_or_following_session,1,6,16,2025-12-04,2025-12-10T17:10:00,kognition,sozial,0,0.5212007536796267,1.0,1,1,1
1,same_or_following_session,1,6,16,2025-12-04,2025-12-10T17:10:00,kognition,sozial,0,0.5212007536796267,1.0,1,1,1
2,same_or_following_session,1,6,16,2025-12-04,2025-12-10T17:10:00,kognition,sozial,0,0.5212007536796267,0.8776,1,1,1
3,same_or_following_session,1,6,16,2025-12-04,2025-12-10T17:10:00,kognition,methodik,0,0.5212007536796267,0.82105263157895,1,1,1
0,same_or_following_session,1,6,17,2025-10-23,2025-10-29T17:10:00,kognition,regulation,0,0.518512077326728,0.88894736842105,1,1,1
1,same_or_following_session,1,6,17,2025-10-23,2025-10-29T17:10:00,kognition,sozial,0,0.518512077326728,0.9496,1,1,1
2,same_or_following_session,1,6,17,2025-10-23,2025-10-29T17:10:00,kognition,methodik,0,0.518512077326728,1.0,1,1,1
3,same_or_following_session,1,6,17,2025-10-23,2025-11-12T17:10:00,kognition,methodik,0,0.518512077326728,1.0,1,1,1
0,same_or_following_session,1,6,17,2025-11-13,2025-11-26T17:10:00,kognition,methodik,0,0.516782548450705,0.77894736842105,1,1,1
1,same_or_following_session,1,6,17,2025-11-13,2025-11-26T17:10:00,kognition,sozial,0,0.516782548450705,1.0,1,1,1
2,same_or_following_session,1,6,17,2025-11-13,2025-11-26T17:10:00,kognition,sozial,0,0.516782548450705,0.89047619047619,1,1,1
3,same_or_following_session,1,6,17,2025-11-13,2025-11-26T17:10:00,kognition,methodik,0,0.516782548450705,0.6,1,1,1
0,same_or_following_session,1,6,18,2025-09-04,2025-09-10T17:10:00,kognition,methodik,0,0.333471192872082,0.89473684210526,1,1,1
1,same_or_following_session,1,6,18,2025-09-04,2025-09-10T17:10:00,kognition,sozial,0,0.333471192872082,1.0,1,1,1
2,same_or_following_session,1,6,18,2025-09-04,2025-09-10T17:10:00,kognition,sozial,0,0.333471192872082,1.0,1,1,1
3,same_or_following_session,1,6,18,2025-09-04,2025-09-10T17:10:00,kognition,affektiv,0,0.333471192872082,0.76470588235294,1,1,1
0,same_or_following_session,1,6,18,2025-09-11,2025-09-17T17:10:00,kognition,sozial,0,0.48550255396057995,0.98095238095238,1,1,1
1,same_or_following_session,1,6,18,2025-09-11,2025-09-17T17:10:00,kognition,performanz,0,0.48550255396057995,0.90697674418605,1,1,1
2,same_or_following_session,1,6,18,2025-09-11,2025-09-24T17:10:00,kognition,sozial,0,0.48550255396057995,0.73684210526316,1,1,1
3,same_or_following_session,1,6,18,2025-09-11,2025-09-24T17:10:00,kognition,methodik,0,0.48550255396057995,0.70526315789474,1,1,1
0,same_or_following_session,1,6,18,2025-09-25,2025-10-01T17:10:00,performanz,kognition,0,0.453372473798742,1.0,1,1,1
1,same_or_following_session,1,6,18,2025-09-25,2025-10-01T17:10:00,performanz,methodik,0,0.453372473798742,1.0,1,1,1
2,same_or_following_session,1,6,18,2025-09-25,2025-10-01T17:10:00,performanz,methodik,0,0.453372473798742,1.0,1,1,1
3,same_or_following_session,1,6,18,2025-09-25,2025-10-22T17:10:00,performanz,methodik,0,0.453372473798742,0.88421052631579,1,1,1
0,same_or_following_session,1,6,18,2025-10-02,2025-10-22T17:10:00,kognition,methodik,0,0.515661061923345,0.88421052631579,1,1,1
1,same_or_following_session,1,6,18,2025-10-02,2025-10-22T17:10:00,kognition,kognition,1,0.515661061923345,0.70212765957447,1,1,1
2,same_or_following_session,1,6,18,2025-10-02,2025-10-22T17:10:00,kognition,methodik,0,0.515661061923345,1.0,1,1,1
3,same_or_following_session,1,6,18,2025-10-02,2025-10-29T17:10:00,kognition,regulation,0,0.515661061923345,0.88894736842105,1,1,1
0,same_or_following_session,18,6,18,2025-10-16,2025-10-22T17:10:00,kognition,methodik,0,0.513496483173065,0.88421052631579,1,1,1
1,same_or_following_session,18,6,18,2025-10-16,2025-10-22T17:10:00,kognition,kognition,1,0.513496483173065,0.70212765957447,1,1,1
2,same_or_following_session,18,6,18,2025-10-16,2025-10-22T17:10:00,kognition,methodik,0,0.513496483173065,1.0,1,1,1
3,same_or_following_session,18,6,18,2025-10-16,2025-10-29T17:10:00,kognition,regulation,0,0.513496483173065,0.88894736842105,1,1,1
0,same_or_following_session,1,6,18,2025-10-23,2025-10-29T17:10:00,kognition,regulation,0,0.523038888486088,0.88894736842105,1,1,1
1,same_or_following_session,1,6,18,2025-10-23,2025-10-29T17:10:00,kognition,sozial,0,0.523038888486088,0.9496,1,1,1
2,same_or_following_session,1,6,18,2025-10-23,2025-10-29T17:10:00,kognition,methodik,0,0.523038888486088,1.0,1,1,1
3,same_or_following_session,1,6,18,2025-10-23,2025-11-12T17:10:00,kognition,methodik,0,0.523038888486088,1.0,1,1,1
0,same_or_following_session,1,6,18,2025-10-30,2025-11-12T17:10:00,performanz,methodik,0,0.46959913133939996,1.0,1,1,1
1,same_or_following_session,1,6,18,2025-10-30,2025-11-12T17:10:00,performanz,sozial,0,0.46959913133939996,1.0,1,1,1
2,same_or_following_session,1,6,18,2025-10-30,2025-11-12T17:10:00,performanz,methodik,0,0.46959913133939996,1.0,1,1,1
3,same_or_following_session,1,6,18,2025-10-30,2025-11-12T17:10:00,performanz,methodik,0,0.46959913133939996,1.0,1,1,1
0,same_or_following_session,1,6,18,2025-11-06,2025-11-12T17:10:00,kognition,methodik,0,0.49876630459458804,1.0,1,1,1
1,same_or_following_session,1,6,18,2025-11-06,2025-11-12T17:10:00,kognition,sozial,0,0.49876630459458804,1.0,1,1,1
2,same_or_following_session,1,6,18,2025-11-06,2025-11-12T17:10:00,kognition,methodik,0,0.49876630459458804,1.0,1,1,1
3,same_or_following_session,1,6,18,2025-11-06,2025-11-12T17:10:00,kognition,methodik,0,0.49876630459458804,1.0,1,1,1
0,same_or_following_session,1,6,18,2025-11-13,2025-11-26T17:10:00,kognition,methodik,0,0.363935929662886,0.77894736842105,1,1,1
1,same_or_following_session,1,6,18,2025-11-13,2025-11-26T17:10:00,kognition,sozial,0,0.363935929662886,1.0,1,1,1
2,same_or_following_session,1,6,18,2025-11-13,2025-11-26T17:10:00,kognition,sozial,0,0.363935929662886,0.89047619047619,1,1,1
3,same_or_following_session,1,6,18,2025-11-13,2025-11-26T17:10:00,kognition,methodik,0,0.363935929662886,0.6,1,1,1
0,same_or_following_session,1,6,18,2025-11-27,2025-12-03T17:10:00,kognition,methodik,0,0.5304104332053939,0.89473684210526,1,1,1
1,same_or_following_session,1,6,18,2025-11-27,2025-12-03T17:10:00,kognition,methodik,0,0.5304104332053939,0.88421052631579,1,1,1
2,same_or_following_session,1,6,18,2025-11-27,2025-12-10T17:10:00,kognition,sozial,0,0.5304104332053939,1.0,1,1,1
3,same_or_following_session,1,6,18,2025-11-27,2025-12-10T17:10:00,kognition,sozial,0,0.5304104332053939,1.0,1,1,1
0,same_or_following_session,1,6,18,2025-12-04,2025-12-10T17:10:00,regulation,sozial,0,0.446776980976112,1.0,1,1,1
1,same_or_following_session,1,6,18,2025-12-04,2025-12-10T17:10:00,regulation,sozial,0,0.446776980976112,1.0,1,1,1
2,same_or_following_session,1,6,18,2025-12-04,2025-12-10T17:10:00,regulation,sozial,0,0.446776980976112,0.8776,1,1,1
3,same_or_following_session,1,6,18,2025-12-04,2025-12-10T17:10:00,regulation,methodik,0,0.446776980976112,0.82105263157895,1,1,1
0,same_or_following_session,1,6,19,2025-09-04,2025-09-10T17:10:00,kognition,methodik,0,0.456782019415642,0.89473684210526,1,1,1
1,same_or_following_session,1,6,19,2025-09-04,2025-09-10T17:10:00,kognition,sozial,0,0.456782019415642,1.0,1,1,1
2,same_or_following_session,1,6,19,2025-09-04,2025-09-10T17:10:00,kognition,sozial,0,0.456782019415642,1.0,1,1,1
3,same_or_following_session,1,6,19,2025-09-04,2025-09-10T17:10:00,kognition,affektiv,0,0.456782019415642,0.76470588235294,1,1,1
0,same_or_following_session,1,6,19,2025-09-11,2025-09-17T17:10:00,kognition,sozial,0,0.4595668359408525,0.98095238095238,1,1,1
1,same_or_following_session,1,6,19,2025-09-11,2025-09-17T17:10:00,kognition,performanz,0,0.4595668359408525,0.90697674418605,1,1,1
2,same_or_following_session,1,6,19,2025-09-11,2025-09-24T17:10:00,kognition,sozial,0,0.4595668359408525,0.73684210526316,1,1,1
3,same_or_following_session,1,6,19,2025-09-11,2025-09-24T17:10:00,kognition,methodik,0,0.4595668359408525,0.70526315789474,1,1,1
0,same_or_following_session,1,6,19,2025-09-18,2025-09-24T17:10:00,kognition,sozial,0,0.45142175575153004,0.73684210526316,1,1,1
1,same_or_following_session,1,6,19,2025-09-18,2025-09-24T17:10:00,kognition,methodik,0,0.45142175575153004,0.70526315789474,1,1,1
2,same_or_following_session,1,6,19,2025-09-18,2025-09-24T17:10:00,kognition,methodik,0,0.45142175575153004,1.0,1,1,1
3,same_or_following_session,1,6,19,2025-09-18,2025-09-24T17:10:00,kognition,methodik,0,0.45142175575153004,0.88421052631579,1,1,1
0,same_or_following_session,1,6,19,2025-09-25,2025-10-01T17:10:00,performanz,kognition,0,0.4683588967656133,1.0,1,1,1
1,same_or_following_session,1,6,19,2025-09-25,2025-10-01T17:10:00,performanz,methodik,0,0.4683588967656133,1.0,1,1,1
2,same_or_following_session,1,6,19,2025-09-25,2025-10-01T17:10:00,performanz,methodik,0,0.4683588967656133,1.0,1,1,1
3,same_or_following_session,1,6,19,2025-09-25,2025-10-22T17:10:00,performanz,methodik,0,0.4683588967656133,0.88421052631579,1,1,1
0,same_or_following_session,1,6,19,2025-10-02,2025-10-22T17:10:00,kognition,methodik,0,0.5164861424247433,0.88421052631579,1,1,1
1,same_or_following_session,1,6,19,2025-10-02,2025-10-22T17:10:00,kognition,kognition,1,0.5164861424247433,0.70212765957447,1,1,1
2,same_or_following_session,1,6,19,2025-10-02,2025-10-22T17:10:00,kognition,methodik,0,0.5164861424247433,1.0,1,1,1
3,same_or_following_session,1,6,19,2025-10-02,2025-10-29T17:10:00,kognition,regulation,0,0.5164861424247433,0.88894736842105,1,1,1
0,same_or_following_session,18,6,19,2025-10-09,2025-10-22T17:10:00,kognition,methodik,0,0.49375827364266806,0.88421052631579,1,1,1
1,same_or_following_session,18,6,19,2025-10-09,2025-10-22T17:10:00,kognition,kognition,1,0.49375827364266806,0.70212765957447,1,1,1
2,same_or_following_session,18,6,19,2025-10-09,2025-10-22T17:10:00,kognition,methodik,0,0.49375827364266806,1.0,1,1,1
3,same_or_following_session,18,6,19,2025-10-09,2025-10-29T17:10:00,kognition,regulation,0,0.49375827364266806,0.88894736842105,1,1,1
0,same_or_following_session,18,6,19,2025-10-16,2025-10-22T17:10:00,kognition,methodik,0,0.23418342556187333,0.88421052631579,1,1,1
1,same_or_following_session,18,6,19,2025-10-16,2025-10-22T17:10:00,kognition,kognition,1,0.23418342556187333,0.70212765957447,1,1,1
2,same_or_following_session,18,6,19,2025-10-16,2025-10-22T17:10:00,kognition,methodik,0,0.23418342556187333,1.0,1,1,1
3,same_or_following_session,18,6,19,2025-10-16,2025-10-29T17:10:00,kognition,regulation,0,0.23418342556187333,0.88894736842105,1,1,1
0,same_or_following_session,1,6,19,2025-10-23,2025-10-29T17:10:00,kognition,regulation,0,0.46840424750076665,0.88894736842105,1,1,1
1,same_or_following_session,1,6,19,2025-10-23,2025-10-29T17:10:00,kognition,sozial,0,0.46840424750076665,0.9496,1,1,1
2,same_or_following_session,1,6,19,2025-10-23,2025-10-29T17:10:00,kognition,methodik,0,0.46840424750076665,1.0,1,1,1
3,same_or_following_session,1,6,19,2025-10-23,2025-11-12T17:10:00,kognition,methodik,0,0.46840424750076665,1.0,1,1,1
0,same_or_following_session,1,6,19,2025-10-30,2025-11-12T17:10:00,kognition,methodik,0,0.45774257204924335,1.0,1,1,1
1,same_or_following_session,1,6,19,2025-10-30,2025-11-12T17:10:00,kognition,sozial,0,0.45774257204924335,1.0,1,1,1
2,same_or_following_session,1,6,19,2025-10-30,2025-11-12T17:10:00,kognition,methodik,0,0.45774257204924335,1.0,1,1,1
3,same_or_following_session,1,6,19,2025-10-30,2025-11-12T17:10:00,kognition,methodik,0,0.45774257204924335,1.0,1,1,1
0,same_or_following_session,1,6,19,2025-11-06,2025-11-12T17:10:00,kognition,methodik,0,0.5424878199246981,1.0,1,1,1
1,same_or_following_session,1,6,19,2025-11-06,2025-11-12T17:10:00,kognition,sozial,0,0.5424878199246981,1.0,1,1,1
2,same_or_following_session,1,6,19,2025-11-06,2025-11-12T17:10:00,kognition,methodik,0,0.5424878199246981,1.0,1,1,1
3,same_or_following_session,1,6,19,2025-11-06,2025-11-12T17:10:00,kognition,methodik,0,0.5424878199246981,1.0,1,1,1
0,same_or_following_session,1,6,19,2025-11-13,2025-11-26T17:10:00,kognition,methodik,0,0.509496199010085,0.77894736842105,1,1,1
1,same_or_following_session,1,6,19,2025-11-13,2025-11-26T17:10:00,kognition,sozial,0,0.509496199010085,1.0,1,1,1
2,same_or_following_session,1,6,19,2025-11-13,2025-11-26T17:10:00,kognition,sozial,0,0.509496199010085,0.89047619047619,1,1,1
3,same_or_following_session,1,6,19,2025-11-13,2025-11-26T17:10:00,kognition,methodik,0,0.509496199010085,0.6,1,1,1
0,same_or_following_session,1,6,19,2025-11-20,2025-11-26T17:10:00,kognition,methodik,0,0.46931711953297,0.77894736842105,1,1,1
1,same_or_following_session,1,6,19,2025-11-20,2025-11-26T17:10:00,kognition,sozial,0,0.46931711953297,1.0,1,1,1
2,same_or_following_session,1,6,19,2025-11-20,2025-11-26T17:10:00,kognition,sozial,0,0.46931711953297,0.89047619047619,1,1,1
3,same_or_following_session,1,6,19,2025-11-20,2025-11-26T17:10:00,kognition,methodik,0,0.46931711953297,0.6,1,1,1
0,same_or_following_session,1,6,19,2025-11-27,2025-12-03T17:10:00,kognition,methodik,0,0.49403261309430196,0.89473684210526,1,1,1
1,same_or_following_session,1,6,19,2025-11-27,2025-12-03T17:10:00,kognition,methodik,0,0.49403261309430196,0.88421052631579,1,1,1
2,same_or_following_session,1,6,19,2025-11-27,2025-12-10T17:10:00,kognition,sozial,0,0.49403261309430196,1.0,1,1,1
3,same_or_following_session,1,6,19,2025-11-27,2025-12-10T17:10:00,kognition,sozial,0,0.49403261309430196,1.0,1,1,1
0,same_or_following_session,1,6,19,2025-12-04,2025-12-10T17:10:00,kognition,sozial,0,0.48335936897755666,1.0,1,1,1
1,same_or_following_session,1,6,19,2025-12-04,2025-12-10T17:10:00,kognition,sozial,0,0.48335936897755666,1.0,1,1,1
2,same_or_following_session,1,6,19,2025-12-04,2025-12-10T17:10:00,kognition,sozial,0,0.48335936897755666,0.8776,1,1,1
3,same_or_following_session,1,6,19,2025-12-04,2025-12-10T17:10:00,kognition,methodik,0,0.48335936897755666,0.82105263157895,1,1,1
0,same_or_following_session,18,6,22,2025-09-11,2025-09-24T17:10:00,kognition,methodik,0,0.5212399631253299,0.88421052631579,1,1,1
1,same_or_following_session,18,6,22,2025-09-11,2025-10-01T17:10:00,kognition,methodik,0,0.5212399631253299,1.0,1,1,1
2,same_or_following_session,18,6,22,2025-09-11,2025-10-22T17:10:00,kognition,methodik,0,0.5212399631253299,1.0,1,1,1
3,same_or_following_session,18,6,22,2025-09-11,2025-10-29T17:10:00,kognition,methodik,0,0.5212399631253299,1.0,1,1,1
0,same_or_following_session,20,6,22,2025-09-18,2025-09-24T17:10:00,kognition,methodik,0,0.5117425244695201,0.88421052631579,1,1,1
1,same_or_following_session,20,6,22,2025-09-18,2025-10-01T17:10:00,kognition,methodik,0,0.5117425244695201,1.0,1,1,1
2,same_or_following_session,20,6,22,2025-09-18,2025-10-22T17:10:00,kognition,methodik,0,0.5117425244695201,1.0,1,1,1
3,same_or_following_session,20,6,22,2025-09-18,2025-10-29T17:10:00,kognition,methodik,0,0.5117425244695201,1.0,1,1,1
0,same_or_following_session,18,6,22,2025-09-25,2025-10-01T17:10:00,kognition,methodik,0,0.450599904038135,1.0,1,1,1
1,same_or_following_session,18,6,22,2025-09-25,2025-10-22T17:10:00,kognition,methodik,0,0.450599904038135,1.0,1,1,1
2,same_or_following_session,18,6,22,2025-09-25,2025-10-29T17:10:00,kognition,methodik,0,0.450599904038135,1.0,1,1,1
3,same_or_following_session,18,6,22,2025-09-25,2025-11-12T17:10:00,kognition,methodik,0,0.450599904038135,1.0,1,1,1
0,same_or_following_session,18,6,22,2025-10-02,2025-10-22T17:10:00,kognition,methodik,0,0.47191393183509406,1.0,1,1,1
1,same_or_following_session,18,6,22,2025-10-02,2025-10-29T17:10:00,kognition,methodik,0,0.47191393183509406,1.0,1,1,1
2,same_or_following_session,18,6,22,2025-10-02,2025-11-12T17:10:00,kognition,methodik,0,0.47191393183509406,1.0,1,1,1
3,same_or_following_session,18,6,22,2025-10-02,2025-11-26T17:10:00,kognition,methodik,0,0.47191393183509406,0.6,1,1,1
0,same_or_following_session,18,6,22,2025-10-09,2025-10-22T17:10:00,performanz,methodik,0,0.484574248273146,1.0,1,1,1
1,same_or_following_session,18,6,22,2025-10-09,2025-10-29T17:10:00,performanz,methodik,0,0.484574248273146,1.0,1,1,1
2,same_or_following_session,18,6,22,2025-10-09,2025-11-12T17:10:00,performanz,methodik,0,0.484574248273146,1.0,1,1,1
3,same_or_following_session,18,6,22,2025-10-09,2025-11-26T17:10:00,performanz,methodik,0,0.484574248273146,0.6,1,1,1
0,same_or_following_session,18,6,22,2025-10-16,2025-10-22T17:10:00,kognition,methodik,0,0.38084992612878,1.0,1,1,1
1,same_or_following_session,18,6,22,2025-10-16,2025-10-29T17:10:00,kognition,methodik,0,0.38084992612878,1.0,1,1,1
2,same_or_following_session,18,6,22,2025-10-16,2025-11-12T17:10:00,kognition,methodik,0,0.38084992612878,1.0,1,1,1
3,same_or_following_session,18,6,22,2025-10-16,2025-11-26T17:10:00,kognition,methodik,0,0.38084992612878,0.6,1,1,1
0,same_or_following_session,1,6,22,2025-10-23,2025-10-29T17:10:00,regulation,methodik,0,0.4787709744060375,1.0,1,1,1
1,same_or_following_session,1,6,22,2025-10-23,2025-11-12T17:10:00,regulation,methodik,0,0.4787709744060375,1.0,1,1,1
2,same_or_following_session,1,6,22,2025-10-23,2025-11-26T17:10:00,regulation,methodik,0,0.4787709744060375,0.6,1,1,1
3,same_or_following_session,1,6,22,2025-10-23,2025-12-03T17:10:00,regulation,methodik,0,0.4787709744060375,0.88421052631579,1,1,1
0,same_or_following_session,18,6,22,2025-10-23,2025-10-29T17:10:00,kognition,methodik,0,0.44568707146615605,1.0,1,1,1
1,same_or_following_session,18,6,22,2025-10-23,2025-11-12T17:10:00,kognition,methodik,0,0.44568707146615605,1.0,1,1,1
2,same_or_following_session,18,6,22,2025-10-23,2025-11-26T17:10:00,kognition,methodik,0,0.44568707146615605,0.6,1,1,1
3,same_or_following_session,18,6,22,2025-10-23,2025-12-03T17:10:00,kognition,methodik,0,0.44568707146615605,0.88421052631579,1,1,1
0,same_or_following_session,1,6,22,2025-11-06,2025-11-12T17:10:00,kognition,methodik,0,0.54273794544605,1.0,1,1,1
1,same_or_following_session,1,6,22,2025-11-06,2025-11-26T17:10:00,kognition,methodik,0,0.54273794544605,0.6,1,1,1
2,same_or_following_session,1,6,22,2025-11-06,2025-12-03T17:10:00,kognition,methodik,0,0.54273794544605,0.88421052631579,1,1,1
3,same_or_following_session,1,6,22,2025-11-06,2025-12-10T17:10:00,kognition,methodik,0,0.54273794544605,0.82105263157895,1,1,1
0,same_or_following_session,1,6,22,2025-11-13,2025-11-26T17:10:00,kognition,methodik,0,0.567207273403886,0.6,1,1,1
1,same_or_following_session,1,6,22,2025-11-13,2025-12-03T17:10:00,kognition,methodik,0,0.567207273403886,0.88421052631579,1,1,1
2,same_or_following_session,1,6,22,2025-11-13,2025-12-10T17:10:00,kognition,methodik,0,0.567207273403886,0.82105263157895,1,1,1
0,same_or_following_session,1,6,22,2025-11-20,2025-11-26T17:10:00,kognition,methodik,0,0.5610779037321666,0.6,1,1,1
1,same_or_following_session,1,6,22,2025-11-20,2025-12-03T17:10:00,kognition,methodik,0,0.5610779037321666,0.88421052631579,1,1,1
2,same_or_following_session,1,6,22,2025-11-20,2025-12-10T17:10:00,kognition,methodik,0,0.5610779037321666,0.82105263157895,1,1,1
0,same_or_following_session,1,6,22,2025-12-04,2025-12-10T17:10:00,kognition,methodik,0,0.4877291587755,0.82105263157895,1,1,1
0,same_or_following_session,1,6,5,2025-11-12,2025-11-12T17:10:00,kognition,sozial,0,0.31844470318801,0.90146341463415,1,1,1
1,same_or_following_session,1,6,5,2025-11-12,2025-11-26T18:23:34,kognition,sozial,0,0.31844470318801,0.89756097560976,1,1,1
2,same_or_following_session,1,6,5,2025-11-12,2025-12-10T18:27:20,kognition,performanz,0,0.31844470318801,0.84761904761905,1,1,1
0,same_or_following_session,1,6,5,2025-11-26,2025-11-26T18:23:34,kognition,sozial,0,0.5056431661946367,0.89756097560976,1,1,1
1,same_or_following_session,1,6,5,2025-11-26,2025-12-10T18:27:20,kognition,performanz,0,0.5056431661946367,0.84761904761905,1,1,1
0,same_or_following_session,1,6,5,2025-12-10,2025-12-10T18:27:20,kognition,performanz,0,0.45280275141216,0.84761904761905,1,1,1
0,same_or_following_session,1,7,11,2025-09-05,2025-09-11T15:35:00,kognition,sozial,0,0.48284986715745504,0.732,1,1,1
1,same_or_following_session,1,7,11,2025-09-05,2025-09-11T15:35:00,kognition,sozial,0,0.48284986715745504,0.98285714285714,1,1,1
2,same_or_following_session,1,7,11,2025-09-05,2025-09-11T15:35:00,kognition,sozial,0,0.48284986715745504,0.79047619047619,1,1,1
3,same_or_following_session,1,7,11,2025-09-05,2025-09-18T15:35:00,kognition,methodik,0,0.48284986715745504,0.88421052631579,1,1,1
0,same_or_following_session,1,7,11,2025-09-12,2025-09-18T15:35:00,kognition,methodik,0,0.320639526902592,0.88421052631579,1,1,1
1,same_or_following_session,1,7,11,2025-09-12,2025-09-18T15:35:00,kognition,sozial,0,0.320639526902592,0.96260869565217,1,1,1
2,same_or_following_session,1,7,11,2025-09-12,2025-09-18T15:35:00,kognition,methodik,0,0.320639526902592,0.82105263157895,1,1,1
3,same_or_following_session,1,7,11,2025-09-12,2025-09-25T15:35:00,kognition,kognition,1,0.320639526902592,0.85945945945946,1,1,1
0,same_or_following_session,1,7,11,2025-09-19,2025-09-25T15:35:00,regulation,kognition,0,0.46571522613252797,0.85945945945946,1,1,1
1,same_or_following_session,1,7,11,2025-09-19,2025-09-25T15:35:00,regulation,kognition,0,0.46571522613252797,1.0,1,1,1
2,same_or_following_session,1,7,11,2025-09-19,2025-09-25T15:35:00,regulation,sozial,0,0.46571522613252797,0.88571428571429,1,1,1
3,same_or_following_session,1,7,11,2025-09-19,2025-10-02T15:35:00,regulation,methodik,0,0.46571522613252797,0.77894736842105,1,1,1
0,same_or_following_session,1,7,11,2025-11-07,2025-11-13T15:35:00,kognition,sozial,0,0.5467011480180767,0.73354838709677,1,1,1
1,same_or_following_session,1,7,11,2025-11-07,2025-11-13T15:35:00,kognition,sozial,0,0.5467011480180767,0.57894736842105,1,1,1
2,same_or_following_session,1,7,11,2025-11-07,2025-11-13T16:48:41,kognition,kognition,1,0.5467011480180767,1.0,1,1,1
3,same_or_following_session,1,7,11,2025-11-07,2025-11-27T15:35:00,kognition,methodik,0,0.5467011480180767,1.0,1,1,1
0,same_or_following_session,1,7,11,2025-11-14,2025-11-27T15:35:00,kognition,methodik,0,0.5160093915621841,1.0,1,1,1
1,same_or_following_session,1,7,11,2025-11-14,2025-11-27T16:51:04,kognition,performanz,0,0.5160093915621841,0.71162790697674,1,1,1
2,same_or_following_session,1,7,11,2025-11-14,2025-11-27T16:53:11,kognition,affektiv,0,0.5160093915621841,0.56342592592593,1,1,1
3,same_or_following_session,1,7,11,2025-11-14,2025-12-04T15:35:00,kognition,methodik,0,0.5160093915621841,1.0,1,1,1
0,same_or_following_session,1,7,11,2025-11-28,2025-12-04T15:35:00,performanz,methodik,0,0.46049512665394,1.0,1,1,1
1,same_or_following_session,1,7,11,2025-11-28,2025-12-04T16:42:55,performanz,performanz,1,0.46049512665394,0.83255813953488,1,1,1
2,same_or_following_session,1,7,11,2025-11-28,2025-12-04T16:52:36,performanz,sozial,0,0.46049512665394,0.82105263157895,1,1,1
3,same_or_following_session,1,7,11,2025-11-28,2025-12-11T15:35:00,performanz,methodik,0,0.46049512665394,1.0,1,1,1
0,same_or_following_session,1,7,20,2025-09-05,2025-09-11T15:35:00,performanz,sozial,0,0.480502966692644,0.732,1,1,1
1,same_or_following_session,1,7,20,2025-09-05,2025-09-11T15:35:00,performanz,sozial,0,0.480502966692644,0.98285714285714,1,1,1
2,same_or_following_session,1,7,20,2025-09-05,2025-09-11T15:35:00,performanz,sozial,0,0.480502966692644,0.79047619047619,1,1,1
3,same_or_following_session,1,7,20,2025-09-05,2025-09-18T15:35:00,performanz,methodik,0,0.480502966692644,0.88421052631579,1,1,1
0,same_or_following_session,1,7,20,2025-09-12,2025-09-18T15:35:00,kognition,methodik,0,0.60485050706038,0.88421052631579,1,1,1
1,same_or_following_session,1,7,20,2025-09-12,2025-09-18T15:35:00,kognition,sozial,0,0.60485050706038,0.96260869565217,1,1,1
2,same_or_following_session,1,7,20,2025-09-12,2025-09-18T15:35:00,kognition,methodik,0,0.60485050706038,0.82105263157895,1,1,1
3,same_or_following_session,1,7,20,2025-09-12,2025-09-25T15:35:00,kognition,kognition,1,0.60485050706038,0.85945945945946,1,1,1
0,same_or_following_session,1,7,20,2025-09-19,2025-09-25T15:35:00,kognition,kognition,1,0.5280450346145941,0.85945945945946,1,1,1
1,same_or_following_session,1,7,20,2025-09-19,2025-09-25T15:35:00,kognition,kognition,1,0.5280450346145941,1.0,1,1,1
2,same_or_following_session,1,7,20,2025-09-19,2025-09-25T15:35:00,kognition,sozial,0,0.5280450346145941,0.88571428571429,1,1,1
3,same_or_following_session,1,7,20,2025-09-19,2025-10-02T15:35:00,kognition,methodik,0,0.5280450346145941,0.77894736842105,1,1,1
0,same_or_following_session,1,7,20,2025-09-26,2025-10-02T15:35:00,performanz,methodik,0,0.5023960386987075,0.77894736842105,1,1,1
1,same_or_following_session,1,7,20,2025-09-26,2025-10-02T16:53:16,performanz,methodik,0,0.5023960386987075,1.0,1,1,1
2,same_or_following_session,1,7,20,2025-09-26,2025-10-23T15:35:00,performanz,methodik,0,0.5023960386987075,0.64210526315789,1,1,1
3,same_or_following_session,1,7,20,2025-09-26,2025-10-23T15:35:00,performanz,methodik,0,0.5023960386987075,1.0,1,1,1
0,same_or_following_session,1,7,20,2025-10-24,2025-10-30T15:35:00,performanz,performanz,1,0.458985483376968,1.0,1,1,1
1,same_or_following_session,1,7,20,2025-10-24,2025-10-30T16:55:47,performanz,kognition,0,0.458985483376968,1.0,1,1,1
2,same_or_following_session,1,7,20,2025-10-24,2025-11-06T15:35:00,performanz,sozial,0,0.458985483376968,0.7296,1,1,1
3,same_or_following_session,1,7,20,2025-10-24,2025-11-06T15:35:00,performanz,methodik,0,0.458985483376968,0.89473684210526,1,1,1
0,same_or_following_session,1,7,20,2025-11-14,2025-11-27T15:35:00,performanz,methodik,0,0.511872496626458,1.0,1,1,1
1,same_or_following_session,1,7,20,2025-11-14,2025-11-27T16:51:04,performanz,performanz,1,0.511872496626458,0.71162790697674,1,1,1
2,same_or_following_session,1,7,20,2025-11-14,2025-11-27T16:53:11,performanz,affektiv,0,0.511872496626458,0.56342592592593,1,1,1
3,same_or_following_session,1,7,20,2025-11-14,2025-12-04T15:35:00,performanz,methodik,0,0.511872496626458,1.0,1,1,1
0,same_or_following_session,1,7,20,2025-11-28,2025-12-04T15:35:00,kognition,methodik,0,0.5027790887955175,1.0,1,1,1
1,same_or_following_session,1,7,20,2025-11-28,2025-12-04T16:42:55,kognition,performanz,0,0.5027790887955175,0.83255813953488,1,1,1
2,same_or_following_session,1,7,20,2025-11-28,2025-12-04T16:52:36,kognition,sozial,0,0.5027790887955175,0.82105263157895,1,1,1
3,same_or_following_session,1,7,20,2025-11-28,2025-12-11T15:35:00,kognition,methodik,0,0.5027790887955175,1.0,1,1,1
0,same_or_following_session,1,7,24,2025-09-19,2025-09-25T15:35:00,kognition,kognition,1,0.474743295185876,0.85945945945946,1,1,1
1,same_or_following_session,1,7,24,2025-09-19,2025-09-25T15:35:00,kognition,kognition,1,0.474743295185876,1.0,1,1,1
2,same_or_following_session,1,7,24,2025-09-19,2025-09-25T15:35:00,kognition,sozial,0,0.474743295185876,0.88571428571429,1,1,1
3,same_or_following_session,1,7,24,2025-09-19,2025-10-02T15:35:00,kognition,methodik,0,0.474743295185876,0.77894736842105,1,1,1
0,same_or_following_session,1,7,24,2025-09-26,2025-10-02T15:35:00,kognition,methodik,0,0.541678571315746,0.77894736842105,1,1,1
1,same_or_following_session,1,7,24,2025-09-26,2025-10-02T16:53:16,kognition,methodik,0,0.541678571315746,1.0,1,1,1
2,same_or_following_session,1,7,24,2025-09-26,2025-10-23T15:35:00,kognition,methodik,0,0.541678571315746,0.64210526315789,1,1,1
3,same_or_following_session,1,7,24,2025-09-26,2025-10-23T15:35:00,kognition,methodik,0,0.541678571315746,1.0,1,1,1
0,same_or_following_session,1,7,24,2025-11-07,2025-11-13T15:35:00,kognition,sozial,0,0.5014615652425051,0.73354838709677,1,1,1
1,same_or_following_session,1,7,24,2025-11-07,2025-11-13T15:35:00,kognition,sozial,0,0.5014615652425051,0.57894736842105,1,1,1
2,same_or_following_session,1,7,24,2025-11-07,2025-11-13T16:48:41,kognition,kognition,1,0.5014615652425051,1.0,1,1,1
3,same_or_following_session,1,7,24,2025-11-07,2025-11-27T15:35:00,kognition,methodik,0,0.5014615652425051,1.0,1,1,1
0,same_or_following_session,1,7,24,2025-11-14,2025-11-27T15:35:00,performanz,methodik,0,0.45094361556574664,1.0,1,1,1
1,same_or_following_session,1,7,24,2025-11-14,2025-11-27T16:51:04,performanz,performanz,1,0.45094361556574664,0.71162790697674,1,1,1
2,same_or_following_session,1,7,24,2025-11-14,2025-11-27T16:53:11,performanz,affektiv,0,0.45094361556574664,0.56342592592593,1,1,1
3,same_or_following_session,1,7,24,2025-11-14,2025-12-04T15:35:00,performanz,methodik,0,0.45094361556574664,1.0,1,1,1
0,same_or_following_session,1,7,24,2025-11-28,2025-12-04T15:35:00,kognition,methodik,0,0.47005266638852594,1.0,1,1,1
1,same_or_following_session,1,7,24,2025-11-28,2025-12-04T16:42:55,kognition,performanz,0,0.47005266638852594,0.83255813953488,1,1,1
2,same_or_following_session,1,7,24,2025-11-28,2025-12-04T16:52:36,kognition,sozial,0,0.47005266638852594,0.82105263157895,1,1,1
3,same_or_following_session,1,7,24,2025-11-28,2025-12-11T15:35:00,kognition,methodik,0,0.47005266638852594,1.0,1,1,1
0,same_or_following_session,1,7,4,2025-09-19,2025-11-27T16:53:11,regulation,affektiv,0,0.18250574466027197,0.56342592592593,1,1,1
0,same_or_following_session,1,7,4,2025-09-26,2025-11-27T16:53:11,kognition,affektiv,0,0.477773263004212,0.56342592592593,1,1,1
0,same_or_following_session,1,7,4,2025-10-24,2025-11-27T16:53:11,kognition,affektiv,0,0.460062254238725,0.56342592592593,1,1,1
0,same_or_following_session,1,7,4,2025-11-14,2025-11-27T16:53:11,kognition,affektiv,0,0.481177876274334,0.56342592592593,1,1,1
0,same_or_following_session,1,7,6,2025-09-05,2025-09-11T15:35:00,performanz,sozial,0,0.43836996737337,0.732,1,1,1
1,same_or_following_session,1,7,6,2025-09-05,2025-09-11T15:35:00,performanz,sozial,0,0.43836996737337,0.98285714285714,1,1,1
2,same_or_following_session,1,7,6,2025-09-05,2025-09-11T15:35:00,performanz,sozial,0,0.43836996737337,0.79047619047619,1,1,1
3,same_or_following_session,1,7,6,2025-09-05,2025-09-18T15:35:00,performanz,methodik,0,0.43836996737337,0.88421052631579,1,1,1
0,same_or_following_session,1,7,6,2025-09-12,2025-09-18T15:35:00,kognition,methodik,0,0.532051864967382,0.88421052631579,1,1,1
1,same_or_following_session,1,7,6,2025-09-12,2025-09-18T15:35:00,kognition,sozial,0,0.532051864967382,0.96260869565217,1,1,1
2,same_or_following_session,1,7,6,2025-09-12,2025-09-18T15:35:00,kognition,methodik,0,0.532051864967382,0.82105263157895,1,1,1
3,same_or_following_session,1,7,6,2025-09-12,2025-09-25T15:35:00,kognition,kognition,1,0.532051864967382,0.85945945945946,1,1,1
0,same_or_following_session,1,7,6,2025-09-19,2025-09-25T15:35:00,kognition,kognition,1,0.293260553738075,0.85945945945946,1,1,1
1,same_or_following_session,1,7,6,2025-09-19,2025-09-25T15:35:00,kognition,kognition,1,0.293260553738075,1.0,1,1,1
2,same_or_following_session,1,7,6,2025-09-19,2025-09-25T15:35:00,kognition,sozial,0,0.293260553738075,0.88571428571429,1,1,1
3,same_or_following_session,1,7,6,2025-09-19,2025-10-02T15:35:00,kognition,methodik,0,0.293260553738075,0.77894736842105,1,1,1
0,same_or_following_session,1,7,6,2025-10-24,2025-10-30T15:35:00,kognition,performanz,0,0.5368818879246233,1.0,1,1,1
1,same_or_following_session,1,7,6,2025-10-24,2025-10-30T16:55:47,kognition,kognition,1,0.5368818879246233,1.0,1,1,1
2,same_or_following_session,1,7,6,2025-10-24,2025-11-06T15:35:00,kognition,sozial,0,0.5368818879246233,0.7296,1,1,1
3,same_or_following_session,1,7,6,2025-10-24,2025-11-06T15:35:00,kognition,methodik,0,0.5368818879246233,0.89473684210526,1,1,1
0,same_or_following_session,1,7,6,2025-11-07,2025-11-13T15:35:00,kognition,sozial,0,0.564095476274908,0.73354838709677,1,1,1
1,same_or_following_session,1,7,6,2025-11-07,2025-11-13T15:35:00,kognition,sozial,0,0.564095476274908,0.57894736842105,1,1,1
2,same_or_following_session,1,7,6,2025-11-07,2025-11-13T16:48:41,kognition,kognition,1,0.564095476274908,1.0,1,1,1
3,same_or_following_session,1,7,6,2025-11-07,2025-11-27T15:35:00,kognition,methodik,0,0.564095476274908,1.0,1,1,1
0,same_or_following_session,1,7,6,2025-11-14,2025-11-27T15:35:00,regulation,methodik,0,0.513911224409588,1.0,1,1,1
1,same_or_following_session,1,7,6,2025-11-14,2025-11-27T16:51:04,regulation,performanz,0,0.513911224409588,0.71162790697674,1,1,1
2,same_or_following_session,1,7,6,2025-11-14,2025-11-27T16:53:11,regulation,affektiv,0,0.513911224409588,0.56342592592593,1,1,1
3,same_or_following_session,1,7,6,2025-11-14,2025-12-04T15:35:00,regulation,methodik,0,0.513911224409588,1.0,1,1,1
0,same_or_following_session,1,7,6,2025-11-28,2025-12-04T15:35:00,kognition,methodik,0,0.44449563158538596,1.0,1,1,1
1,same_or_following_session,1,7,6,2025-11-28,2025-12-04T16:42:55,kognition,performanz,0,0.44449563158538596,0.83255813953488,1,1,1
2,same_or_following_session,1,7,6,2025-11-28,2025-12-04T16:52:36,kognition,sozial,0,0.44449563158538596,0.82105263157895,1,1,1
3,same_or_following_session,1,7,6,2025-11-28,2025-12-11T15:35:00,kognition,methodik,0,0.44449563158538596,1.0,1,1,1
