id,rueckkopplung_teilnehmer_id,ue_id,ue_zuweisung_teilnehmer_id,teilnehmer_id,gruppe_id,zeitpunkt,x_kognition,x_sozial,x_affektiv,x_motivation,x_methodik,x_performanz,x_regulation,sum_kognition,sum_sozial,sum_affektiv,sum_motivation,sum_methodik,sum_performanz,sum_regulation,emotion_ids,emotion_valenz,emotion_aktivierung,emotion_anzahl,dominante_dimension,dominante_dimension_wert,polaritaet_gesamt,d_semantisch,drift_norm,d_semantisch_delta,dominanzwechsel,stabilitaet,transition_marker,vector_7d,h_T,h_T_berechnet,dichteklasse,zeitpunkt_iso,kognition,sozial,affektiv,motivation,methodik,performanz,regulation,datum
1,32,10,33,2,1,2025-09-15 15:35:00,0.35037883005881,0.43478232369166,0.37960561839588,0.41381740916116,0.54184544134023,0.27850022896985,0.041168812980594,0.38723404255319,0.4805156658738,0.41953510194286,0.45734551999465,0.59884040555183,0.30779476459204,0.04549922686515,"22,25,12,24,11,20",-0.125,0.50833333333333,6,methodik,0.59884040555183,1,1.1051867549698,0.0,0.0,0,0.97459054785876,Homöostatisch (resilient),"{'kognition': 0.35037883005881, 'sozial': 0.43478232369166, 'affektiv': 0.37960561839588, 'motivation': 0.41381740916116, 'methodik': 0.54184544134023, 'performanz': 0.27850022896985, 'regulation': 0.041168812980594}",1.1051867549698,0.9999999990951759,Leerstelle / geringe Dichte,2025-09-15T15:35:00,0.35037883005881,0.43478232369166,0.37960561839588,0.41381740916116,0.54184544134023,0.27850022896985,0.041168812980594,2025-09-15
3,51,17,47,2,1,2025-09-22 15:35:00,0.29173702516666,0.33819623933473,0.47422663781936,0.47744100792036,0.33062699063322,0.35037366151356,0.33999423700294,0.59998167216877,0.69552894453942,0.97528687345491,0.98189749528827,0.67996214944237,0.72057283506852,0.69922667761567,"3,28,1,23,4,8,13,2",0.8025,0.53125,8,motivation,0.98189749528827,1,2.0565839098903,0.58533517477109,-0.26085448650344,1,0.62309738288248,Perturbativ,"{'kognition': 0.29173702516666, 'sozial': 0.33819623933473, 'affektiv': 0.47422663781936, 'motivation': 0.47744100792036, 'methodik': 0.33062699063322, 'performanz': 0.35037366151356, 'regulation': 0.33999423700294}",2.0565839098903,0.9999999995137597,mittlere Dichte,2025-09-22T15:35:00,0.29173702516666,0.33819623933473,0.47422663781936,0.47744100792036,0.33062699063322,0.35037366151356,0.33999423700294,2025-09-22
4,79,26,75,2,1,2025-09-29 15:35:00,0.24226096398411,0.39195337103443,0.46238416411727,0.46002275864107,0.49370812066963,0.13540207363007,0.31651334135799,0.35783937053428,0.57894736842105,0.68297944295968,0.67949145283827,0.72924750328191,0.2,0.46751623940815,"9,24",0.175,0.75,2,methodik,0.72924750328191,1,1.4770822521597,0.75909950365731,-0.57950165773067,1,0.55803758580245,Perturbativ,"{'kognition': 0.24226096398411, 'sozial': 0.39195337103443, 'affektiv': 0.46238416411727, 'motivation': 0.46002275864107, 'methodik': 0.49370812066963, 'performanz': 0.13540207363007, 'regulation': 0.31651334135799}",1.4770822521597,0.9999999993229953,Leerstelle / geringe Dichte,2025-09-29T15:35:00,0.24226096398411,0.39195337103443,0.46238416411727,0.46002275864107,0.49370812066963,0.13540207363007,0.31651334135799,2025-09-29
6,106,35,102,2,1,2025-10-20 15:35:00,0.43200526575255,0.35822773212263,0.38784650925578,0.3565751095175,0.34048283927313,0.39882649746538,0.36398142665934,0.90181946939331,0.74780742022216,0.80963719868971,0.74435753810493,0.71076460819507,0.83255813953488,0.75981837047088,"22,9,8,14,2",0.474,0.4,5,kognition,0.90181946939331,1,2.0875196217582,0.17946697179101,-0.053455383326573,1,0.84521211559146,Koordinativ,"{'kognition': 0.43200526575255, 'sozial': 0.35822773212263, 'affektiv': 0.38784650925578, 'motivation': 0.3565751095175, 'methodik': 0.34048283927313, 'performanz': 0.39882649746538, 'regulation': 0.36398142665934}",2.0875196217582,0.9999999995209641,mittlere Dichte,2025-10-20T15:35:00,0.43200526575255,0.35822773212263,0.38784650925578,0.3565751095175,0.34048283927313,0.39882649746538,0.36398142665934,2025-10-20
305,107,35,0,40,1,2025-10-20 15:35:00,0.20330684628273,0.34813886449083,0.38745582055616,0.43365990289655,0.36660591649346,0.16466256375736,0.58117903774248,0.33882128274857,0.58019126654188,0.64571498958119,0.72271646165667,0.6109675554988,0.27441860465116,0.96856466309375,"5,23,11",0.77666666666667,0.48333333333333,3,regulation,0.96856466309375,1,1.666551268392,0.0,0.0,0,0.95534072933347,Homöostatisch (resilient),"{'kognition': 0.20330684628273, 'sozial': 0.34813886449083, 'affektiv': 0.38745582055616, 'motivation': 0.43365990289655, 'methodik': 0.36660591649346, 'performanz': 0.16466256375736, 'regulation': 0.58117903774248}",1.666551268392,0.999999999399959,Leerstelle / geringe Dichte,2025-10-20T15:35:00,0.20330684628273,0.34813886449083,0.38745582055616,0.43365990289655,0.36660591649346,0.16466256375736,0.58117903774248,2025-10-20
31,131,44,126,4,1,2025-10-27 15:35:00,0.29135764469925,0.2745094296967,0.48126974545547,0.47410808624029,0.28829072212347,0.31298889778037,0.4497584449087,0.48936170212766,0.46106359043756,0.80833637319432,0.79630771423391,0.48421052631579,0.52569336192625,0.75541027376851,"5,3,1",0.87333333333333,0.5,3,affektiv,0.80833637319432,1,1.6795910824356,0.81982807704857,0.74002600885499,1,0.54291796871448,Kollapsiv,"{'kognition': 0.29135764469925, 'sozial': 0.2745094296967, 'affektiv': 0.48126974545547, 'motivation': 0.47410808624029, 'methodik': 0.28829072212347, 'performanz': 0.31298889778037, 'regulation': 0.4497584449087}",1.6795910824356,0.9999999994046199,Leerstelle / geringe Dichte,2025-10-27T15:35:00,0.29135764469925,0.2745094296967,0.48126974545547,0.47410808624029,0.28829072212347,0.31298889778037,0.4497584449087,2025-10-27
306,130,44,0,40,1,2025-10-27 15:35:00,0.208377631507,0.49624438542547,0.43115301577104,0.35766405096226,0.41011469258785,0.33743740498382,0.33829825824863,0.30435036800518,0.72480025918555,0.62972967908051,0.52239381331546,0.59900171007198,0.49285135665864,0.49410869414754,"15,23,14,25,11",0.166,0.54,5,sozial,0.72480025918555,1,1.4605712023681,0.57917977639239,-0.20598006602389,1,0.62723516110127,Perturbativ,"{'kognition': 0.208377631507, 'sozial': 0.49624438542547, 'affektiv': 0.43115301577104, 'motivation': 0.35766405096226, 'methodik': 0.41011469258785, 'performanz': 0.33743740498382, 'regulation': 0.33829825824863}",1.4605712023681,0.9999999993153321,Leerstelle / geringe Dichte,2025-10-27T15:35:00,0.208377631507,0.49624438542547,0.43115301577104,0.35766405096226,0.41011469258785,0.33743740498382,0.33829825824863,2025-10-27
8,155,51,172,2,1,2025-11-03 15:35:00,0.32549639715559,0.42937910303019,0.45816050838131,0.42313169112966,0.41442736226898,0.2489149971033,0.2950008244428,0.62646078019871,0.82639675964442,0.88179037324212,0.81437279081519,0.79762016099557,0.47906976744186,0.56776802525208,"23,8,13",0.81666666666667,0.58333333333333,3,affektiv,0.88179037324212,1,1.9246319939258,0.58853856432472,-0.24949735617918,1,0.62156696252276,Perturbativ,"{'kognition': 0.32549639715559, 'sozial': 0.42937910303019, 'affektiv': 0.45816050838131, 'motivation': 0.42313169112966, 'methodik': 0.41442736226898, 'performanz': 0.2489149971033, 'regulation': 0.2950008244428}",1.9246319939258,0.9999999994804193,mittlere Dichte,2025-11-03T15:35:00,0.32549639715559,0.42937910303019,0.45816050838131,0.42313169112966,0.41442736226898,0.2489149971033,0.2950008244428,2025-11-03
307,157,51,0,40,1,2025-11-03 15:35:00,0.24663031605827,0.45646349989973,0.48071652235014,0.41913728922378,0.21985063735872,0.29871566250426,0.43183882128096,0.47234042553191,0.87420787204233,0.92065667496224,0.80272161473239,0.42105263157895,0.57209302325581,0.82704728220379,11,0.78,0.45,1,affektiv,0.92065667496224,1,1.9151758503756,0.60212848053046,0.45460464800745,1,0.61046778061845,Perturbativ,"{'kognition': 0.24663031605827, 'sozial': 0.45646349989973, 'affektiv': 0.48071652235014, 'motivation': 0.41913728922378, 'methodik': 0.21985063735872, 'performanz': 0.29871566250426, 'regulation': 0.43183882128096}",1.9151758503756,0.9999999994778538,mittlere Dichte,2025-11-03T15:35:00,0.24663031605827,0.45646349989973,0.48071652235014,0.41913728922378,0.21985063735872,0.29871566250426,0.43183882128096,2025-11-03
308,158,51,0,40,1,2025-11-03 15:35:00,0.24663031605827,0.45646349989973,0.48071652235014,0.41913728922378,0.21985063735872,0.29871566250426,0.43183882128096,0.47234042553191,0.87420787204233,0.92065667496224,0.80272161473239,0.42105263157895,0.57209302325581,0.82704728220379,11,0.78,0.45,1,affektiv,0.92065667496224,1,1.9151758503756,0.0,0.0,0,0.96528860011588,Homöostatisch (resilient),"{'kognition': 0.24663031605827, 'sozial': 0.45646349989973, 'affektiv': 0.48071652235014, 'motivation': 0.41913728922378, 'methodik': 0.21985063735872, 'performanz': 0.29871566250426, 'regulation': 0.43183882128096}",1.9151758503756,0.9999999994778538,mittlere Dichte,2025-11-03T15:35:00,0.24663031605827,0.45646349989973,0.48071652235014,0.41913728922378,0.21985063735872,0.29871566250426,0.43183882128096,2025-11-03
313,156,51,0,43,1,2025-11-03 15:35:00,0.27988558672906,0.27836694545544,0.45730785519749,0.46225602769922,0.4075905429047,0.27948738701015,0.42085810070651,0.41276595744681,0.41052631578947,0.67442241990568,0.68171982019042,0.60110098077749,0.41217870574102,0.62066753389315,"17,16,24",-0.76666666666667,0.85,3,motivation,0.68171982019042,1,1.4747667501953,0.0,0.0,0,0.98625922463554,Homöostatisch (resilient),"{'kognition': 0.27988558672906, 'sozial': 0.27836694545544, 'affektiv': 0.45730785519749, 'motivation': 0.46225602769922, 'methodik': 0.4075905429047, 'performanz': 0.27948738701015, 'regulation': 0.42085810070651}",1.4747667501953,0.9999999993219264,Leerstelle / geringe Dichte,2025-11-03T15:35:00,0.27988558672906,0.27836694545544,0.45730785519749,0.46225602769922,0.4075905429047,0.27948738701015,0.42085810070651,2025-11-03
9,186,59,199,2,1,2025-11-10 15:35:00,0.20989102734333,0.44427441892042,0.42365328628254,0.45218472889375,0.38227116547378,0.21709825585111,0.42585204423679,0.38723404255319,0.81965475808601,0.78161023253165,0.83424871833097,0.70526315789474,0.4005308674151,0.78566678483881,"5,1,13,2",0.82,0.4875,4,motivation,0.83424871833097,1,1.8449289959874,0.36039428955733,-0.079702997938354,1,0.71782357130188,Transformativ,"{'kognition': 0.20989102734333, 'sozial': 0.44427441892042, 'affektiv': 0.42365328628254, 'motivation': 0.45218472889375, 'methodik': 0.38227116547378, 'performanz': 0.21709825585111, 'regulation': 0.42585204423679}",1.8449289959874,0.9999999994579771,mittlere Dichte,2025-11-10T15:35:00,0.20989102734333,0.44427441892042,0.42365328628254,0.45218472889375,0.38227116547378,0.21709825585111,0.42585204423679,2025-11-10
309,184,59,197,40,1,2025-11-10 15:35:00,0.36504743016479,0.29486108215244,0.37371023303586,0.41807354485127,0.33171871742149,0.35259409448189,0.48061687929506,0.62553191489362,0.50526315789474,0.64037617681828,0.71639552416278,0.56842105263158,0.60419233468341,0.82356749285954,"1,13",0.89,0.625,2,regulation,0.82356749285954,1,1.7135633970802,0.51803196070775,-0.20161245329536,1,0.6547854758679,Perturbativ,"{'kognition': 0.36504743016479, 'sozial': 0.29486108215244, 'affektiv': 0.37371023303586, 'motivation': 0.41807354485127, 'methodik': 0.33171871742149, 'performanz': 0.35259409448189, 'regulation': 0.48061687929506}",1.7135633970802,0.9999999994164167,Leerstelle / geringe Dichte,2025-11-10T15:35:00,0.36504743016479,0.29486108215244,0.37371023303586,0.41807354485127,0.33171871742149,0.35259409448189,0.48061687929506,2025-11-10
314,185,59,0,43,1,2025-11-10 15:35:00,0.31671897091648,0.39754096609224,0.4551587786619,0.46312030845107,0.24768269655229,0.29815572456918,0.41201551498531,0.63735614274882,0.8,0.9159484279289,0.93196998136512,0.49842953089734,0.6,0.82912816565367,"13,26",0.765,0.7,2,motivation,0.93196998136512,1,2.0123712216789,0.64215617877407,0.53760447148365,0,0.6001996711573,Perturbativ,"{'kognition': 0.31671897091648, 'sozial': 0.39754096609224, 'affektiv': 0.4551587786619, 'motivation': 0.46312030845107, 'methodik': 0.24768269655229, 'performanz': 0.29815572456918, 'regulation': 0.41201551498531}",2.0123712216789,0.9999999995030745,mittlere Dichte,2025-11-10T15:35:00,0.31671897091648,0.39754096609224,0.4551587786619,0.46312030845107,0.24768269655229,0.29815572456918,0.41201551498531,2025-11-10
11,217,68,230,2,1,2025-11-17 15:35:00,0.4018255330502,0.37391025785763,0.42627229181256,0.44206288063964,0.39819433504998,0.31686579910555,0.25027392722686,0.73529210198904,0.68421052631579,0.78002671230796,0.80892157909798,0.72864744904713,0.57982606954857,0.4579710020585,"23,9,25",0.31666666666667,0.66666666666667,3,motivation,0.80892157909798,1,1.8298789925213,0.3307659843286,0.043945758663509,1,0.74414811049416,Transformativ,"{'kognition': 0.4018255330502, 'sozial': 0.37391025785763, 'affektiv': 0.42627229181256, 'motivation': 0.44206288063964, 'methodik': 0.39819433504998, 'performanz': 0.31686579910555, 'regulation': 0.25027392722686}",1.8298789925213,0.9999999994535179,mittlere Dichte,2025-11-17T15:35:00,0.4018255330502,0.37391025785763,0.42627229181256,0.44206288063964,0.39819433504998,0.31686579910555,0.25027392722686,2025-11-17
315,218,69,0,43,1,2025-11-17 17:10:00,0.26431987366218,0.38009623498124,0.50478262742748,0.44583828252115,0.35794373978455,0.26781961057368,0.36363926611508,0.58297872340426,0.83833279265007,1.1133386516007,0.98333216185293,0.78947368421053,0.5906976744186,0.80203562525296,"5,3",0.86,0.45,2,affektiv,1.1133386516007,1,2.2055803639079,0.36270445116784,0.19320914222901,1,0.71708240790396,Transformativ,"{'kognition': 0.26431987366218, 'sozial': 0.38009623498124, 'affektiv': 0.50478262742748, 'motivation': 0.44583828252115, 'methodik': 0.35794373978455, 'performanz': 0.26781961057368, 'regulation': 0.36363926611508}",2.2055803639079,0.9999999995466025,Verdichtung / hohe Dichte,2025-11-17T17:10:00,0.26431987366218,0.38009623498124,0.50478262742748,0.44583828252115,0.35794373978455,0.26781961057368,0.36363926611508,2025-11-17
12,228,71,240,2,1,2025-11-24 15:35:00,0.39991106495807,0.31712917238805,0.45318311117981,0.40260495753663,0.26979646009133,0.40783185827759,0.36457864535598,0.88936170212766,0.70526315789474,1.0078333370862,0.8953526463624,0.6,0.90697674418605,0.81078597969573,3,0.92,0.5,1,affektiv,1.0078333370862,1,2.2238987106321,0.57584979045915,0.39401971811081,1,0.62807772391703,Perturbativ,"{'kognition': 0.39991106495807, 'sozial': 0.31712917238805, 'affektiv': 0.45318311117981, 'motivation': 0.40260495753663, 'methodik': 0.26979646009133, 'performanz': 0.40783185827759, 'regulation': 0.36457864535598}",2.2238987106321,0.9999999995503386,Verdichtung / hohe Dichte,2025-11-24T15:35:00,0.39991106495807,0.31712917238805,0.45318311117981,0.40260495753663,0.26979646009133,0.40783185827759,0.36457864535598,2025-11-24
316,226,71,238,43,1,2025-11-24 15:35:00,0.29594409216094,0.39459212288125,0.40691858510282,0.40830510273342,0.43612813581612,0.29594409216094,0.38291996752976,0.6,0.8,0.82499079227749,0.82780183193124,0.88421052631579,0.6,0.7763357559877,2,0.7,0.3,1,methodik,0.88421052631579,1,2.0274099588302,0.3446960750352,-0.17817040507772,1,0.73760438523905,Transformativ,"{'kognition': 0.29594409216094, 'sozial': 0.39459212288125, 'affektiv': 0.40691858510282, 'motivation': 0.40830510273342, 'methodik': 0.43612813581612, 'performanz': 0.29594409216094, 'regulation': 0.38291996752976}",2.0274099588302,0.9999999995067617,mittlere Dichte,2025-11-24T15:35:00,0.29594409216094,0.39459212288125,0.40691858510282,0.40830510273342,0.43612813581612,0.29594409216094,0.38291996752976,2025-11-24
317,227,71,239,43,1,2025-11-24 15:35:00,0.29594409216094,0.39459212288125,0.40691858510282,0.40830510273342,0.43612813581612,0.29594409216094,0.38291996752976,0.6,0.8,0.82499079227749,0.82780183193124,0.88421052631579,0.6,0.7763357559877,2,0.7,0.3,1,methodik,0.88421052631579,1,2.0274099588302,0.0,0.0,0,0.98907640497121,Homöostatisch (resilient),"{'kognition': 0.29594409216094, 'sozial': 0.39459212288125, 'affektiv': 0.40691858510282, 'motivation': 0.40830510273342, 'methodik': 0.43612813581612, 'performanz': 0.29594409216094, 'regulation': 0.38291996752976}",2.0274099588302,0.9999999995067617,mittlere Dichte,2025-11-24T15:35:00,0.29594409216094,0.39459212288125,0.40691858510282,0.40830510273342,0.43612813581612,0.29594409216094,0.38291996752976,2025-11-24
15,283,86,281,2,1,2025-12-08 15:35:00,0.40686550304718,0.27250895612572,0.37927883754492,0.3336010810477,0.37674852378982,0.47325121875392,0.37302955127353,0.79574468085106,0.53297109412633,0.74179087505667,0.652454641108,0.73684210526316,0.92558139534884,0.72956856504924,"8,2",0.76,0.4,2,performanz,0.92558139534884,1,1.9557929450507,0.7809672375429,0.29314065989745,1,0.55757515913021,Perturbativ,"{'kognition': 0.40686550304718, 'sozial': 0.27250895612572, 'affektiv': 0.37927883754492, 'motivation': 0.3336010810477, 'methodik': 0.37674852378982, 'performanz': 0.47325121875392, 'regulation': 0.37302955127353}",1.9557929450507,0.9999999994886973,mittlere Dichte,2025-12-08T15:35:00,0.40686550304718,0.27250895612572,0.37927883754492,0.3336010810477,0.37674852378982,0.47325121875392,0.37302955127353,2025-12-08
318,284,86,282,43,1,2025-12-08 15:35:00,0.31688039614832,0.35998890288861,0.42937210492831,0.43202485261599,0.39283325363533,0.30650234131037,0.38823610767463,0.72621258243348,0.82500676593375,0.98401614279395,0.99009559350225,0.90027800727291,0.7024286119004,0.88974246995182,"5,28,2",0.7,0.35,3,motivation,0.99009559350225,1,2.2917561040181,0.30297549193134,0.26434614518792,1,0.76090331947085,Transformativ,"{'kognition': 0.31688039614832, 'sozial': 0.35998890288861, 'affektiv': 0.42937210492831, 'motivation': 0.43202485261599, 'methodik': 0.39283325363533, 'performanz': 0.30650234131037, 'regulation': 0.38823610767463}",2.2917561040181,0.9999999995636508,Verdichtung / hohe Dichte,2025-12-08T15:35:00,0.31688039614832,0.35998890288861,0.42937210492831,0.43202485261599,0.39283325363533,0.30650234131037,0.38823610767463,2025-12-08
319,285,86,283,43,1,2025-12-08 15:35:00,0.31688039614832,0.35998890288861,0.42937210492831,0.43202485261599,0.39283325363533,0.30650234131037,0.38823610767463,0.72621258243348,0.82500676593375,0.98401614279395,0.99009559350225,0.90027800727291,0.7024286119004,0.88974246995182,"5,28,2",0.7,0.35,3,motivation,0.99009559350225,1,2.2917561040181,0.0,0.0,0,0.98887327735455,Homöostatisch (resilient),"{'kognition': 0.31688039614832, 'sozial': 0.35998890288861, 'affektiv': 0.42937210492831, 'motivation': 0.43202485261599, 'methodik': 0.39283325363533, 'performanz': 0.30650234131037, 'regulation': 0.38823610767463}",2.2917561040181,0.9999999995636508,Verdichtung / hohe Dichte,2025-12-08T15:35:00,0.31688039614832,0.35998890288861,0.42937210492831,0.43202485261599,0.39283325363533,0.30650234131037,0.38823610767463,2025-12-08
320,316,93,303,43,1,2026-01-12 15:35:00,0.28076930040504,0.40287475388405,0.4054798871288,0.41485358110655,0.41903830808865,0.30534748231015,0.39180723642246,0.62527163975238,0.89719979218709,0.90300140914939,0.92387657247937,0.93319593573682,0.68000711147159,0.87255249356431,"5,28,23,4,13",0.776,0.55,5,methodik,0.93319593573682,1,2.2269943279753,0.16802101578592,-0.064761776042844,1,0.846270534326,Koordinativ,"{'kognition': 0.28076930040504, 'sozial': 0.40287475388405, 'affektiv': 0.4054798871288, 'motivation': 0.41485358110655, 'methodik': 0.41903830808865, 'performanz': 0.30534748231015, 'regulation': 0.39180723642246}",2.2269943279753,0.999999999550967,Verdichtung / hohe Dichte,2026-01-12T15:35:00,0.28076930040504,0.40287475388405,0.4054798871288,0.41485358110655,0.41903830808865,0.30534748231015,0.39180723642246,2026-01-12
17,325,96,311,2,1,2026-01-19 15:35:00,0.33507402781512,0.49284003522168,0.28566549281998,0.2281993763276,0.4551009842547,0.49195686732914,0.24902991752273,0.47234042553191,0.69473684210526,0.40269119429579,0.32168351341205,0.64153761473111,0.69349187572904,0.3510474923403,25,-0.6,0.7,1,sozial,0.69473684210526,1,1.4096599138906,0.46682781181585,0.099409724180187,1,0.6713631318059,Transformativ,"{'kognition': 0.33507402781512, 'sozial': 0.49284003522168, 'affektiv': 0.28566549281998, 'motivation': 0.2281993763276, 'methodik': 0.4551009842547, 'performanz': 0.49195686732914, 'regulation': 0.24902991752273}",1.4096599138906,0.9999999992906088,Leerstelle / geringe Dichte,2026-01-19T15:35:00,0.33507402781512,0.49284003522168,0.28566549281998,0.2281993763276,0.4551009842547,0.49195686732914,0.24902991752273,2026-01-19
321,324,96,310,43,1,2026-01-19 15:35:00,0.33479244749341,0.42889772221964,0.41816353662724,0.3872804137716,0.34304485050414,0.38599483760167,0.3353238938167,0.79378371325898,1.0169047393416,0.99145427962503,0.91823124212547,0.81334993452297,0.91518317627607,0.79504375791966,"5,28,1,13,7,2",0.78,0.475,6,sozial,1.0169047393416,1,2.3709725797797,0.3553305825651,0.14397825180436,1,0.73380917556891,Transformativ,"{'kognition': 0.33479244749341, 'sozial': 0.42889772221964, 'affektiv': 0.41816353662724, 'motivation': 0.3872804137716, 'methodik': 0.34304485050414, 'performanz': 0.38599483760167, 'regulation': 0.3353238938167}",2.3709725797797,0.9999999995782334,Verdichtung / hohe Dichte,2026-01-19T15:35:00,0.33479244749341,0.42889772221964,0.41816353662724,0.3872804137716,0.34304485050414,0.38599483760167,0.3353238938167,2026-01-19
19,336,101,322,2,1,2026-02-02 15:35:00,0.39706025091533,0.2806290495191,0.51887850603037,0.43579385593253,0.28672968103039,0.41243106519314,0.22831121334912,0.68510638297872,0.48421052631579,0.89529731483416,0.75193916206423,0.49473684210526,0.71162790697674,0.39393887756459,"10,13",0.88,0.725,2,affektiv,0.89529731483416,1,1.7254469088817,0.7231314257912,-0.40589792619937,1,0.57132874221143,Perturbativ,"{'kognition': 0.39706025091533, 'sozial': 0.2806290495191, 'affektiv': 0.51887850603037, 'motivation': 0.43579385593253, 'methodik': 0.28672968103039, 'performanz': 0.41243106519314, 'regulation': 0.22831121334912}",1.7254469088817,0.9999999994204372,Leerstelle / geringe Dichte,2026-02-02T15:35:00,0.39706025091533,0.2806290495191,0.51887850603037,0.43579385593253,0.28672968103039,0.41243106519314,0.22831121334912,2026-02-02
85,334,101,320,8,1,2026-02-02 15:35:00,0.23041210920866,0.33946058912609,0.42405259007082,0.41705449668816,0.45807578031939,0.246865476879,0.45513265151271,0.34295218250714,0.50526315789474,0.63117238830054,0.62075621960518,0.6818135086465,0.36744186046512,0.67743286888276,"4,26,2",0.73333333333333,0.6,3,methodik,0.6818135086465,1,1.4884295076964,0.18235073099773,-0.0079254238597515,1,0.83335462026538,Koordinativ,"{'kognition': 0.23041210920866, 'sozial': 0.33946058912609, 'affektiv': 0.42405259007082, 'motivation': 0.41705449668816, 'methodik': 0.45807578031939, 'performanz': 0.246865476879, 'regulation': 0.45513265151271}",1.4884295076964,0.9999999993281524,Leerstelle / geringe Dichte,2026-02-02T15:35:00,0.23041210920866,0.33946058912609,0.42405259007082,0.41705449668816,0.45807578031939,0.246865476879,0.45513265151271,2026-02-02
322,335,101,321,43,1,2026-02-02 15:35:00,0.30437533835057,0.41382070404121,0.39333643069795,0.40458440600927,0.41651362090077,0.30437533835057,0.3893302518483,0.6,0.81574421820848,0.77536458668985,0.7975371622453,0.82105263157895,0.6,0.76746740512838,"5,4",0.825,0.575,2,methodik,0.82105263157895,1,1.9712503744458,0.4893257815409,-0.39972220533384,1,0.66780500858033,Transformativ,"{'kognition': 0.30437533835057, 'sozial': 0.41382070404121, 'affektiv': 0.39333643069795, 'motivation': 0.40458440600927, 'methodik': 0.41651362090077, 'performanz': 0.30437533835057, 'regulation': 0.3893302518483}",1.9712503744458,0.9999999994927093,mittlere Dichte,2026-02-02T15:35:00,0.30437533835057,0.41382070404121,0.39333643069795,0.40458440600927,0.41651362090077,0.30437533835057,0.3893302518483,2026-02-02
142,2,98,27,12,2,2025-09-08 17:10:00,0.35979819326939,0.35979819326939,0.3929051623094,0.41369325914847,0.35979819326939,0.36749748839497,0.38867054999033,1.0,1.0,1.0920153843441,1.1497924861416,1.0,1.0213989265917,1.0802459747187,1,0.9,0.6,1,motivation,1.1497924861416,1,2.7793358008651,0.0,0.0,0,0.99701599529741,Homöostatisch (resilient),"{'kognition': 0.35979819326939, 'sozial': 0.35979819326939, 'affektiv': 0.3929051623094, 'motivation': 0.41369325914847, 'methodik': 0.35979819326939, 'performanz': 0.36749748839497, 'regulation': 0.38867054999033}",2.7793358008651,0.9999999996402038,Verdichtung / hohe Dichte,2025-09-08T17:10:00,0.35979819326939,0.35979819326939,0.3929051623094,0.41369325914847,0.35979819326939,0.36749748839497,0.38867054999033,2025-09-08
175,4,98,14,16,2,2025-09-08 17:10:00,0.27211265129446,0.37705012178935,0.46871166893298,0.46756202592052,0.42622173949022,0.27911502522069,0.29310896359357,0.58494733720476,0.81052631578947,1.0075666873807,1.0050953556889,0.91622815178773,0.6,0.63008208897781,23,0.75,0.6,1,affektiv,1.0075666873807,1,2.1496513820655,0.0,0.0,0,0.97039046032323,Homöostatisch (resilient),"{'kognition': 0.27211265129446, 'sozial': 0.37705012178935, 'affektiv': 0.46871166893298, 'motivation': 0.46756202592052, 'methodik': 0.42622173949022, 'performanz': 0.27911502522069, 'regulation': 0.29310896359357}",2.1496513820655,0.9999999995348083,Verdichtung / hohe Dichte,2025-09-08T17:10:00,0.27211265129446,0.37705012178935,0.46871166893298,0.46756202592052,0.42622173949022,0.27911502522069,0.29310896359357,2025-09-08
235,3,98,36,20,2,2025-09-08 17:10:00,0.31629415624845,0.30561330343947,0.42686255197004,0.4344978022965,0.4492022476417,0.32351761476725,0.35932190270656,0.7081229405978,0.68421052631579,0.95566471767082,0.97275860260849,1.0056790814476,0.72429490137092,0.80445394686931,"6,23,2",0.76666666666667,0.46666666666667,3,methodik,1.0056790814476,1,2.238811328924,0.0,0.0,0,0.98388150903577,Homöostatisch (resilient),"{'kognition': 0.31629415624845, 'sozial': 0.30561330343947, 'affektiv': 0.42686255197004, 'motivation': 0.4344978022965, 'methodik': 0.4492022476417, 'performanz': 0.32351761476725, 'regulation': 0.35932190270656}",2.238811328924,0.9999999995533383,Verdichtung / hohe Dichte,2025-09-08T17:10:00,0.31629415624845,0.30561330343947,0.42686255197004,0.4344978022965,0.4492022476417,0.32351761476725,0.35932190270656,2025-09-08
253,1,98,34,21,2,2025-09-08 17:10:00,0.33664861261886,0.36663492214503,0.39805614437734,0.36919041910659,0.466340902156,0.29816621812305,0.38874072884966,0.72490426971232,0.78947368421053,0.85713289117589,0.79497642680096,1.0041702191629,0.64204026542679,0.8370740397889,"3,28,1",0.80666666666667,0.48333333333333,3,methodik,1.0041702191629,1,2.1532964705735,0.0,0.0,0,0.98916204456702,Homöostatisch (resilient),"{'kognition': 0.33664861261886, 'sozial': 0.36663492214503, 'affektiv': 0.39805614437734, 'motivation': 0.36919041910659, 'methodik': 0.466340902156, 'performanz': 0.29816621812305, 'regulation': 0.38874072884966}",2.1532964705735,0.9999999995355939,Verdichtung / hohe Dichte,2025-09-08T17:10:00,0.33664861261886,0.36663492214503,0.39805614437734,0.36919041910659,0.466340902156,0.29816621812305,0.38874072884966,2025-09-08
178,34,11,35,16,2,2025-09-15 17:10:00,0.23454204483459,0.42189921815228,0.44949198900036,0.48419185286069,0.41758026467075,0.26157471918768,0.29616155753201,0.4447356804533,0.8,0.85232106562117,0.91811851177393,0.79181045463807,0.49599469813338,0.56157782672187,"27,6,23",0.66666666666667,0.56666666666667,3,motivation,0.91811851177393,1,1.8961874427778,0.38993826404414,-0.052973865545699,1,0.70390429749092,Transformativ,"{'kognition': 0.23454204483459, 'sozial': 0.42189921815228, 'affektiv': 0.44949198900036, 'motivation': 0.48419185286069, 'methodik': 0.41758026467075, 'performanz': 0.26157471918768, 'regulation': 0.29616155753201}",1.8961874427778,0.9999999994726285,mittlere Dichte,2025-09-15T17:10:00,0.23454204483459,0.42189921815228,0.44949198900036,0.48419185286069,0.41758026467075,0.26157471918768,0.29616155753201,2025-09-15
236,35,11,36,20,2,2025-09-15 17:10:00,0.30982569823492,0.40222985384885,0.38552860387876,0.37339828741474,0.51637616372487,0.30982569823492,0.30252981530798,0.6,0.77894736842105,0.746604183078,0.7231129429392,1.0,0.6,0.58587099204133,"4,24",0.2,0.775,2,methodik,1.0,1,1.9365727346323,0.43583814044409,-0.30223859429171,0,0.68760620258413,Transformativ,"{'kognition': 0.30982569823492, 'sozial': 0.40222985384885, 'affektiv': 0.38552860387876, 'motivation': 0.37339828741474, 'methodik': 0.51637616372487, 'performanz': 0.30982569823492, 'regulation': 0.30252981530798}",1.9365727346323,0.9999999994836198,mittlere Dichte,2025-09-15T17:10:00,0.30982569823492,0.40222985384885,0.38552860387876,0.37339828741474,0.51637616372487,0.30982569823492,0.30252981530798,2025-09-15
254,33,11,34,21,2,2025-09-15 17:10:00,0.33138263324935,0.4222882359908,0.3860080944095,0.27011013148685,0.4719692049309,0.34025686867111,0.38905885932348,0.70212765957447,0.89473684210526,0.81786712009319,0.57230456704564,1.0,0.72093023255814,0.8243310268102,2,0.7,0.3,1,methodik,1.0,1,2.1187823041854,0.26292026606289,-0.034514166388129,0,0.78148116554812,Koordinativ,"{'kognition': 0.33138263324935, 'sozial': 0.4222882359908, 'affektiv': 0.3860080944095, 'motivation': 0.27011013148685, 'methodik': 0.4719692049309, 'performanz': 0.34025686867111, 'regulation': 0.38905885932348}",2.1187823041854,0.999999999528027,mittlere Dichte,2025-09-15T17:10:00,0.33138263324935,0.4222882359908,0.3860080944095,0.27011013148685,0.4719692049309,0.34025686867111,0.38905885932348,2025-09-15
284,36,11,37,23,2,2025-09-15 17:10:00,0.23691722427987,0.40294254904843,0.47656927700409,0.44065722832358,0.39358514676667,0.24707338894752,0.37981039204118,0.40706474145698,0.69232494618735,0.81882839088493,0.75712528400548,0.67624731167971,0.42451478780628,0.652579902153,"5,23,13,25,2",0.506,0.53,5,affektiv,0.81882839088493,1,1.7181728447873,0.0,0.0,0,0.97899024171804,Homöostatisch (resilient),"{'kognition': 0.23691722427987, 'sozial': 0.40294254904843, 'affektiv': 0.47656927700409, 'motivation': 0.44065722832358, 'methodik': 0.39358514676667, 'performanz': 0.24707338894752, 'regulation': 0.37981039204118}",1.7181728447873,0.9999999994179869,Leerstelle / geringe Dichte,2025-09-15T17:10:00,0.23691722427987,0.40294254904843,0.47656927700409,0.44065722832358,0.39358514676667,0.24707338894752,0.37981039204118,2025-09-15
151,53,18,49,13,2,2025-09-22 17:10:00,0.25528338612951,0.31837827166191,0.42833503988529,0.4320414433742,0.4443821906699,0.31262176251367,0.41003299262735,0.57446808510638,0.71645146530729,0.96388885261037,0.97222942873319,1.0,0.70349750524971,0.92270347740361,"5,1,7,2",0.8,0.4625,4,methodik,1.0,1,2.2503152028846,0.67182344518988,0.63961845375286,1,0.58960580001319,Perturbativ,"{'kognition': 0.25528338612951, 'sozial': 0.31837827166191, 'affektiv': 0.42833503988529, 'motivation': 0.4320414433742, 'methodik': 0.4443821906699, 'performanz': 0.31262176251367, 'regulation': 0.41003299262735}",2.2503152028846,0.9999999995556208,Verdichtung / hohe Dichte,2025-09-22T17:10:00,0.25528338612951,0.31837827166191,0.42833503988529,0.4320414433742,0.4443821906699,0.31262176251367,0.41003299262735,2025-09-22
179,52,18,48,16,2,2025-09-22 17:10:00,0.19489434455408,0.40767046630436,0.43658713428034,0.40584420097255,0.46071237614004,0.19416983550649,0.43651497629141,0.38748697322039,0.81052631578947,0.86801814386313,0.8068953534476,0.91598370678295,0.38604651162791,0.86787468007618,23,0.75,0.6,1,methodik,0.91598370678295,1,1.9881899288154,0.37058139410416,0.092002486037624,1,0.70606579855506,Transformativ,"{'kognition': 0.19489434455408, 'sozial': 0.40767046630436, 'affektiv': 0.43658713428034, 'motivation': 0.40584420097255, 'methodik': 0.46071237614004, 'performanz': 0.19416983550649, 'regulation': 0.43651497629141}",1.9881899288154,0.9999999994970277,mittlere Dichte,2025-09-22T17:10:00,0.19489434455408,0.40767046630436,0.43658713428034,0.40584420097255,0.46071237614004,0.19416983550649,0.43651497629141,2025-09-22
238,55,18,51,20,2,2025-09-22 17:10:00,0.34944959270261,0.44531136294958,0.35671288443526,0.32170360344677,0.40863866247138,0.35880765085815,0.39130166626154,0.70212765957447,0.89473684210526,0.71672134670859,0.64637934306301,0.82105263157895,0.72093023255814,0.78621846714703,2,0.7,0.3,1,sozial,0.89473684210526,1,2.0092387396844,0.32899440793736,-0.061794671509839,1,0.74906020069861,Transformativ,"{'kognition': 0.34944959270261, 'sozial': 0.44531136294958, 'affektiv': 0.35671288443526, 'motivation': 0.32170360344677, 'methodik': 0.40863866247138, 'performanz': 0.35880765085815, 'regulation': 0.39130166626154}",2.0092387396844,0.9999999995022962,mittlere Dichte,2025-09-22T17:10:00,0.34944959270261,0.44531136294958,0.35671288443526,0.32170360344677,0.40863866247138,0.35880765085815,0.39130166626154,2025-09-22
255,54,18,50,21,2,2025-09-22 17:10:00,0.34188376166986,0.36036006368334,0.44230263723218,0.39857356198859,0.36845021153048,0.33531725761615,0.38803400411846,0.84886209131198,0.89473684210526,1.0981917941931,0.98961701403653,0.91482384415241,0.83255813953488,0.96344837972806,23,0.75,0.6,1,affektiv,1.0981917941931,1,2.4828967799582,0.55976066296582,0.36411447577284,1,0.63818014568757,Perturbativ,"{'kognition': 0.34188376166986, 'sozial': 0.36036006368334, 'affektiv': 0.44230263723218, 'motivation': 0.39857356198859, 'methodik': 0.36845021153048, 'performanz': 0.33531725761615, 'regulation': 0.38803400411846}",2.4828967799582,0.9999999995972422,Verdichtung / hohe Dichte,2025-09-22T17:10:00,0.34188376166986,0.36036006368334,0.44230263723218,0.39857356198859,0.36845021153048,0.33531725761615,0.38803400411846,2025-09-22
285,56,18,52,23,2,2025-09-22 17:10:00,0.35801223787826,0.37360636624623,0.46040866878356,0.42149250022201,0.35797389505435,0.29993390631618,0.3528566163664,0.60514625027737,0.6315049255119,0.77822641248456,0.71244661227508,0.60508143959869,0.50697674418605,0.59643172966701,"5,23,4,14,13,2",0.78833333333333,0.51666666666667,6,affektiv,0.77822641248456,1,1.6902948723366,0.24818790518816,-0.027877972450774,0,0.79694963087486,Koordinativ,"{'kognition': 0.35801223787826, 'sozial': 0.37360636624623, 'affektiv': 0.46040866878356, 'motivation': 0.42149250022201, 'methodik': 0.35797389505435, 'performanz': 0.29993390631618, 'regulation': 0.3528566163664}",1.6902948723366,0.9999999994083868,Leerstelle / geringe Dichte,2025-09-22T17:10:00,0.35801223787826,0.37360636624623,0.46040866878356,0.42149250022201,0.35797389505435,0.29993390631618,0.3528566163664,2025-09-22
182,82,27,78,16,2,2025-09-29 17:10:00,0.31011018448355,0.39231076066617,0.42041840504846,0.41455350002085,0.3868867956079,0.34142167349813,0.3675153715698,0.80341450707797,1.0163747344413,1.0891943011192,1.0739998637303,1.0023226573676,0.88453439855918,0.95213635626016,"5,3,28,27,6,10,4,14,7",0.76111111111111,0.53888888888889,9,affektiv,1.0891943011192,1,2.5907388630459,0.011120540014795,-0.003939950541715,0,0.98021498578333,Homöostatisch (resilient),"{'kognition': 0.31011018448355, 'sozial': 0.39231076066617, 'affektiv': 0.42041840504846, 'motivation': 0.41455350002085, 'methodik': 0.3868867956079, 'performanz': 0.34142167349813, 'regulation': 0.3675153715698}",2.5907388630459,0.9999999996140094,Verdichtung / hohe Dichte,2025-09-29T17:10:00,0.31011018448355,0.39231076066617,0.42041840504846,0.41455350002085,0.3868867956079,0.34142167349813,0.3675153715698,2025-09-29
240,81,27,77,20,2,2025-09-29 17:10:00,0.28550260139249,0.3866888651837,0.39883529906118,0.39931420695147,0.47583766898749,0.28550260139249,0.37749878265971,0.6,0.81264870435019,0.83817512789571,0.83918158014088,1.0,0.6,0.79333522178471,"14,2",0.725,0.35,2,methodik,1.0,1,2.1015570323636,0.16114303456943,0.093193299283756,0,0.84856158041169,Koordinativ,"{'kognition': 0.28550260139249, 'sozial': 0.3866888651837, 'affektiv': 0.39883529906118, 'motivation': 0.39931420695147, 'methodik': 0.47583766898749, 'performanz': 0.28550260139249, 'regulation': 0.37749878265971}",2.1015570323636,0.9999999995241646,mittlere Dichte,2025-09-29T17:10:00,0.28550260139249,0.3866888651837,0.39883529906118,0.39931420695147,0.47583766898749,0.28550260139249,0.37749878265971,2025-09-29
256,80,27,76,21,2,2025-09-29 17:10:00,0.29249686005283,0.42693641063611,0.41195946355783,0.40389266574205,0.38199573583231,0.34940825859267,0.362386711755,0.68510638297872,1.0,0.96491995832361,0.9460253463514,0.89473684210526,0.81840819824215,0.84880722919619,1,0.9,0.6,1,sozial,1.0,1,2.3422691873085,0.2670284292625,-0.14062759264971,1,0.78316101629762,Koordinativ,"{'kognition': 0.29249686005283, 'sozial': 0.42693641063611, 'affektiv': 0.41195946355783, 'motivation': 0.40389266574205, 'methodik': 0.38199573583231, 'performanz': 0.34940825859267, 'regulation': 0.362386711755}",2.3422691873085,0.9999999995730579,Verdichtung / hohe Dichte,2025-09-29T17:10:00,0.29249686005283,0.42693641063611,0.41195946355783,0.40389266574205,0.38199573583231,0.34940825859267,0.362386711755,2025-09-29
286,83,27,79,23,2,2025-09-29 17:10:00,0.2700084225357,0.38605544105962,0.43256077864537,0.44549596014102,0.3753869067056,0.23629300883936,0.44241547608137,0.43721626460135,0.625127602628,0.70043225346932,0.72137779169496,0.60785237582125,0.38262194084888,0.71638965939497,"5,1,23,4",0.825,0.5875,4,motivation,0.72137779169496,1,1.619268985113,0.25344535423681,-0.071025887223598,1,0.78767477708121,Koordinativ,"{'kognition': 0.2700084225357, 'sozial': 0.38605544105962, 'affektiv': 0.43256077864537, 'motivation': 0.44549596014102, 'methodik': 0.3753869067056, 'performanz': 0.23629300883936, 'regulation': 0.44241547608137}",1.619268985113,0.9999999993824373,Leerstelle / geringe Dichte,2025-09-29T17:10:00,0.2700084225357,0.38605544105962,0.43256077864537,0.44549596014102,0.3753869067056,0.23629300883936,0.44241547608137,2025-09-29
241,110,36,106,20,2,2025-10-20 17:10:00,0.31940406907042,0.36315376012648,0.42991686749904,0.38010644570481,0.46621090827048,0.33176869286225,0.33070815934052,0.68510638297872,0.77894736842105,0.92215102622526,0.81531006452616,1.0,0.71162790697674,0.709353113524,2,0.7,0.3,1,methodik,1.0,1,2.1449519558509,0.18845280934242,0.043394923487265,0,0.83294434007357,Koordinativ,"{'kognition': 0.31940406907042, 'sozial': 0.36315376012648, 'affektiv': 0.42991686749904, 'motivation': 0.38010644570481, 'methodik': 0.46621090827048, 'performanz': 0.33176869286225, 'regulation': 0.33070815934052}",2.1449519558509,0.99999999953379,Verdichtung / hohe Dichte,2025-10-20T17:10:00,0.31940406907042,0.36315376012648,0.42991686749904,0.38010644570481,0.46621090827048,0.33176869286225,0.33070815934052,2025-10-20
257,108,36,104,21,2,2025-10-20 17:10:00,0.14000218068843,0.54527165110232,0.33111527281459,0.25386725486075,0.57474579440514,0.1920960153632,0.37650856593202,0.2,0.77894736842105,0.47301445046984,0.36266185799736,0.82105263157895,0.27441860465116,0.53786100199385,2,0.7,0.3,1,methodik,0.82105263157895,1,1.4285491759952,1.1245079163633,-0.91372001131327,1,0.46010358633572,Kollapsiv,"{'kognition': 0.14000218068843, 'sozial': 0.54527165110232, 'affektiv': 0.33111527281459, 'motivation': 0.25386725486075, 'methodik': 0.57474579440514, 'performanz': 0.1920960153632, 'regulation': 0.37650856593202}",1.4285491759952,0.99999999929999,Leerstelle / geringe Dichte,2025-10-20T17:10:00,0.14000218068843,0.54527165110232,0.33111527281459,0.25386725486075,0.57474579440514,0.1920960153632,0.37650856593202,2025-10-20
258,109,36,105,21,2,2025-10-20 17:10:00,0.14000218068843,0.54527165110232,0.33111527281459,0.25386725486075,0.57474579440514,0.1920960153632,0.37650856593202,0.2,0.77894736842105,0.47301445046984,0.36266185799736,0.82105263157895,0.27441860465116,0.53786100199385,2,0.7,0.3,1,methodik,0.82105263157895,1,1.4285491759952,0.0,0.0,0,0.95336546213215,Homöostatisch (resilient),"{'kognition': 0.14000218068843, 'sozial': 0.54527165110232, 'affektiv': 0.33111527281459, 'motivation': 0.25386725486075, 'methodik': 0.57474579440514, 'performanz': 0.1920960153632, 'regulation': 0.37650856593202}",1.4285491759952,0.99999999929999,Leerstelle / geringe Dichte,2025-10-20T17:10:00,0.14000218068843,0.54527165110232,0.33111527281459,0.25386725486075,0.57474579440514,0.1920960153632,0.37650856593202,2025-10-20
287,111,36,107,23,2,2025-10-20 17:10:00,0.31735018268987,0.31922269313576,0.45766536872951,0.44251979514154,0.40396327882513,0.31409364278397,0.36091997284755,0.61579776946421,0.61943125644098,0.88807043007144,0.85868141143697,0.78386495302276,0.60947866167853,0.70034216571352,"1,23,4,8,13",0.84,0.62,5,affektiv,0.88807043007144,1,1.9404361577086,0.41071412530366,0.32116717259565,1,0.70281479741032,Transformativ,"{'kognition': 0.31735018268987, 'sozial': 0.31922269313576, 'affektiv': 0.45766536872951, 'motivation': 0.44251979514154, 'methodik': 0.40396327882513, 'performanz': 0.31409364278397, 'regulation': 0.36091997284755}",1.9404361577086,0.9999999994846502,mittlere Dichte,2025-10-20T17:10:00,0.31735018268987,0.31922269313576,0.45766536872951,0.44251979514154,0.40396327882513,0.31409364278397,0.36091997284755,2025-10-20
186,132,45,127,16,2,2025-10-27 17:10:00,0.17870172315631,0.48213438242984,0.39518496945099,0.3903030075602,0.5414148427963,0.20351610809886,0.30422967359527,0.3316316389838,0.89473684210526,0.73337759035573,0.72431772795093,1.0047485190148,0.37768175536502,0.56458428883561,"22,23,9,25",0.0625,0.525,4,methodik,1.0047485190148,1,1.8557831057679,0.29094057372172,-0.034121722883239,1,0.74336225452106,Koordinativ,"{'kognition': 0.17870172315631, 'sozial': 0.48213438242984, 'affektiv': 0.39518496945099, 'motivation': 0.3903030075602, 'methodik': 0.5414148427963, 'performanz': 0.20351610809886, 'regulation': 0.30422967359527}",1.8557831057679,0.9999999994611444,mittlere Dichte,2025-10-27T17:10:00,0.17870172315631,0.48213438242984,0.39518496945099,0.3903030075602,0.5414148427963,0.20351610809886,0.30422967359527,2025-10-27
243,135,45,130,20,2,2025-10-27 17:10:00,0.29303704838084,0.38043406281021,0.42534975262118,0.40477438086321,0.48839508063473,0.29303704838084,0.31659758871968,0.6,0.77894736842105,0.8709132615922,0.8287847214537,1.0,0.6,0.64824074048457,4,0.85,0.75,1,methodik,1.0,1,2.0475226699908,0.012626304472149,-0.0017035212443695,0,0.96858202439554,Homöostatisch (resilient),"{'kognition': 0.29303704838084, 'sozial': 0.38043406281021, 'affektiv': 0.42534975262118, 'motivation': 0.40477438086321, 'methodik': 0.48839508063473, 'performanz': 0.29303704838084, 'regulation': 0.31659758871968}",2.0475226699908,0.9999999995116031,mittlere Dichte,2025-10-27T17:10:00,0.29303704838084,0.38043406281021,0.42534975262118,0.40477438086321,0.48839508063473,0.29303704838084,0.31659758871968,2025-10-27
259,133,45,128,21,2,2025-10-27 17:10:00,0.27146133083244,0.36778296408831,0.40351523308097,0.42948098936454,0.42193232240001,0.29256684937464,0.42443341852922,0.65263753258593,0.88421052631579,0.9701167575921,1.0325426915573,1.0143944589271,0.7033786584144,1.0204075039583,28,0.6,0.35,1,motivation,1.0325426915573,1,2.4041639017725,1.1687818529211,0.97561472577726,1,0.45657432595822,Kollapsiv,"{'kognition': 0.27146133083244, 'sozial': 0.36778296408831, 'affektiv': 0.40351523308097, 'motivation': 0.42948098936454, 'methodik': 0.42193232240001, 'performanz': 0.29256684937464, 'regulation': 0.42443341852922}",2.4041639017725,0.9999999995840527,Verdichtung / hohe Dichte,2025-10-27T17:10:00,0.27146133083244,0.36778296408831,0.40351523308097,0.42948098936454,0.42193232240001,0.29256684937464,0.42443341852922,2025-10-27
288,136,45,131,23,2,2025-10-27 17:10:00,0.35105227243107,0.35333911390095,0.44735211957829,0.44128722543005,0.34390589283769,0.34647858949131,0.34458200932912,0.62020070518919,0.62424084622703,0.79033272768464,0.77961793697387,0.60757526444595,0.61212042311351,0.60876975300991,"5,1,23,4",0.825,0.5875,4,affektiv,0.79033272768464,1,1.7666904718867,0.23519513053906,-0.17374568582192,0,0.80569841562176,Koordinativ,"{'kognition': 0.35105227243107, 'sozial': 0.35333911390095, 'affektiv': 0.44735211957829, 'motivation': 0.44128722543005, 'methodik': 0.34390589283769, 'performanz': 0.34647858949131, 'regulation': 0.34458200932912}",1.7666904718867,0.9999999994339687,mittlere Dichte,2025-10-27T17:10:00,0.35105227243107,0.35333911390095,0.44735211957829,0.44128722543005,0.34390589283769,0.34647858949131,0.34458200932912,2025-10-27
188,162,52,179,16,2,2025-11-03 17:10:00,0.21497726024398,0.45208728059886,0.36112320520998,0.40309179211067,0.50337211132724,0.24659600358462,0.37724770860008,0.42967689342211,0.90359072426039,0.72178004678802,0.80566302129584,1.0060941551909,0.49287354685931,0.75400822997712,"5,27,1,6,23,4,9",0.76428571428571,0.59285714285714,7,methodik,1.0060941551909,1,1.9987085737324,0.26949124974413,-0.19667599377582,0,0.76539619256457,Koordinativ,"{'kognition': 0.21497726024398, 'sozial': 0.45208728059886, 'affektiv': 0.36112320520998, 'motivation': 0.40309179211067, 'methodik': 0.50337211132724, 'performanz': 0.24659600358462, 'regulation': 0.37724770860008}",1.9987085737324,0.9999999994996807,mittlere Dichte,2025-11-03T17:10:00,0.21497726024398,0.45208728059886,0.36112320520998,0.40309179211067,0.50337211132724,0.24659600358462,0.37724770860008,2025-11-03
244,159,52,176,20,2,2025-11-03 17:10:00,0.29785150207158,0.38668440619819,0.40785730964744,0.36845805959944,0.4964191701193,0.29785150207158,0.35285013144272,0.6,0.77894736842105,0.82159862913719,0.74223173031552,1.0,0.6,0.71079070406954,2,0.7,0.3,1,methodik,1.0,1,2.0144266371971,0.11762589508106,-0.03309603279376,0,0.8817851743151,Adaptiv,"{'kognition': 0.29785150207158, 'sozial': 0.38668440619819, 'affektiv': 0.40785730964744, 'motivation': 0.36845805959944, 'methodik': 0.4964191701193, 'performanz': 0.29785150207158, 'regulation': 0.35285013144272}",2.0144266371971,0.9999999995035755,mittlere Dichte,2025-11-03T17:10:00,0.29785150207158,0.38668440619819,0.40785730964744,0.36845805959944,0.4964191701193,0.29785150207158,0.35285013144272,2025-11-03
260,160,52,177,21,2,2025-11-03 17:10:00,0.11516321020215,0.45248449604825,0.44617681703364,0.40824272375875,0.5091426135253,0.15801463725411,0.36340681700556,0.2,0.78581431562039,0.77485998566807,0.70898114604853,0.88421052631579,0.27441860465116,0.63111616351724,5,0.8,0.4,1,methodik,0.88421052631579,1,1.7366657245293,0.84254505082872,-0.66749817724322,1,0.52544512136268,Kollapsiv,"{'kognition': 0.11516321020215, 'sozial': 0.45248449604825, 'affektiv': 0.44617681703364, 'motivation': 0.40824272375875, 'methodik': 0.5091426135253, 'performanz': 0.15801463725411, 'regulation': 0.36340681700556}",1.7366657245293,0.999999999424185,Leerstelle / geringe Dichte,2025-11-03T17:10:00,0.11516321020215,0.45248449604825,0.44617681703364,0.40824272375875,0.5091426135253,0.15801463725411,0.36340681700556,2025-11-03
261,161,52,178,21,2,2025-11-03 17:10:00,0.11516321020215,0.45248449604825,0.44617681703364,0.40824272375875,0.5091426135253,0.15801463725411,0.36340681700556,0.2,0.78581431562039,0.77485998566807,0.70898114604853,0.88421052631579,0.27441860465116,0.63111616351724,5,0.8,0.4,1,methodik,0.88421052631579,1,1.7366657245293,0.0,0.0,0,0.94285962434752,Homöostatisch (resilient),"{'kognition': 0.11516321020215, 'sozial': 0.45248449604825, 'affektiv': 0.44617681703364, 'motivation': 0.40824272375875, 'methodik': 0.5091426135253, 'performanz': 0.15801463725411, 'regulation': 0.36340681700556}",1.7366657245293,0.999999999424185,Leerstelle / geringe Dichte,2025-11-03T17:10:00,0.11516321020215,0.45248449604825,0.44617681703364,0.40824272375875,0.5091426135253,0.15801463725411,0.36340681700556,2025-11-03
289,163,52,180,23,2,2025-11-03 17:10:00,0.38901372756455,0.355618290316,0.44705835928366,0.40484693695318,0.32272200436655,0.3642644009685,0.34871719982565,0.75997825754025,0.69473684210526,0.87337440515084,0.79091005770517,0.63047056998185,0.71162790697674,0.68125485328493,23,0.75,0.6,1,affektiv,0.87337440515084,1,1.9536026708084,0.2172807075775,0.1869121989217,0,0.81777195135086,Koordinativ,"{'kognition': 0.38901372756455, 'sozial': 0.355618290316, 'affektiv': 0.44705835928366, 'motivation': 0.40484693695318, 'methodik': 0.32272200436655, 'performanz': 0.3642644009685, 'regulation': 0.34871719982565}",1.9536026708084,0.9999999994881285,mittlere Dichte,2025-11-03T17:10:00,0.38901372756455,0.355618290316,0.44705835928366,0.40484693695318,0.32272200436655,0.3642644009685,0.34871719982565,2025-11-03
190,188,60,201,16,2,2025-11-10 17:10:00,0.22660220599052,0.44545532500976,0.44156896920994,0.43978167329543,0.44213977703878,0.24391434944434,0.32687631565916,0.5142038030649,1.0108234437273,1.0020045581229,0.99794884139927,1.0032998304047,0.55348837209302,0.74174496187746,"23,4,13,12,2",0.8,0.56,5,sozial,1.0108234437273,1,2.2691915137835,0.55638000144026,-0.36627403857925,1,0.62504849028228,Perturbativ,"{'kognition': 0.22660220599052, 'sozial': 0.44545532500976, 'affektiv': 0.44156896920994, 'motivation': 0.43978167329543, 'methodik': 0.44213977703878, 'performanz': 0.24391434944434, 'regulation': 0.32687631565916}",2.2691915137835,0.9999999995593213,Verdichtung / hohe Dichte,2025-11-10T17:10:00,0.22660220599052,0.44545532500976,0.44156896920994,0.43978167329543,0.44213977703878,0.24391434944434,0.32687631565916,2025-11-10
245,190,60,203,20,2,2025-11-10 17:10:00,0.29785150207158,0.38668440619819,0.40785730964744,0.36845805959944,0.4964191701193,0.29785150207158,0.35285013144272,0.6,0.77894736842105,0.82159862913719,0.74223173031552,1.0,0.6,0.71079070406954,2,0.7,0.3,1,methodik,1.0,1,2.0144266371971,0.0,0.0,0,0.98382863865616,Homöostatisch (resilient),"{'kognition': 0.29785150207158, 'sozial': 0.38668440619819, 'affektiv': 0.40785730964744, 'motivation': 0.36845805959944, 'methodik': 0.4964191701193, 'performanz': 0.29785150207158, 'regulation': 0.35285013144272}",2.0144266371971,0.9999999995035755,mittlere Dichte,2025-11-10T17:10:00,0.29785150207158,0.38668440619819,0.40785730964744,0.36845805959944,0.4964191701193,0.29785150207158,0.35285013144272,2025-11-10
262,187,60,200,21,2,2025-11-10 17:10:00,0.19232323274276,0.39980630914626,0.43749211138727,0.39769069622538,0.43915102537214,0.25179451094842,0.44424694945652,0.38723404255319,0.80499173771715,0.88087037879722,0.80073204775589,0.88421052631579,0.50697674418605,0.89447093664478,12,0.82,0.5,1,regulation,0.89447093664478,1,2.0134543125053,0.42251605462702,0.27678858797597,1,0.68568894200548,Transformativ,"{'kognition': 0.19232323274276, 'sozial': 0.39980630914626, 'affektiv': 0.43749211138727, 'motivation': 0.39769069622538, 'methodik': 0.43915102537214, 'performanz': 0.25179451094842, 'regulation': 0.44424694945652}",2.0134543125053,0.9999999995033396,mittlere Dichte,2025-11-10T17:10:00,0.19232323274276,0.39980630914626,0.43749211138727,0.39769069622538,0.43915102537214,0.25179451094842,0.44424694945652,2025-11-10
290,189,60,202,23,2,2025-11-10 17:10:00,0.28365034727138,0.36824781926459,0.41728239148255,0.46055341275351,0.41801103808413,0.30429601167642,0.36107158879029,0.6,0.77894736842105,0.88266923449241,0.97419957461828,0.88421052631579,0.64367136780261,0.76376762925979,1,0.9,0.6,1,motivation,0.97419957461828,1,2.1152803283626,0.37706274192325,0.16167765755416,1,0.7180110681109,Transformativ,"{'kognition': 0.28365034727138, 'sozial': 0.36824781926459, 'affektiv': 0.41728239148255, 'motivation': 0.46055341275351, 'methodik': 0.41801103808413, 'performanz': 0.30429601167642, 'regulation': 0.36107158879029}",2.1152803283626,0.9999999995272469,mittlere Dichte,2025-11-10T17:10:00,0.28365034727138,0.36824781926459,0.41728239148255,0.46055341275351,0.41801103808413,0.30429601167642,0.36107158879029,2025-11-10
247,221,69,234,20,2,2025-11-17 17:10:00,0.31721147256153,0.33256848508643,0.45587994780941,0.41723833606248,0.41181840297462,0.31721147256153,0.36965282644284,0.6,0.62904752290493,0.86228901646232,0.78919907787676,0.77894736842105,0.6,0.69919191154943,"4,14,2",0.76666666666667,0.48333333333333,3,affektiv,0.86228901646232,1,1.8914826593052,0.27446384271752,-0.12294397789189,1,0.77896207078306,Koordinativ,"{'kognition': 0.31721147256153, 'sozial': 0.33256848508643, 'affektiv': 0.45587994780941, 'motivation': 0.41723833606248, 'methodik': 0.41181840297462, 'performanz': 0.31721147256153, 'regulation': 0.36965282644284}",1.8914826593052,0.9999999994713179,mittlere Dichte,2025-11-17T17:10:00,0.31721147256153,0.33256848508643,0.45587994780941,0.41723833606248,0.41181840297462,0.31721147256153,0.36965282644284,2025-11-17
263,220,69,233,21,2,2025-11-17 17:10:00,0.30665396331567,0.43151905017474,0.40399045502796,0.36756381702684,0.43151905017474,0.33116578269224,0.35434974477927,0.71063829787234,1.0,0.9362053769454,0.85179047571133,1.0,0.76744186046512,0.82116825348911,21,-0.8,0.3,1,sozial,1.0,1,2.3173947921037,0.48467517181573,0.30394047959846,1,0.66860634332954,Transformativ,"{'kognition': 0.30665396331567, 'sozial': 0.43151905017474, 'affektiv': 0.40399045502796, 'motivation': 0.36756381702684, 'methodik': 0.43151905017474, 'performanz': 0.33116578269224, 'regulation': 0.35434974477927}",2.3173947921037,0.9999999995684821,Verdichtung / hohe Dichte,2025-11-17T17:10:00,0.30665396331567,0.43151905017474,0.40399045502796,0.36756381702684,0.43151905017474,0.33116578269224,0.35434974477927,2025-11-17
291,222,69,235,23,2,2025-11-17 17:10:00,0.31041778742917,0.3480258868244,0.44598510451575,0.47378191810941,0.34091385250977,0.30647779699684,0.38599982394211,0.61966273641207,0.69473684210526,0.89028516230344,0.94577376596123,0.68053964457558,0.61179764184724,0.77054124101416,"1,23,4,13",0.845,0.65,4,motivation,0.94577376596123,1,1.9962217411367,0.22558304278277,-0.11905858722587,0,0.80633224570568,Koordinativ,"{'kognition': 0.31041778742917, 'sozial': 0.3480258868244, 'affektiv': 0.44598510451575, 'motivation': 0.47378191810941, 'methodik': 0.34091385250977, 'performanz': 0.30647779699684, 'regulation': 0.38599982394211}",1.9962217411367,0.9999999994990585,mittlere Dichte,2025-11-17T17:10:00,0.31041778742917,0.3480258868244,0.44598510451575,0.47378191810941,0.34091385250977,0.30647779699684,0.38599982394211,2025-11-17
192,230,72,0,16,2,2025-11-24 17:10:00,0.14235272326959,0.41165881512572,0.46019595634739,0.47917188945311,0.46224792129169,0.18617027117466,0.34720914835089,0.30940240170593,0.89473684210526,1.0002318949641,1.0414759199653,1.0046918228629,0.40463945967931,0.75465605382617,"28,27,1,10,13",0.732,0.6,5,motivation,1.0414759199653,1,2.1734912719417,0.23212473778348,0.13201237293537,1,0.76352228190504,Koordinativ,"{'kognition': 0.14235272326959, 'sozial': 0.41165881512572, 'affektiv': 0.46019595634739, 'motivation': 0.47917188945311, 'methodik': 0.46224792129169, 'performanz': 0.18617027117466, 'regulation': 0.34720914835089}",2.1734912719417,0.9999999995399089,Verdichtung / hohe Dichte,2025-11-24T17:10:00,0.14235272326959,0.41165881512572,0.46019595634739,0.47917188945311,0.46224792129169,0.18617027117466,0.34720914835089,2025-11-24
248,231,72,242,20,2,2025-11-24 17:10:00,0.44704430066119,0.3371009392676,0.35637946223123,0.36191504679295,0.40691921906094,0.40055897277524,0.32014806795987,1.032996177122,0.77894736842105,0.82349472198876,0.83628593234966,0.94027817168391,0.92558139534884,0.73977395489977,"27,23",0.575,0.6,2,kognition,1.032996177122,1,2.3107244072838,0.58936881284735,0.41924174797867,1,0.62563100987609,Perturbativ,"{'kognition': 0.44704430066119, 'sozial': 0.3371009392676, 'affektiv': 0.35637946223123, 'motivation': 0.36191504679295, 'methodik': 0.40691921906094, 'performanz': 0.40055897277524, 'regulation': 0.32014806795987}",2.3107244072838,0.9999999995672364,Verdichtung / hohe Dichte,2025-11-24T17:10:00,0.44704430066119,0.3371009392676,0.35637946223123,0.36191504679295,0.40691921906094,0.40055897277524,0.32014806795987,2025-11-24
264,229,72,241,21,2,2025-11-24 17:10:00,0.21793451536433,0.37081938860124,0.4450044712011,0.43833477227871,0.43773171889416,0.27272565296425,0.39855091981633,0.49787234042553,0.84713849281483,1.0166146340167,1.0013776780583,1.0,0.62304293061794,0.9104912954976,"1,7",0.85,0.575,2,affektiv,1.0166146340167,1,2.2845043125697,0.35539784682888,-0.032890479533981,1,0.71870626909665,Transformativ,"{'kognition': 0.21793451536433, 'sozial': 0.37081938860124, 'affektiv': 0.4450044712011, 'motivation': 0.43833477227871, 'methodik': 0.43773171889416, 'performanz': 0.27272565296425, 'regulation': 0.39855091981633}",2.2845043125697,0.9999999995622686,Verdichtung / hohe Dichte,2025-11-24T17:10:00,0.21793451536433,0.37081938860124,0.4450044712011,0.43833477227871,0.43773171889416,0.27272565296425,0.39855091981633,2025-11-24
292,232,72,243,23,2,2025-11-24 17:10:00,0.35735397330865,0.3623772557056,0.43139372441313,0.37729853157185,0.36786782018599,0.37118769638343,0.37338866453129,0.68510638297872,0.69473684210526,0.82705277189441,0.72334338380256,0.70526315789474,0.71162790697674,0.71584752516895,2,0.7,0.3,1,affektiv,0.82705277189441,1,1.9171645869168,0.26706781438365,-0.079057154219846,1,0.78801931020547,Koordinativ,"{'kognition': 0.35735397330865, 'sozial': 0.3623772557056, 'affektiv': 0.43139372441313, 'motivation': 0.37729853157185, 'methodik': 0.36786782018599, 'performanz': 0.37118769638343, 'regulation': 0.37338866453129}",1.9171645869168,0.9999999994783982,mittlere Dichte,2025-11-24T17:10:00,0.35735397330865,0.3623772557056,0.43139372441313,0.37729853157185,0.36786782018599,0.37118769638343,0.37338866453129,2025-11-24
195,289,87,0,16,2,2025-12-08 17:10:00,0.37167189855174,0.37582271240778,0.403037150946,0.39907307533569,0.36985773165661,0.37051083173886,0.35333554212012,1.007871228899,1.0191270862246,1.0929251046386,1.0821756297056,1.0029517108371,1.0047227373394,0.95814810976549,"1,23,13,7,12",0.83,0.58,5,affektiv,1.0929251046386,1,2.7117229805498,0.15321272107875,0.034751877293064,0,0.86568746256992,Koordinativ,"{'kognition': 0.37167189855174, 'sozial': 0.37582271240778, 'affektiv': 0.403037150946, 'motivation': 0.39907307533569, 'methodik': 0.36985773165661, 'performanz': 0.37051083173886, 'regulation': 0.35333554212012}",2.7117229805498,0.9999999996312319,Verdichtung / hohe Dichte,2025-12-08T17:10:00,0.37167189855174,0.37582271240778,0.403037150946,0.39907307533569,0.36985773165661,0.37051083173886,0.35333554212012,2025-12-08
251,287,87,285,20,2,2025-12-08 17:10:00,0.32881615352814,0.40215331337854,0.38428169188148,0.35167544809849,0.48301079802973,0.30976674138617,0.35993019336001,0.63689759344089,0.77894736842105,0.74433108634297,0.68117470556997,0.93556357122455,0.6,0.69716366272769,"23,2",0.725,0.45,2,methodik,0.93556357122455,1,1.9369413159247,0.36941945808756,-0.31018073773744,0,0.72466471248094,Transformativ,"{'kognition': 0.32881615352814, 'sozial': 0.40215331337854, 'affektiv': 0.38428169188148, 'motivation': 0.35167544809849, 'methodik': 0.48301079802973, 'performanz': 0.30976674138617, 'regulation': 0.35993019336001}",1.9369413159247,0.9999999994837215,mittlere Dichte,2025-12-08T17:10:00,0.32881615352814,0.40215331337854,0.38428169188148,0.35167544809849,0.48301079802973,0.30976674138617,0.35993019336001,2025-12-08
265,286,87,284,21,2,2025-12-08 17:10:00,0.28001330584452,0.4195353196198,0.41188244349686,0.39659887645539,0.37859922620888,0.3285147620424,0.40912776035335,0.68510638297872,1.0264738116271,1.0077495789906,0.97035539408489,0.92631578947368,0.80377451956854,1.001009717115,"1,8",0.86,0.55,2,sozial,1.0264738116271,1,2.4466922406863,0.33844581448952,0.16218792811655,1,0.73949446787443,Transformativ,"{'kognition': 0.28001330584452, 'sozial': 0.4195353196198, 'affektiv': 0.41188244349686, 'motivation': 0.39659887645539, 'methodik': 0.37859922620888, 'performanz': 0.3285147620424, 'regulation': 0.40912776035335}",2.4466922406863,0.9999999995912858,Verdichtung / hohe Dichte,2025-12-08T17:10:00,0.28001330584452,0.4195353196198,0.41188244349686,0.39659887645539,0.37859922620888,0.3285147620424,0.40912776035335,2025-12-08
293,288,87,286,23,2,2025-12-08 17:10:00,0.36007570737595,0.37903152560525,0.40878752816089,0.38125475989114,0.38777413643014,0.31771760234557,0.4036147862159,0.67999198920866,0.71578947368421,0.77198277679861,0.71998798381298,0.73229962753219,0.6,0.76221421143088,23,0.75,0.6,1,affektiv,0.77198277679861,1,1.8884694938295,0.13731337622516,-0.02869509308729,0,0.8770422630464,Adaptiv,"{'kognition': 0.36007570737595, 'sozial': 0.37903152560525, 'affektiv': 0.40878752816089, 'motivation': 0.38125475989114, 'methodik': 0.38777413643014, 'performanz': 0.31771760234557, 'regulation': 0.4036147862159}",1.8884694938295,0.9999999994704702,mittlere Dichte,2025-12-08T17:10:00,0.36007570737595,0.37903152560525,0.40878752816089,0.38125475989114,0.38777413643014,0.31771760234557,0.4036147862159,2025-12-08
198,337,102,323,16,2,2026-02-02 17:10:00,0.29570606902014,0.42181877407415,0.40204497414683,0.41032897957254,0.41821544352799,0.31957800466267,0.35718699691734,0.70984636031783,1.0125815898282,0.96511431952642,0.98500018497306,1.0039317468213,0.76715126003038,0.85743214724943,"5,1,10,23",0.8325,0.6,4,sozial,1.0125815898282,1,2.4005133285708,0.37993418837409,0.11036247489861,1,0.71794137626328,Transformativ,"{'kognition': 0.29570606902014, 'sozial': 0.42181877407415, 'affektiv': 0.40204497414683, 'motivation': 0.41032897957254, 'methodik': 0.41821544352799, 'performanz': 0.31957800466267, 'regulation': 0.35718699691734}",2.4005133285708,0.9999999995834222,Verdichtung / hohe Dichte,2026-02-02T17:10:00,0.29570606902014,0.42181877407415,0.40204497414683,0.41032897957254,0.41821544352799,0.31957800466267,0.35718699691734,2026-02-02
266,338,102,324,21,2,2026-02-02 17:10:00,0.26432673505064,0.44054455841773,0.40102599383285,0.404881704091,0.40808338042906,0.30545659665403,0.38918510820146,0.6,1.0,0.91029610097371,0.91904824689058,0.92631578947368,0.69336141104799,0.88341826216007,"1,4",0.875,0.675,2,sozial,1.0,1,2.2699179468953,0.21469133114354,-0.17677429379101,0,0.81134256213391,Koordinativ,"{'kognition': 0.26432673505064, 'sozial': 0.44054455841773, 'affektiv': 0.40102599383285, 'motivation': 0.404881704091, 'methodik': 0.40808338042906, 'performanz': 0.30545659665403, 'regulation': 0.38918510820146}",2.2699179468953,0.9999999995594574,Verdichtung / hohe Dichte,2026-02-02T17:10:00,0.26432673505064,0.44054455841773,0.40102599383285,0.404881704091,0.40808338042906,0.30545659665403,0.38918510820146,2026-02-02
21,5,2,19,3,3,2025-09-09 15:35:00,0.35699587043765,0.39760203579548,0.4004809536922,0.36851749614075,0.39694069822942,0.39806392234956,0.31978058947865,0.89787234042553,1.0,1.0072407021029,0.92685012390205,0.99833668465821,1.0011616805562,0.804273018469,"6,25,24,2",0.125,0.575,4,affektiv,1.0072407021029,1,2.5150776645338,0.0,0.0,0,0.99499786973131,Homöostatisch (resilient),"{'kognition': 0.35699587043765, 'sozial': 0.39760203579548, 'affektiv': 0.4004809536922, 'motivation': 0.36851749614075, 'methodik': 0.39694069822942, 'performanz': 0.39806392234956, 'regulation': 0.31978058947865}",2.5150776645338,0.999999999602398,Verdichtung / hohe Dichte,2025-09-09T15:35:00,0.35699587043765,0.39760203579548,0.4004809536922,0.36851749614075,0.39694069822942,0.39806392234956,0.31978058947865,2025-09-09
180,57,19,53,16,3,2025-09-23 15:35:00,0.36908867005462,0.36947708635926,0.39819844556736,0.39326842940158,0.36633598059132,0.36598133961752,0.381960448637,1.011852116508,1.0129169551005,1.0916562133373,1.0781406337585,1.0043056517002,1.0033334077679,1.0471399415173,"1,23,4,9,14,13,7",0.81857142857143,0.60714285714286,7,affektiv,1.0916562133373,1,2.7414878814599,0.9876040215096,0.75329795264453,1,0.5028225486163,Kollapsiv,"{'kognition': 0.36908867005462, 'sozial': 0.36947708635926, 'affektiv': 0.39819844556736, 'motivation': 0.39326842940158, 'methodik': 0.36633598059132, 'performanz': 0.36598133961752, 'regulation': 0.381960448637}",2.7414878814599,0.9999999996352402,Verdichtung / hohe Dichte,2025-09-23T15:35:00,0.36908867005462,0.36947708635926,0.39819844556736,0.39326842940158,0.36633598059132,0.36598133961752,0.381960448637,2025-09-23
22,84,28,80,3,3,2025-09-30 15:35:00,0.25674777976525,0.40169535673573,0.38755698447739,0.4225012702893,0.46226637466694,0.30980077074933,0.36653370733577,0.49787234042553,0.77894736842105,0.75153095028297,0.81929314623101,0.89640363030944,0.60075002377676,0.71076367197006,"15,21,16,20",-0.7875,0.55,4,methodik,0.89640363030944,1,1.939149544444,0.68211735565509,-0.57592812008985,1,0.58903322012994,Perturbativ,"{'kognition': 0.25674777976525, 'sozial': 0.40169535673573, 'affektiv': 0.38755698447739, 'motivation': 0.4225012702893, 'methodik': 0.46226637466694, 'performanz': 0.30980077074933, 'regulation': 0.36653370733577}",1.939149544444,0.9999999994843046,mittlere Dichte,2025-09-30T15:35:00,0.25674777976525,0.40169535673573,0.38755698447739,0.4225012702893,0.46226637466694,0.30980077074933,0.36653370733577,2025-09-30
23,112,37,108,3,3,2025-10-21 15:35:00,0.37063157610961,0.38016774459145,0.40114572098463,0.39393730473985,0.37007971450766,0.37110985616464,0.3568174744332,1.0026873597364,1.0284860132063,1.0852387377936,1.0657374639728,1.0011943821051,1.0039812736836,0.9653154086403,"5,28,1,4,8,14,7,12,2,11",0.782,0.48,10,affektiv,1.0852387377936,1,2.7053479088065,0.85298098300067,0.76619836436255,1,0.53924284084691,Kollapsiv,"{'kognition': 0.37063157610961, 'sozial': 0.38016774459145, 'affektiv': 0.40114572098463, 'motivation': 0.39393730473985, 'methodik': 0.37007971450766, 'performanz': 0.37110985616464, 'regulation': 0.3568174744332}",2.7053479088065,0.9999999996303589,Verdichtung / hohe Dichte,2025-10-21T15:35:00,0.37063157610961,0.38016774459145,0.40114572098463,0.39393730473985,0.37007971450766,0.37110985616464,0.3568174744332,2025-10-21
24,164,53,181,3,3,2025-11-04 15:35:00,0.43928162507137,0.26592063391049,0.37931844446612,0.40105114595571,0.43852028584482,0.37446168080496,0.31475669013295,1.0,0.60535341961388,0.86349717997991,0.91297045691487,0.99826685391992,0.8524410297019,0.71652596459461,"1,15,21,13,11",0.182,0.51,5,kognition,1.0,1,2.276443954145,0.5800212875452,-0.4289039546615,1,0.62575690753525,Perturbativ,"{'kognition': 0.43928162507137, 'sozial': 0.26592063391049, 'affektiv': 0.37931844446612, 'motivation': 0.40105114595571, 'methodik': 0.43852028584482, 'performanz': 0.37446168080496, 'regulation': 0.31475669013295}",2.276443954145,0.999999999560717,Verdichtung / hohe Dichte,2025-11-04T15:35:00,0.43928162507137,0.26592063391049,0.37931844446612,0.40105114595571,0.43852028584482,0.37446168080496,0.31475669013295,2025-11-04
25,191,61,204,3,3,2025-11-11 15:35:00,0.46504245380707,0.27413028855996,0.41157748518741,0.41710034881198,0.36298407568827,0.39770029704222,0.27440190844461,1.0,0.58947368421053,0.88503206926171,0.89690811107112,0.78053965335145,0.85519137830632,0.59005775966951,"15,21,20",-0.75,0.45,3,kognition,1.0,1,2.1503413104513,0.25373376115265,-0.12610264369378,0,0.78435074928584,Koordinativ,"{'kognition': 0.46504245380707, 'sozial': 0.27413028855996, 'affektiv': 0.41157748518741, 'motivation': 0.41710034881198, 'methodik': 0.36298407568827, 'performanz': 0.39770029704222, 'regulation': 0.27440190844461}",2.1503413104513,0.9999999995349589,Verdichtung / hohe Dichte,2025-11-11T15:35:00,0.46504245380707,0.27413028855996,0.41157748518741,0.41710034881198,0.36298407568827,0.39770029704222,0.27440190844461,2025-11-11
26,233,73,244,3,3,2025-11-25 15:35:00,0.41341617306672,0.30577551107575,0.39577842532125,0.3987872217457,0.36989868116496,0.38495056439989,0.36729364588788,1.0,0.73963122634393,0.95733658019562,0.96461446775895,0.89473684210526,0.93114539168686,0.8884356002894,"1,8,14,13,11",0.826,0.52,5,kognition,1.0,1,2.4188700508947,0.37443120374476,0.26852874044344,0,0.72429970619335,Transformativ,"{'kognition': 0.41341617306672, 'sozial': 0.30577551107575, 'affektiv': 0.39577842532125, 'motivation': 0.3987872217457, 'methodik': 0.36989868116496, 'performanz': 0.38495056439989, 'regulation': 0.36729364588788}",2.4188700508947,0.9999999995865864,Verdichtung / hohe Dichte,2025-11-25T15:35:00,0.41341617306672,0.30577551107575,0.39577842532125,0.3987872217457,0.36989868116496,0.38495056439989,0.36729364588788,2025-11-25
36,9,3,6,5,4,2025-09-09 17:10:00,0.22750457837574,0.42277372933075,0.3565551170234,0.4782222742088,0.42231239973717,0.26121008800035,0.40877557550161,0.32287424112545,0.6,0.50602262007315,0.67869251237416,0.59934528156092,0.37070906238264,0.58013383586823,"22,1,15,6,23,4,25,20",0.075,0.5375,8,motivation,0.67869251237416,1,1.4191988715264,0.0,0.0,0,0.9855279954747,Homöostatisch (resilient),"{'kognition': 0.22750457837574, 'sozial': 0.42277372933075, 'affektiv': 0.3565551170234, 'motivation': 0.4782222742088, 'methodik': 0.42231239973717, 'performanz': 0.26121008800035, 'regulation': 0.40877557550161}",1.4191988715264,0.9999999992953755,Leerstelle / geringe Dichte,2025-09-09T17:10:00,0.22750457837574,0.42277372933075,0.3565551170234,0.4782222742088,0.42231239973717,0.26121008800035,0.40877557550161,2025-09-09
73,8,3,5,8,4,2025-09-09 17:10:00,0.24723609036365,0.3744391916356,0.37664177511581,0.46111493044014,0.44932702996272,0.20405484629444,0.44794021814185,0.20851063829787,0.31578947368421,0.31764705882353,0.38888888888889,0.37894736842105,0.17209302325581,0.37777777777778,,,,0,motivation,0.38888888888889,1,0.84336650747044,0.0,0.0,0,0.99361726484381,Homöostatisch (resilient),"{'kognition': 0.24723609036365, 'sozial': 0.3744391916356, 'affektiv': 0.37664177511581, 'motivation': 0.46111493044014, 'methodik': 0.44932702996272, 'performanz': 0.20405484629444, 'regulation': 0.44794021814185}",0.84336650747044,0.9999999988142814,Leerstelle / geringe Dichte,2025-09-09T17:10:00,0.24723609036365,0.3744391916356,0.37664177511581,0.46111493044014,0.44932702996272,0.20405484629444,0.44794021814185,2025-09-09
87,6,3,3,9,4,2025-09-09 17:10:00,0.28599658825355,0.47164349641814,-0.095993343046085,0.010317477320035,0.55739685940326,0.3631222831831,0.49385032021038,0.42127659574468,0.69473684210526,-0.14139940976063,0.015197774730808,0.82105263157895,0.53488372093023,0.72744777473081,22,-0.7,0.1,1,methodik,0.82105263157895,1,1.4730126608545,0.0,0.0,0,0.89507802472758,Homöostatisch (resilient),"{'kognition': 0.28599658825355, 'sozial': 0.47164349641814, 'affektiv': -0.095993343046085, 'motivation': 0.010317477320035, 'methodik': 0.55739685940326, 'performanz': 0.3631222831831, 'regulation': 0.49385032021038}",1.4730126608545,0.9999999993211157,Leerstelle / geringe Dichte,2025-09-09T17:10:00,0.28599658825355,0.47164349641814,-0.095993343046085,0.010317477320035,0.55739685940326,0.3631222831831,0.49385032021038,2025-09-09
176,7,3,14,16,4,2025-09-09 17:10:00,0.37777316111127,0.35789036315804,0.45358930669445,0.4407953617204,0.4307939556532,0.37777316111127,0.029361912374192,0.6,0.56842105263158,0.72041534982553,0.70009530654387,0.68421052631579,0.6,0.046634195432762,22,-0.7,0.1,1,affektiv,0.72041534982553,1,1.5882547025237,0.79282159705446,-0.56139667954173,0,0.54358990909262,Perturbativ,"{'kognition': 0.37777316111127, 'sozial': 0.35789036315804, 'affektiv': 0.45358930669445, 'motivation': 0.4407953617204, 'methodik': 0.4307939556532, 'performanz': 0.37777316111127, 'regulation': 0.029361912374192}",1.5882547025237,0.999999999370384,Leerstelle / geringe Dichte,2025-09-09T17:10:00,0.37777316111127,0.35789036315804,0.45358930669445,0.4407953617204,0.4307939556532,0.37777316111127,0.029361912374192,2025-09-09
74,59,20,55,8,4,2025-09-23 17:10:00,0.43341333405502,0.09947576793558,0.2765131538261,0.49188432227028,0.59685460761348,0.25127264991913,0.25391804464418,0.41276595744681,0.094736842105263,0.26334034446476,0.46845144641811,0.56842105263158,0.23930227285277,0.24182164362592,"22,1,18",-0.1,0.3,3,methodik,0.56842105263158,1,0.95236100179834,0.39845370090747,0.10899449432789,1,0.70367534498751,Transformativ,"{'kognition': 0.43341333405502, 'sozial': 0.09947576793558, 'affektiv': 0.2765131538261, 'motivation': 0.49188432227028, 'methodik': 0.59685460761348, 'performanz': 0.25127264991913, 'regulation': 0.25391804464418}",0.95236100179834,0.9999999989499786,Leerstelle / geringe Dichte,2025-09-23T17:10:00,0.43341333405502,0.09947576793558,0.2765131538261,0.49188432227028,0.59685460761348,0.25127264991913,0.25391804464418,2025-09-23
90,58,20,54,9,4,2025-09-23 17:10:00,0.36377111636007,0.4797478780366,0.33864180391392,0.2695145575769,0.56241207966715,0.21156079520419,0.29854792163473,0.52636193996387,0.69417557475055,0.49000085175691,0.38997655117363,0.81378729645951,0.30611982528528,0.43198664252468,"5,3,28,22,1,6,23,4,8,14,13",0.67454545454545,0.48636363636364,11,methodik,0.81378729645951,1,1.4469591342681,0.94341802789647,-0.77005413304579,1,0.50754465470572,Kollapsiv,"{'kognition': 0.36377111636007, 'sozial': 0.4797478780366, 'affektiv': 0.33864180391392, 'motivation': 0.2695145575769, 'methodik': 0.56241207966715, 'performanz': 0.21156079520419, 'regulation': 0.29854792163473}",1.4469591342681,0.9999999993088964,Leerstelle / geringe Dichte,2025-09-23T17:10:00,0.36377111636007,0.4797478780366,0.33864180391392,0.2695145575769,0.56241207966715,0.21156079520419,0.29854792163473,2025-09-23
295,60,20,56,24,4,2025-09-23 17:10:00,0.352715269122,0.360573934236,0.4250404803857,0.37297472658449,0.44478190302102,0.3213275894722,0.35316633240175,0.79497694527242,0.81268941233347,0.95798909855891,0.84063927695005,1.0024838432889,0.72423296600184,0.79599358656825,"28,1,10,4,14",0.796,0.58,5,methodik,1.0024838432889,1,2.2538773183781,0.55488776782194,0.3694170266416,1,0.63971892417002,Perturbativ,"{'kognition': 0.352715269122, 'sozial': 0.360573934236, 'affektiv': 0.4250404803857, 'motivation': 0.37297472658449, 'methodik': 0.44478190302102, 'performanz': 0.3213275894722, 'regulation': 0.35316633240175}",2.2538773183781,0.9999999995563159,Verdichtung / hohe Dichte,2025-09-23T17:10:00,0.352715269122,0.360573934236,0.4250404803857,0.37297472658449,0.44478190302102,0.3213275894722,0.35316633240175,2025-09-23
37,89,29,85,5,4,2025-09-30 17:10:00,0.33989582387242,0.31293775632554,0.45328100128601,0.46330915867244,0.29478361457556,0.34998302888284,0.39627799086003,0.69713777490995,0.6418458710219,0.9296945900815,0.95026267840685,0.60461111526412,0.7178269718995,0.81277949710157,"5,1,4,9,8,13,7",0.83571428571429,0.59285714285714,7,motivation,0.95026267840685,1,2.0510336568058,0.75479476594295,0.63183478527933,0,0.5647431731491,Perturbativ,"{'kognition': 0.33989582387242, 'sozial': 0.31293775632554, 'affektiv': 0.45328100128601, 'motivation': 0.46330915867244, 'methodik': 0.29478361457556, 'performanz': 0.34998302888284, 'regulation': 0.39627799086003}",2.0510336568058,0.9999999995124437,mittlere Dichte,2025-09-30T17:10:00,0.33989582387242,0.31293775632554,0.45328100128601,0.46330915867244,0.29478361457556,0.34998302888284,0.39627799086003,2025-09-30
66,85,29,81,7,4,2025-09-30 17:10:00,0.4679772066421,0.25344514554675,0.34757652474565,0.41925324235071,0.51374015989206,0.31024893894101,0.24494246913304,0.71914893617021,0.38947368421053,0.53412705674731,0.64427394954945,0.78947368421053,0.47676508859972,0.37640746942329,"22,1,13",0.36,0.45,3,methodik,0.78947368421053,1,1.5367178689372,0.55447359650873,-0.092019264357105,1,0.63424333937122,Perturbativ,"{'kognition': 0.4679772066421, 'sozial': 0.25344514554675, 'affektiv': 0.34757652474565, 'motivation': 0.41925324235071, 'methodik': 0.51374015989206, 'performanz': 0.31024893894101, 'regulation': 0.24494246913304}",1.5367178689372,0.9999999993492674,Leerstelle / geringe Dichte,2025-09-30T17:10:00,0.4679772066421,0.25344514554675,0.34757652474565,0.41925324235071,0.51374015989206,0.31024893894101,0.24494246913304,2025-09-30
75,87,29,83,8,4,2025-09-30 17:10:00,0.49612579306645,0.28592671122666,0.3094285408046,0.31549295829038,0.39869365716569,0.38234385803565,0.41434264225957,0.69406008405164,0.4,0.43287811688123,0.44136199368975,0.55775643409495,0.53488372093023,0.57964873653391,23,0.75,0.6,1,kognition,0.69406008405164,1,1.3989598873013,0.63513632174051,0.44659888550295,1,0.60818634533271,Perturbativ,"{'kognition': 0.49612579306645, 'sozial': 0.28592671122666, 'affektiv': 0.3094285408046, 'motivation': 0.31549295829038, 'methodik': 0.39869365716569, 'performanz': 0.38234385803565, 'regulation': 0.41434264225957}",1.3989598873013,0.9999999992851836,Leerstelle / geringe Dichte,2025-09-30T17:10:00,0.49612579306645,0.28592671122666,0.3094285408046,0.31549295829038,0.39869365716569,0.38234385803565,0.41434264225957,2025-09-30
92,86,29,82,9,4,2025-09-30 17:10:00,0.3658294223233,0.047628761355111,0.65191995012064,0.55034125728582,0.32193825642134,0.16024398249698,-0.081870857660967,0.40425531914894,0.052631578947368,0.72039615026556,0.60814786080353,0.35575392424518,0.17707564873983,-0.090470387763077,"17,22,1,15,19,13,16,25,24,20",-0.402,0.59,10,affektiv,0.72039615026556,1,1.1050377419503,1.0505002463776,-0.52753776527144,1,0.47088570279969,Kollapsiv,"{'kognition': 0.3658294223233, 'sozial': 0.047628761355111, 'affektiv': 0.65191995012064, 'motivation': 0.55034125728582, 'methodik': 0.32193825642134, 'performanz': 0.16024398249698, 'regulation': -0.081870857660967}",1.1050377419503,0.9999999990950518,Leerstelle / geringe Dichte,2025-09-30T17:10:00,0.3658294223233,0.047628761355111,0.65191995012064,0.55034125728582,0.32193825642134,0.16024398249698,-0.081870857660967,2025-09-30
297,88,29,84,24,4,2025-09-30 17:10:00,0.31484200925631,0.38349335935739,0.44877390802635,0.40189205677249,0.37263718651822,0.35399719793973,0.35597698909785,0.61636881758301,0.75076813610862,0.87856840866215,0.78678741891525,0.72951491633607,0.69302325581395,0.69689910941453,"23,12",0.785,0.55,2,affektiv,0.87856840866215,1,1.957708308126,0.38485138146384,-0.32916702739213,1,0.71906881056743,Transformativ,"{'kognition': 0.31484200925631, 'sozial': 0.38349335935739, 'affektiv': 0.44877390802635, 'motivation': 0.40189205677249, 'methodik': 0.37263718651822, 'performanz': 0.35399719793973, 'regulation': 0.35597698909785}",1.957708308126,0.9999999994891988,mittlere Dichte,2025-09-30T17:10:00,0.31484200925631,0.38349335935739,0.44877390802635,0.40189205677249,0.37263718651822,0.35399719793973,0.35597698909785,2025-09-30
76,104,34,100,8,4,2025-10-07 17:10:00,0.2927836316433,0.43487387659768,0.36884118794797,0.37141598810761,0.34414918105441,0.32909788052929,0.47373486633412,0.6,0.89118481280571,0.7558643614285,0.76114088623665,0.70526315789474,0.67441860465116,0.97082244046609,14,0.75,0.4,1,regulation,0.97082244046609,1,2.0492948883092,0.80680453519872,0.6503350010079,1,0.54923447212247,Kollapsiv,"{'kognition': 0.2927836316433, 'sozial': 0.43487387659768, 'affektiv': 0.36884118794797, 'motivation': 0.37141598810761, 'methodik': 0.34414918105441, 'performanz': 0.32909788052929, 'regulation': 0.47373486633412}",2.0492948883092,0.9999999995120271,mittlere Dichte,2025-10-07T17:10:00,0.2927836316433,0.43487387659768,0.36884118794797,0.37141598810761,0.34414918105441,0.32909788052929,0.47373486633412,2025-10-07
153,105,34,101,13,4,2025-10-07 17:10:00,0.38758058980755,0.38168325481671,0.38088139923937,0.38849902722415,0.25899935148277,0.43166558580462,0.39329531151087,0.89787234042553,0.88421052631579,0.88235294117647,0.9,0.6,1.0,0.91111111111111,,,,0,performanz,1.0,1,2.3166081162212,0.57398349145809,0.36088821691154,1,0.62998497415094,Perturbativ,"{'kognition': 0.38758058980755, 'sozial': 0.38168325481671, 'affektiv': 0.38088139923937, 'motivation': 0.38849902722415, 'methodik': 0.25899935148277, 'performanz': 0.43166558580462, 'regulation': 0.39329531151087}",2.3166081162212,0.9999999995683353,Verdichtung / hohe Dichte,2025-10-07T17:10:00,0.38758058980755,0.38168325481671,0.38088139923937,0.38849902722415,0.25899935148277,0.43166558580462,0.39329531151087,2025-10-07
270,103,34,99,22,4,2025-10-07 17:10:00,0.16104011858193,0.41318767636657,0.44311168871034,0.41398453619146,0.51588618162421,0.20132137598468,0.35908496151092,0.31390150436961,0.80539082025368,0.86371909630189,0.80694406984147,1.005572089249,0.39241825788398,0.6999331011883,"5,28,23,4,7,2",0.75,0.49166666666667,6,methodik,1.005572089249,1,1.9492130717034,0.15682979424231,0.050778657371995,0,0.825064161632,Koordinativ,"{'kognition': 0.16104011858193, 'sozial': 0.41318767636657, 'affektiv': 0.44311168871034, 'motivation': 0.41398453619146, 'methodik': 0.51588618162421, 'performanz': 0.20132137598468, 'regulation': 0.35908496151092}",1.9492130717034,0.999999999486973,mittlere Dichte,2025-10-07T17:10:00,0.16104011858193,0.41318767636657,0.44311168871034,0.41398453619146,0.51588618162421,0.20132137598468,0.35908496151092,2025-10-07
38,115,38,111,5,4,2025-10-21 17:10:00,0.19893696988718,0.4454881301112,0.45350852211664,0.46943212178332,0.30273200178115,0.29641655148027,0.39549775403839,0.39611414129082,0.88703546763746,0.9030053031781,0.9347116421849,0.60278603315814,0.59021099909476,0.7874969308732,"5,1,6,10,23,4,8,13,7,24,2",0.70727272727273,0.58636363636364,11,motivation,0.9347116421849,1,1.9911539887057,0.41062841431571,-0.059879668100023,0,0.69160419558191,Transformativ,"{'kognition': 0.19893696988718, 'sozial': 0.4454881301112, 'affektiv': 0.45350852211664, 'motivation': 0.46943212178332, 'methodik': 0.30273200178115, 'performanz': 0.29641655148027, 'regulation': 0.39549775403839}",1.9911539887057,0.9999999994977817,mittlere Dichte,2025-10-21T17:10:00,0.19893696988718,0.4454881301112,0.45350852211664,0.46943212178332,0.30273200178115,0.29641655148027,0.39549775403839,2025-10-21
67,113,38,109,7,4,2025-10-21 17:10:00,0.20413070662008,0.50318441150617,0.41014666934812,0.46407452259756,0.34439097490117,0.20611865023241,0.40057534489501,0.33308276254983,0.82105263157895,0.66924172232129,0.75723651073956,0.56194728963931,0.33632651632482,0.65362406614947,"23,4,25",0.33333333333333,0.68333333333333,3,sozial,0.82105263157895,1,1.6317131697664,0.7174010632965,0.094995300829161,1,0.57167913763872,Perturbativ,"{'kognition': 0.20413070662008, 'sozial': 0.50318441150617, 'affektiv': 0.41014666934812, 'motivation': 0.46407452259756, 'methodik': 0.34439097490117, 'performanz': 0.20611865023241, 'regulation': 0.40057534489501}",1.6317131697664,0.999999999387149,Leerstelle / geringe Dichte,2025-10-21T17:10:00,0.20413070662008,0.50318441150617,0.41014666934812,0.46407452259756,0.34439097490117,0.20611865023241,0.40057534489501,2025-10-21
77,114,38,110,8,4,2025-10-21 17:10:00,0.36947597838625,0.36256537939947,0.39636388026694,0.40934396033363,0.43054638803687,0.35044473444861,0.31493703819185,0.51489361702128,0.50526315789474,0.55236400715038,0.57045276194292,0.6,0.48837209302326,0.43888934657357,4,0.85,0.75,1,methodik,0.6,1,1.3935780585809,0.75006628264966,-0.65571682972824,1,0.57058323222525,Perturbativ,"{'kognition': 0.36947597838625, 'sozial': 0.36256537939947, 'affektiv': 0.39636388026694, 'motivation': 0.40934396033363, 'methodik': 0.43054638803687, 'performanz': 0.35044473444861, 'regulation': 0.31493703819185}",1.3935780585809,0.9999999992824252,Leerstelle / geringe Dichte,2025-10-21T17:10:00,0.36947597838625,0.36256537939947,0.39636388026694,0.40934396033363,0.43054638803687,0.35044473444861,0.31493703819185,2025-10-21
39,140,46,134,5,4,2025-10-28 17:10:00,0.16419473412553,0.38108931231184,0.50698119768432,0.51926524704218,0.0021353398892779,0.24174580134944,0.49264500461735,0.32354179154703,0.75092736378826,0.99899430912345,1.0231997342113,0.0042076361158491,0.47635431236042,0.97074518400045,"5,1,6,10,23,4,8,14,13,7,12,2",0.81666666666667,0.54583333333333,12,motivation,1.0231997342113,1,1.970476051537,0.66758936358186,-0.020677937168792,0,0.55550973059874,Perturbativ,"{'kognition': 0.16419473412553, 'sozial': 0.38108931231184, 'affektiv': 0.50698119768432, 'motivation': 0.51926524704218, 'methodik': 0.0021353398892779, 'performanz': 0.24174580134944, 'regulation': 0.49264500461735}",1.970476051537,0.9999999994925114,mittlere Dichte,2025-10-28T17:10:00,0.16419473412553,0.38108931231184,0.50698119768432,0.51926524704218,0.0021353398892779,0.24174580134944,0.49264500461735,2025-10-28
78,138,46,132,8,4,2025-10-28 17:10:00,0.2217752999221,0.33623997084963,0.41999722608719,0.48237899561159,0.37753259884871,0.29692801327008,0.44494283187904,0.39574468085106,0.6,0.74945978318862,0.86077629805763,0.67368421052632,0.52985017668147,0.79397371601252,6,0.85,0.5,1,motivation,0.86077629805763,1,1.7844398396408,0.52871612659492,0.39086178105989,1,0.64469816649998,Perturbativ,"{'kognition': 0.2217752999221, 'sozial': 0.33623997084963, 'affektiv': 0.41999722608719, 'motivation': 0.48237899561159, 'methodik': 0.37753259884871, 'performanz': 0.29692801327008, 'regulation': 0.44494283187904}",1.7844398396408,0.9999999994395977,mittlere Dichte,2025-10-28T17:10:00,0.2217752999221,0.33623997084963,0.41999722608719,0.48237899561159,0.37753259884871,0.29692801327008,0.44494283187904,2025-10-28
94,139,46,133,9,4,2025-10-28 17:10:00,0.42063785641713,0.4992969877946,0.25586729103575,0.32400747190924,0.30539061634117,0.3950513603284,0.39241354688644,0.51722985327893,0.61395165413622,0.31462266028205,0.3984100208772,0.37551813578629,0.48576787377327,0.48252433342439,"17,5,22,27,1,15,6,8,14,16,25,24,2,20",0.012142857142857,0.55,14,sozial,0.61395165413622,1,1.2296322001636,0.81856637279952,-0.73587611493273,1,0.54730123962796,Kollapsiv,"{'kognition': 0.42063785641713, 'sozial': 0.4992969877946, 'affektiv': 0.25586729103575, 'motivation': 0.32400747190924, 'methodik': 0.30539061634117, 'performanz': 0.3950513603284, 'regulation': 0.39241354688644}",1.2296322001636,0.9999999991867521,Leerstelle / geringe Dichte,2025-10-28T17:10:00,0.42063785641713,0.4992969877946,0.25586729103575,0.32400747190924,0.30539061634117,0.3950513603284,0.39241354688644,2025-10-28
40,166,54,183,5,4,2025-11-04 17:10:00,0.34225471447591,0.41718891142918,0.42350071370081,0.43882567394679,-0.088007061430321,0.38844250649325,0.42221022176003,0.75337328499581,0.91831892264362,0.93221250251411,0.96594590385125,-0.19372171125273,0.85504215068867,0.9293718633306,"5,15,6,10,23,9,8,14,13,7,12,24",0.57083333333333,0.57916666666667,12,motivation,0.96594590385125,1,2.2012064488496,0.63624296823781,0.23073039731261,0,0.56024413159213,Perturbativ,"{'kognition': 0.34225471447591, 'sozial': 0.41718891142918, 'affektiv': 0.42350071370081, 'motivation': 0.43882567394679, 'methodik': -0.088007061430321, 'performanz': 0.38844250649325, 'regulation': 0.42221022176003}",2.2012064488496,0.9999999995457066,Verdichtung / hohe Dichte,2025-11-04T17:10:00,0.34225471447591,0.41718891142918,0.42350071370081,0.43882567394679,-0.088007061430321,0.38844250649325,0.42221022176003,2025-11-04
79,165,54,182,8,4,2025-11-04 17:10:00,0.17751786377397,0.35503572754795,0.45265676430194,0.40968828752575,0.33634963662437,0.17751786377397,0.57013220327406,0.2,0.4,0.5099844654263,0.46157415238772,0.37894736842105,0.2,0.64233783705282,2,0.7,0.3,1,regulation,0.64233783705282,1,1.1266471755042,0.71672250274787,-0.65779266413667,1,0.57508522133409,Perturbativ,"{'kognition': 0.17751786377397, 'sozial': 0.35503572754795, 'affektiv': 0.45265676430194, 'motivation': 0.40968828752575, 'methodik': 0.33634963662437, 'performanz': 0.17751786377397, 'regulation': 0.57013220327406}",1.1266471755042,0.9999999991124067,Leerstelle / geringe Dichte,2025-11-04T17:10:00,0.17751786377397,0.35503572754795,0.45265676430194,0.40968828752575,0.33634963662437,0.17751786377397,0.57013220327406,2025-11-04
96,167,54,184,9,4,2025-11-04 17:10:00,0.36516782178471,0.39654732455688,0.40822295623805,0.36499796318849,0.3250003782857,0.36112388134413,0.41653028907551,0.80425531914894,0.87336637031828,0.89908109194439,0.8038812180607,0.71578947368421,0.7953488372093,0.9173773826466,5,0.8,0.4,1,regulation,0.9173773826466,1,2.2024265852699,0.35421775559369,-0.3178408825411,1,0.73611362037831,Transformativ,"{'kognition': 0.36516782178471, 'sozial': 0.39654732455688, 'affektiv': 0.40822295623805, 'motivation': 0.36499796318849, 'methodik': 0.3250003782857, 'performanz': 0.36112388134413, 'regulation': 0.41653028907551}",2.2024265852699,0.9999999995459569,Verdichtung / hohe Dichte,2025-11-04T17:10:00,0.36516782178471,0.39654732455688,0.40822295623805,0.36499796318849,0.3250003782857,0.36112388134413,0.41653028907551,2025-11-04
41,196,62,209,5,4,2025-11-11 17:10:00,-0.24470162158131,0.51256309623598,0.48322582522448,0.57036861005369,0.16425119833725,-0.064643690437171,0.29566091183792,-0.30273431492133,0.63412100332728,0.59782619422902,0.70563549722884,0.20320451365343,-0.079974391718448,0.36577895567613,"17,5,3,28,22,27,1,15,6,10,23,18,4,9,21,19,8,14,13,7,16,26,25,12,24,2,11,20",0.24464285714286,0.5375,28,motivation,0.70563549722884,1,1.2371569616919,1.6508030648937,-0.96404948715764,0,0.36004928118355,Kollapsiv,"{'kognition': -0.24470162158131, 'sozial': 0.51256309623598, 'affektiv': 0.48322582522448, 'motivation': 0.57036861005369, 'methodik': 0.16425119833725, 'performanz': -0.064643690437171, 'regulation': 0.29566091183792}",1.2371569616919,0.9999999991916924,Leerstelle / geringe Dichte,2025-11-11T17:10:00,-0.24470162158131,0.51256309623598,0.48322582522448,0.57036861005369,0.16425119833725,-0.064643690437171,0.29566091183792,2025-11-11
80,194,62,207,8,4,2025-11-11 17:10:00,0.25831109660257,0.25199214464713,0.50507453864477,0.4967386128425,0.3239899002606,0.27438679537574,0.4332069097727,0.30212765957447,0.29473684210526,0.59074886939983,0.58099894465347,0.37894736842105,0.32093023255814,0.50669054284759,13,0.88,0.65,1,affektiv,0.59074886939983,1,1.1696271019321,0.27444465888192,0.042979926427895,1,0.77565663487077,Koordinativ,"{'kognition': 0.25831109660257, 'sozial': 0.25199214464713, 'affektiv': 0.50507453864477, 'motivation': 0.4967386128425, 'methodik': 0.3239899002606, 'performanz': 0.27438679537574, 'regulation': 0.4332069097727}",1.1696271019321,0.9999999991450274,Leerstelle / geringe Dichte,2025-11-11T17:10:00,0.25831109660257,0.25199214464713,0.50507453864477,0.4967386128425,0.3239899002606,0.27438679537574,0.4332069097727,2025-11-11
98,195,62,208,9,4,2025-11-11 17:10:00,0.35061654111982,0.20078382355319,0.46509536613752,0.46162753121129,0.29109521709683,0.13998202253088,0.55046237521363,0.45434555548369,0.26018520847036,0.60269265051141,0.59819886541828,0.37721499872223,0.18139534883721,0.71331527269229,"14,13,7,26",0.77,0.5875,4,regulation,0.71331527269229,1,1.2958474625355,0.77176119948683,-0.58652615962799,1,0.55422556086263,Perturbativ,"{'kognition': 0.35061654111982, 'sozial': 0.20078382355319, 'affektiv': 0.46509536613752, 'motivation': 0.46162753121129, 'methodik': 0.29109521709683, 'performanz': 0.13998202253088, 'regulation': 0.55046237521363}",1.2958474625355,0.9999999992283034,Leerstelle / geringe Dichte,2025-11-11T17:10:00,0.35061654111982,0.20078382355319,0.46509536613752,0.46162753121129,0.29109521709683,0.13998202253088,0.55046237521363,2025-11-11
170,193,62,206,15,4,2025-11-11 17:10:00,-0.54097696955756,-0.071314178144498,-0.63338186560253,-0.40381119228908,0.11679823581008,-0.29383756162359,-0.19503793801951,-0.5589556235788,-0.073684210526316,-0.65443147411786,-0.41723132313496,0.12067987068566,-0.30360286431881,-0.20151976590866,"28,22,15,23",-0.05,0.4,4,affektiv,-0.65443147411786,-1,1.0332336762782,2.1259182412566,-0.53038153533625,1,0.31353952084083,Kollapsiv,"{'kognition': -0.54097696955756, 'sozial': -0.071314178144498, 'affektiv': -0.63338186560253, 'motivation': -0.40381119228908, 'methodik': 0.11679823581008, 'performanz': -0.29383756162359, 'regulation': -0.19503793801951}",1.0332336762782,0.9999999990321612,Leerstelle / geringe Dichte,2025-11-11T17:10:00,-0.54097696955756,-0.071314178144498,-0.63338186560253,-0.40381119228908,0.11679823581008,-0.29383756162359,-0.19503793801951,2025-11-11
43,237,74,247,5,4,2025-11-25 17:10:00,0.31500282011721,0.41066385668342,0.41099616221521,0.41362544953799,0.19873624308473,0.35526146761254,0.47583374900059,0.7020602532984,0.91526409552899,0.91600471907558,0.92186472414837,0.44293196203045,0.79178642224987,1.0605110209076,"5,1,6,10,23,4,9,8,14,13,7,26,11",0.80846153846154,0.58846153846154,13,regulation,1.0605110209076,1,2.2287427545003,0.62366098053018,0.089378249569903,1,0.60297984548292,Perturbativ,"{'kognition': 0.31500282011721, 'sozial': 0.41066385668342, 'affektiv': 0.41099616221521, 'motivation': 0.41362544953799, 'methodik': 0.19873624308473, 'performanz': 0.35526146761254, 'regulation': 0.47583374900059}",2.2287427545003,0.9999999995513182,Verdichtung / hohe Dichte,2025-11-25T17:10:00,0.31500282011721,0.41066385668342,0.41099616221521,0.41362544953799,0.19873624308473,0.35526146761254,0.47583374900059,2025-11-25
81,236,74,246,8,4,2025-11-25 17:10:00,0.43364675076207,0.28706193360306,0.27883587201111,0.36665920474301,0.64966648131219,0.28706193360306,0.11351842296071,0.30212765957447,0.2,0.19426878967287,0.25545651430748,0.45263157894737,0.2,0.079089847640809,22,-0.7,0.1,1,methodik,0.45263157894737,1,0.69671376208833,0.68923525402922,-0.47291333984374,1,0.58798135969073,Perturbativ,"{'kognition': 0.43364675076207, 'sozial': 0.28706193360306, 'affektiv': 0.27883587201111, 'motivation': 0.36665920474301, 'methodik': 0.64966648131219, 'performanz': 0.28706193360306, 'regulation': 0.11351842296071}",0.69671376208833,0.9999999985646887,Leerstelle / geringe Dichte,2025-11-25T17:10:00,0.43364675076207,0.28706193360306,0.27883587201111,0.36665920474301,0.64966648131219,0.28706193360306,0.11351842296071,2025-11-25
100,239,74,248,9,4,2025-11-25 17:10:00,0.33459699642215,0.30028251699695,0.17478336767029,0.37434052418444,0.32150549937757,-0.024183539863426,0.72335646436608,0.32805988537064,0.29441581711194,0.17136857824709,0.36702693319636,0.31522416040688,-0.023711059574015,0.70922405556401,"5,3,22,27,15,10",0.24166666666667,0.49166666666667,6,regulation,0.70922405556401,1,0.98046273141719,1.0497091013919,-0.70480881511784,1,0.47808448339187,Kollapsiv,"{'kognition': 0.33459699642215, 'sozial': 0.30028251699695, 'affektiv': 0.17478336767029, 'motivation': 0.37434052418444, 'methodik': 0.32150549937757, 'performanz': -0.024183539863426, 'regulation': 0.72335646436608}",0.98046273141719,0.9999999989800697,Leerstelle / geringe Dichte,2025-11-25T17:10:00,0.33459699642215,0.30028251699695,0.17478336767029,0.37434052418444,0.32150549937757,-0.024183539863426,0.72335646436608,2025-11-25
172,235,74,0,15,4,2025-11-25 17:10:00,0.066644272668964,0.026030034477352,0.49457065506968,0.49457065506968,0.58133743666086,0.35655093737582,0.20149174836172,0.080851063829787,0.031578947368421,0.6,0.6,0.70526315789474,0.43255813953488,0.24444444444444,,,,0,methodik,0.70526315789474,1,1.2131734735068,1.1871025078587,0.25342034482905,1,0.44460911386344,Kollapsiv,"{'kognition': 0.066644272668964, 'sozial': 0.026030034477352, 'affektiv': 0.49457065506968, 'motivation': 0.49457065506968, 'methodik': 0.58133743666086, 'performanz': 0.35655093737582, 'regulation': 0.20149174836172}",1.2131734735068,0.999999999175715,Leerstelle / geringe Dichte,2025-11-25T17:10:00,0.066644272668964,0.026030034477352,0.49457065506968,0.49457065506968,0.58133743666086,0.35655093737582,0.20149174836172,2025-11-25
276,238,74,0,22,4,2025-11-25 17:10:00,0.30123216341798,0.35314809170904,0.41892110012798,0.38611267187842,0.48902826390214,0.32845137175583,0.33606365178311,0.61852862492969,0.72512908675773,0.86018268791787,0.79281620294146,1.0041357343486,0.67441860465116,0.69004911715828,"23,13,7,2",0.7825,0.525,4,methodik,1.0041357343486,1,2.0533286273624,0.50452927793955,0.2458200470567,0,0.65816842917464,Perturbativ,"{'kognition': 0.30123216341798, 'sozial': 0.35314809170904, 'affektiv': 0.41892110012798, 'motivation': 0.38611267187842, 'methodik': 0.48902826390214, 'performanz': 0.32845137175583, 'regulation': 0.33606365178311}",2.0533286273624,0.9999999995129848,mittlere Dichte,2025-11-25T17:10:00,0.30123216341798,0.35314809170904,0.41892110012798,0.38611267187842,0.48902826390214,0.32845137175583,0.33606365178311,2025-11-25
323,234,74,245,45,4,2025-11-25 17:10:00,0.3697808637724,0.39136161206839,0.39164873061504,0.31020028778598,0.2494888002737,0.40051844169751,0.48767363047691,0.62266070225159,0.65899974844238,0.65948321704068,0.52233511237171,0.42010522123163,0.67441860465116,0.82117609365864,"5,27,9,12,2,11",0.71666666666667,0.49166666666667,6,regulation,0.82117609365864,1,1.683864047289,0.0,0.0,0,0.98649943661454,Homöostatisch (resilient),"{'kognition': 0.3697808637724, 'sozial': 0.39136161206839, 'affektiv': 0.39164873061504, 'motivation': 0.31020028778598, 'methodik': 0.2494888002737, 'performanz': 0.40051844169751, 'regulation': 0.48767363047691}",1.683864047289,0.9999999994061249,Leerstelle / geringe Dichte,2025-11-25T17:10:00,0.3697808637724,0.39136161206839,0.39164873061504,0.31020028778598,0.2494888002737,0.40051844169751,0.48767363047691,2025-11-25
45,260,80,263,5,4,2025-12-02 17:10:00,0.095830460175177,0.34865358697156,0.47288279484473,0.46446565938759,0.25907093557407,0.42917983074959,0.42260813426692,0.22444739525597,0.8165920240743,1.1075529781475,1.0878389527174,0.6067778091625,1.0051949550494,0.98980318759616,"5,3,28,27,1,6,23,4,9,8,14,13,7,12,2",0.776,0.52666666666667,15,affektiv,1.1075529781475,1,2.34212999447,0.55419121815466,0.091033388407227,1,0.60892473218927,Perturbativ,"{'kognition': 0.095830460175177, 'sozial': 0.34865358697156, 'affektiv': 0.47288279484473, 'motivation': 0.46446565938759, 'methodik': 0.25907093557407, 'performanz': 0.42917983074959, 'regulation': 0.42260813426692}",2.34212999447,0.9999999995730354,Verdichtung / hohe Dichte,2025-12-02T17:10:00,0.095830460175177,0.34865358697156,0.47288279484473,0.46446565938759,0.25907093557407,0.42917983074959,0.42260813426692,2025-12-02
82,262,80,265,8,4,2025-12-02 17:10:00,0.42689808165479,0.23676099526393,0.44869279204623,0.41850260066003,0.39428781825884,0.30982732156196,0.36575505004796,0.7369938623306,0.40874252625454,0.7746200979124,0.72249996266146,0.68069573168864,0.53488372093023,0.63143696021512,"3,23,8,2",0.7975,0.475,4,affektiv,0.7746200979124,1,1.7263930047352,1.121100788186,1.0296792426469,1,0.4682810770441,Kollapsiv,"{'kognition': 0.42689808165479, 'sozial': 0.23676099526393, 'affektiv': 0.44869279204623, 'motivation': 0.41850260066003, 'methodik': 0.39428781825884, 'performanz': 0.30982732156196, 'regulation': 0.36575505004796}",1.7263930047352,0.9999999994207582,Leerstelle / geringe Dichte,2025-12-02T17:10:00,0.42689808165479,0.23676099526393,0.44869279204623,0.41850260066003,0.39428781825884,0.30982732156196,0.36575505004796,2025-12-02
102,261,80,264,9,4,2025-12-02 17:10:00,0.40866515479133,0.45329661637033,0.31377052739763,0.35648373221188,0.40096511238712,0.34554137761917,0.34901362056885,0.62375123309637,0.69187284529747,0.47891226124602,0.54410601182646,0.61199855272172,0.5274045458704,0.5327042779275,"17,5,28,22,27,1,15,6,23,4,21",0.16818181818182,0.51363636363636,11,sozial,0.69187284529747,1,1.5263137201071,0.70874849685372,-0.55828063908291,1,0.58368077646837,Perturbativ,"{'kognition': 0.40866515479133, 'sozial': 0.45329661637033, 'affektiv': 0.31377052739763, 'motivation': 0.35648373221188, 'methodik': 0.40096511238712, 'performanz': 0.34554137761917, 'regulation': 0.34901362056885}",1.5263137201071,0.9999999993448283,Leerstelle / geringe Dichte,2025-12-02T17:10:00,0.40866515479133,0.45329661637033,0.31377052739763,0.35648373221188,0.40096511238712,0.34554137761917,0.34901362056885,2025-12-02
324,263,80,266,45,4,2025-12-02 17:10:00,0.14731901149922,0.39869814077478,0.42395989350336,0.44605215870659,0.49026782828707,0.14984780183573,0.42168172066975,0.26978759166932,0.73014209169625,0.77640433144815,0.81686223951475,0.89783508130054,0.27441860465116,0.77223227818814,"5,23,9,14,26",0.75,0.57,5,methodik,0.89783508130054,1,1.83131551574,0.78779360054989,0.14745146845103,1,0.54151220316556,Perturbativ,"{'kognition': 0.14731901149922, 'sozial': 0.39869814077478, 'affektiv': 0.42395989350336, 'motivation': 0.44605215870659, 'methodik': 0.49026782828707, 'performanz': 0.14984780183573, 'regulation': 0.42168172066975}",1.83131551574,0.999999999453942,mittlere Dichte,2025-12-02T17:10:00,0.14731901149922,0.39869814077478,0.42395989350336,0.44605215870659,0.49026782828707,0.14984780183573,0.42168172066975,2025-12-02
84,290,88,287,8,4,2025-12-09 17:10:00,0.28315213369078,0.36723948713844,0.46656207653589,0.43403167980025,0.38600986064474,0.27042458576285,0.39593343822463,0.42369609191199,0.54952061800899,0.69814246456811,0.64946544495474,0.57760775899107,0.4046511627907,0.59245695325134,"27,14",0.575,0.5,2,affektiv,0.69814246456811,1,1.4963549315561,0.47598960347647,-0.41058661584818,0,0.67287541727366,Transformativ,"{'kognition': 0.28315213369078, 'sozial': 0.36723948713844, 'affektiv': 0.46656207653589, 'motivation': 0.43403167980025, 'methodik': 0.38600986064474, 'performanz': 0.27042458576285, 'regulation': 0.39593343822463}",1.4963549315561,0.9999999993317059,Leerstelle / geringe Dichte,2025-12-09T17:10:00,0.28315213369078,0.36723948713844,0.46656207653589,0.43403167980025,0.38600986064474,0.27042458576285,0.39593343822463,2025-12-09
104,291,88,288,9,4,2025-12-09 17:10:00,0.25784040862665,0.31412764231088,0.45805565168519,0.46643979713265,0.31770111928892,0.34973369699383,0.42920091150195,0.43663040708525,0.53194796374035,0.77567758571389,0.78987541009404,0.53799933759576,0.59224373442162,0.72681458158023,"5,28,27,1,6,23,18",0.54285714285714,0.46428571428571,7,motivation,0.78987541009404,1,1.6934134147283,0.65448101260415,-0.56569568911508,1,0.59857876712962,Perturbativ,"{'kognition': 0.25784040862665, 'sozial': 0.31412764231088, 'affektiv': 0.45805565168519, 'motivation': 0.46643979713265, 'methodik': 0.31770111928892, 'performanz': 0.34973369699383, 'regulation': 0.42920091150195}",1.6934134147283,0.9999999994094756,Leerstelle / geringe Dichte,2025-12-09T17:10:00,0.25784040862665,0.31412764231088,0.45805565168519,0.46643979713265,0.31770111928892,0.34973369699383,0.42920091150195,2025-12-09
325,292,88,289,45,4,2025-12-09 17:10:00,0.29078225061367,0.48960531828265,0.37046187132888,0.35515812756017,0.34179668054589,0.33047835940688,0.4316388577493,0.6,1.0102514522452,0.76441090310098,0.73283316325665,0.70526315789474,0.68190893778991,0.89064347670128,"3,6,4,8,2",0.828,0.51,5,sozial,1.0102514522452,1,2.0633996691441,0.64176299806243,0.23208415340409,1,0.60309073871148,Perturbativ,"{'kognition': 0.29078225061367, 'sozial': 0.48960531828265, 'affektiv': 0.37046187132888, 'motivation': 0.35515812756017, 'methodik': 0.34179668054589, 'performanz': 0.33047835940688, 'regulation': 0.4316388577493}",2.0633996691441,0.9999999995153602,mittlere Dichte,2025-12-09T17:10:00,0.29078225061367,0.48960531828265,0.37046187132888,0.35515812756017,0.34179668054589,0.33047835940688,0.4316388577493,2025-12-09
326,293,88,0,47,4,2025-12-09 17:10:00,0.2285251144774,0.40475001410755,0.47680317594406,0.4542091063177,0.44809152402315,0.27478475417159,0.27205484946979,0.40296951028881,0.71371549401603,0.84077035801388,0.80092913008764,0.79014169804971,0.48454139527105,0.47972762080546,"5,28,6,4,8,14,13,25,2",0.62777777777778,0.50555555555556,9,affektiv,0.84077035801388,1,1.7633489036066,0.0,0.0,0,0.97221306114246,Homöostatisch (resilient),"{'kognition': 0.2285251144774, 'sozial': 0.40475001410755, 'affektiv': 0.47680317594406, 'motivation': 0.4542091063177, 'methodik': 0.44809152402315, 'performanz': 0.27478475417159, 'regulation': 0.27205484946979}",1.7633489036066,0.9999999994328985,mittlere Dichte,2025-12-09T17:10:00,0.2285251144774,0.40475001410755,0.47680317594406,0.4542091063177,0.44809152402315,0.27478475417159,0.27205484946979,2025-12-09
86,342,103,327,8,4,2026-02-03 17:10:00,0.27234700918136,0.28782874563101,0.36539913453225,0.44258906939615,0.59035610508927,0.21262316941257,0.34619526802911,0.41276595744681,0.43622989702812,0.55379467565588,0.67078284257252,0.89473684210526,0.32224920097989,0.52468951908495,"22,1,6,14",0.45,0.4,4,methodik,0.89473684210526,1,1.515588360655,0.29805835168107,0.027158852958597,0,0.75236698472821,Koordinativ,"{'kognition': 0.27234700918136, 'sozial': 0.28782874563101, 'affektiv': 0.36539913453225, 'motivation': 0.44258906939615, 'methodik': 0.59035610508927, 'performanz': 0.21262316941257, 'regulation': 0.34619526802911}",1.515588360655,0.9999999993401933,Leerstelle / geringe Dichte,2026-02-03T17:10:00,0.27234700918136,0.28782874563101,0.36539913453225,0.44258906939615,0.59035610508927,0.21262316941257,0.34619526802911,2026-02-03
106,339,103,325,9,4,2026-02-03 17:10:00,0.32929865495647,0.48642841046223,0.39756480234173,0.38794782328107,0.26779025355415,0.30098320382555,0.42905244636519,0.61329758018719,0.90594165077967,0.74043889209331,0.72252788669489,0.49874213584076,0.56056187234534,0.79908260531448,"5,3,28,27,1,15,6,13,7,26,12,2,11",0.63461538461538,0.51538461538462,13,sozial,0.90594165077967,1,1.8624357270423,0.38207896142188,-0.20326913437686,1,0.71458571500539,Transformativ,"{'kognition': 0.32929865495647, 'sozial': 0.48642841046223, 'affektiv': 0.39756480234173, 'motivation': 0.38794782328107, 'methodik': 0.26779025355415, 'performanz': 0.30098320382555, 'regulation': 0.42905244636519}",1.8624357270423,0.999999999463067,mittlere Dichte,2026-02-03T17:10:00,0.32929865495647,0.48642841046223,0.39756480234173,0.38794782328107,0.26779025355415,0.30098320382555,0.42905244636519,2026-02-03
304,340,103,326,24,4,2026-02-03 17:10:00,0.35743624486717,0.34814114635782,0.40805587685657,0.35644332630836,0.52200637944882,0.35364935288188,0.24477970385933,0.61601953450191,0.6,0.70325937820146,0.61430830001693,0.89964610890144,0.60949305748262,0.42186286755271,"28,10,2",0.72666666666667,0.48333333333333,3,methodik,0.89964610890144,1,1.7234389153047,0.6976825952374,-0.51643975335609,1,0.58301696411415,Perturbativ,"{'kognition': 0.35743624486717, 'sozial': 0.34814114635782, 'affektiv': 0.40805587685657, 'motivation': 0.35644332630836, 'methodik': 0.52200637944882, 'performanz': 0.35364935288188, 'regulation': 0.24477970385933}",1.7234389153047,0.9999999994197659,Leerstelle / geringe Dichte,2026-02-03T17:10:00,0.35743624486717,0.34814114635782,0.40805587685657,0.35644332630836,0.52200637944882,0.35364935288188,0.24477970385933,2026-02-03
312,341,103,0,42,4,2026-02-03 17:10:00,0.16099651501494,0.38636634200364,0.50937060547629,0.47383565564787,0.38042224443436,0.21799632248291,0.38545952813144,0.28510638297872,0.68421052631579,0.90203698452449,0.83910865956062,0.67368421052632,0.38604651162791,0.68260466284034,13,0.88,0.65,1,affektiv,0.90203698452449,1,1.7708854306025,0.32693928790815,-0.1336154796025,1,0.72976544262496,Transformativ,"{'kognition': 0.16099651501494, 'sozial': 0.38636634200364, 'affektiv': 0.50937060547629, 'motivation': 0.47383565564787, 'methodik': 0.38042224443436, 'performanz': 0.21799632248291, 'regulation': 0.38545952813144}",1.7708854306025,0.9999999994353099,mittlere Dichte,2026-02-03T17:10:00,0.16099651501494,0.38636634200364,0.50937060547629,0.47383565564787,0.38042224443436,0.21799632248291,0.38545952813144,2026-02-03
47,11,4,24,6,5,2025-09-10 15:35:00,0.35050430717488,0.27447178173455,0.44262260977153,0.46000390599727,0.34472765776455,0.35551073666383,0.38609397874719,0.61834361980875,0.48421052631579,0.78085450344771,0.81151778890579,0.608152719915,0.62717573304999,0.68112928576877,"3,28,1",0.80666666666667,0.48333333333333,3,motivation,0.81151778890579,1,1.7641541253578,0.0,0.0,0,0.98948291900247,Homöostatisch (resilient),"{'kognition': 0.35050430717488, 'sozial': 0.27447178173455, 'affektiv': 0.44262260977153, 'motivation': 0.46000390599727, 'methodik': 0.34472765776455, 'performanz': 0.35551073666383, 'regulation': 0.38609397874719}",1.7641541253578,0.9999999994331569,mittlere Dichte,2025-09-10T15:35:00,0.35050430717488,0.27447178173455,0.44262260977153,0.46000390599727,0.34472765776455,0.35551073666383,0.38609397874719,2025-09-10
129,10,4,25,11,5,2025-09-10 15:35:00,0.2892269379607,0.34504266283031,0.44116381603868,0.46302797990334,0.34504266283031,0.29671151710622,0.42565332362039,0.6,0.71578947368421,0.91519237969174,0.96054949065551,0.71578947368421,0.61552672624126,0.88301593196322,"1,13,2",0.82666666666667,0.51666666666667,3,motivation,0.96054949065551,1,2.0744955637303,0.0,0.0,0,0.98193710685818,Homöostatisch (resilient),"{'kognition': 0.2892269379607, 'sozial': 0.34504266283031, 'affektiv': 0.44116381603868, 'motivation': 0.46302797990334, 'methodik': 0.34504266283031, 'performanz': 0.29671151710622, 'regulation': 0.42565332362039}",2.0744955637303,0.9999999995179608,mittlere Dichte,2025-09-10T15:35:00,0.2892269379607,0.34504266283031,0.44116381603868,0.46302797990334,0.34504266283031,0.29671151710622,0.42565332362039,2025-09-10
2,38,12,39,2,5,2025-09-17 15:35:00,0.43555778950824,0.34483544692838,0.3700322377118,0.34981180861588,0.30687938500536,0.43392696586169,0.38680511713402,1.0093783456904,0.79913490549427,0.85752691594687,0.81066731714821,0.71117407018001,1.0055990123525,0.89639703075476,"3,28,1,23,4,8,13",0.81714285714286,0.56428571428571,7,kognition,1.0093783456904,1,2.3174383963938,1.4243705867246,1.212251641424,1,0.41072514107117,Kollapsiv,"{'kognition': 0.43555778950824, 'sozial': 0.34483544692838, 'affektiv': 0.3700322377118, 'motivation': 0.34981180861588, 'methodik': 0.30687938500536, 'performanz': 0.43392696586169, 'regulation': 0.38680511713402}",2.3174383963938,0.9999999995684891,Verdichtung / hohe Dichte,2025-09-17T15:35:00,0.43555778950824,0.34483544692838,0.3700322377118,0.34981180861588,0.30687938500536,0.43392696586169,0.38680511713402,2025-09-17
109,37,12,38,10,5,2025-09-17 15:35:00,0.30141006206097,0.43520377711741,0.44719627845624,0.44563287133999,0.38077961171702,0.2860979524475,0.30713405450477,0.70360794884257,1.015934354853,1.0439295027615,1.0402799043813,0.88888725123943,0.66786354812842,0.71696996653712,"28,22,6,23,18,9,8,14,26,25,12,24,2,11,20",0.31133333333333,0.49,15,affektiv,1.0439295027615,1,2.3343877232567,1.0561950022539,0.87706134517668,1,0.48056437934689,Kollapsiv,"{'kognition': 0.30141006206097, 'sozial': 0.43520377711741, 'affektiv': 0.44719627845624, 'motivation': 0.44563287133999, 'methodik': 0.38077961171702, 'performanz': 0.2860979524475, 'regulation': 0.30713405450477}",2.3343877232567,0.9999999995716243,Verdichtung / hohe Dichte,2025-09-17T15:35:00,0.30141006206097,0.43520377711741,0.44719627845624,0.44563287133999,0.38077961171702,0.2860979524475,0.30713405450477,2025-09-17
28,63,21,59,4,5,2025-09-24 15:35:00,0.12009639900134,0.34755378683219,0.59364614279505,0.53905401291557,0.18435207215135,0.26994587989377,0.33901590319356,0.18287406920635,0.52922965046913,0.90396120703316,0.8208322787662,0.28071793893307,0.41105396941262,0.51622878169712,"5,3,28,1,6",0.814,0.47,5,affektiv,0.90396120703316,1,1.5227273307688,1.1062146984206,0.7155410537042,1,0.46161036599405,Kollapsiv,"{'kognition': 0.12009639900134, 'sozial': 0.34755378683219, 'affektiv': 0.59364614279505, 'motivation': 0.53905401291557, 'methodik': 0.18435207215135, 'performanz': 0.26994587989377, 'regulation': 0.33901590319356}",1.5227273307688,0.9999999993432842,Leerstelle / geringe Dichte,2025-09-24T15:35:00,0.12009639900134,0.34755378683219,0.59364614279505,0.53905401291557,0.18435207215135,0.26994587989377,0.33901590319356,2025-09-24
49,62,21,58,6,5,2025-09-24 15:35:00,0.33939594667728,0.33199194251172,0.43334910323988,0.44067541106543,0.33528261102974,0.34296083757181,0.40319835294346,0.61338105517178,0.6,0.78318003737321,0.79642067406479,0.6059471356319,0.61982378543968,0.7286894071459,"3,28,1,4",0.8175,0.55,4,motivation,0.79642067406479,1,1.8072727763471,0.81138740914563,0.714167780659,1,0.55004623248929,Kollapsiv,"{'kognition': 0.33939594667728, 'sozial': 0.33199194251172, 'affektiv': 0.43334910323988, 'motivation': 0.44067541106543, 'methodik': 0.33528261102974, 'performanz': 0.34296083757181, 'regulation': 0.40319835294346}",1.8072727763471,0.9999999994466813,mittlere Dichte,2025-09-24T15:35:00,0.33939594667728,0.33199194251172,0.43334910323988,0.44067541106543,0.33528261102974,0.34296083757181,0.40319835294346,2025-09-24
111,61,21,0,10,5,2025-09-24 15:35:00,0.38792267980461,0.38827428302954,0.34381476191567,0.35501325758494,0.38614621219878,0.38627468917892,0.3952202406159,1.0067171089166,1.0076295716328,0.89225049510619,0.9213122586258,1.0021069109948,1.0024403278863,1.0256553656996,"28,22,27,1,6,10,23,18,4,8,14,13,26,25,12,24,2,20",0.38888888888889,0.53333333333333,18,regulation,1.0256553656996,1,2.5951488813072,0.37885173050971,0.23150615929634,1,0.72406354791012,Transformativ,"{'kognition': 0.38792267980461, 'sozial': 0.38827428302954, 'affektiv': 0.34381476191567, 'motivation': 0.35501325758494, 'methodik': 0.38614621219878, 'performanz': 0.38627468917892, 'regulation': 0.3952202406159}",2.5951488813072,0.9999999996146597,Verdichtung / hohe Dichte,2025-09-24T15:35:00,0.38792267980461,0.38827428302954,0.34381476191567,0.35501325758494,0.38614621219878,0.38627468917892,0.3952202406159,2025-09-24
5,92,30,88,2,5,2025-10-01 15:35:00,0.38386425677493,0.34204622040471,0.40494010574876,0.40282192689542,0.33433193602923,0.37583398241635,0.3954511281104,0.82184377948443,0.73231240881224,0.8669666453694,0.862431677386,0.71579631877451,0.8046511627907,0.84665098141238,"23,4,9,8,2",0.784,0.57,5,affektiv,0.8669666453694,1,2.1409750050847,0.90314254642936,0.66389275292509,1,0.52456616383637,Kollapsiv,"{'kognition': 0.38386425677493, 'sozial': 0.34204622040471, 'affektiv': 0.40494010574876, 'motivation': 0.40282192689542, 'methodik': 0.33433193602923, 'performanz': 0.37583398241635, 'regulation': 0.3954511281104}",2.1409750050847,0.9999999995329236,Verdichtung / hohe Dichte,2025-10-01T15:35:00,0.38386425677493,0.34204622040471,0.40494010574876,0.40282192689542,0.33433193602923,0.37583398241635,0.3954511281104,2025-10-01
50,90,30,86,6,5,2025-10-01 15:35:00,0.33853126173871,0.32863339785309,0.42621900401434,0.44276432216389,0.33303244846892,0.34329689990587,0.41343731805833,0.61807095191838,0.6,0.77816620002489,0.80837369249091,0.60803153418595,0.62677178061982,0.75483013125128,"3,28,1",0.80666666666667,0.48333333333333,3,motivation,0.80837369249091,1,1.8257426165176,0.030429675598887,0.018469840170522,0,0.96381506800696,Homöostatisch (resilient),"{'kognition': 0.33853126173871, 'sozial': 0.32863339785309, 'affektiv': 0.42621900401434, 'motivation': 0.44276432216389, 'methodik': 0.33303244846892, 'performanz': 0.34329689990587, 'regulation': 0.41343731805833}",1.8257426165176,0.9999999994522724,mittlere Dichte,2025-10-01T15:35:00,0.33853126173871,0.32863339785309,0.42621900401434,0.44276432216389,0.33303244846892,0.34329689990587,0.41343731805833,2025-10-01
113,93,30,0,10,5,2025-10-01 15:35:00,0.3863959159324,0.38284798087875,0.39655305371496,0.3962792157257,0.3831450824843,0.38223696059565,0.31133395160264,1.0126032051131,1.003305357339,1.039221370185,1.0385037403805,1.0040839526233,1.0017040953392,0.81589308855044,"3,28,22,27,1,10,23,18,9,14,16,26,25,2",0.33214285714286,0.53214285714286,14,affektiv,1.039221370185,1,2.6206364067881,0.22185171584639,0.08118636548463,1,0.81499183945212,Koordinativ,"{'kognition': 0.3863959159324, 'sozial': 0.38284798087875, 'affektiv': 0.39655305371496, 'motivation': 0.3962792157257, 'methodik': 0.3831450824843, 'performanz': 0.38223696059565, 'regulation': 0.31133395160264}",2.6206364067881,0.9999999996184132,Verdichtung / hohe Dichte,2025-10-01T15:35:00,0.3863959159324,0.38284798087875,0.39655305371496,0.3962792157257,0.3831450824843,0.38223696059565,0.31133395160264,2025-10-01
131,91,30,87,11,5,2025-10-01 15:35:00,0.38342803184661,0.24753371109672,0.48989400353953,0.43753270438351,0.34350351985348,0.34660351690873,0.34950012460146,0.78723404255319,0.50822305066319,1.0058243132919,0.89831887867515,0.70526315789474,0.71162790697674,0.71757506783677,"4,14,13,2",0.795,0.525,4,affektiv,1.0058243132919,1,2.0531468144841,0.54553602046677,0.38481461012049,1,0.63812981938249,Perturbativ,"{'kognition': 0.38342803184661, 'sozial': 0.24753371109672, 'affektiv': 0.48989400353953, 'motivation': 0.43753270438351, 'methodik': 0.34350351985348, 'performanz': 0.34660351690873, 'regulation': 0.34950012460146}",2.0531468144841,0.9999999995129414,mittlere Dichte,2025-10-01T15:35:00,0.38342803184661,0.24753371109672,0.48989400353953,0.43753270438351,0.34350351985348,0.34660351690873,0.34950012460146,2025-10-01
51,116,39,112,6,5,2025-10-22 15:35:00,0.22169187660448,0.54839569475846,0.24261287385448,0.23057714376106,0.66507562981345,0.22169187660448,0.21590545220522,0.2,0.49473684210526,0.21887394122909,0.20801587075961,0.6,0.2,0.1947797596485,16,-0.9,0.85,1,methodik,0.6,1,0.90215303709628,1.164025805177,-0.92358957942132,1,0.45685409738505,Kollapsiv,"{'kognition': 0.22169187660448, 'sozial': 0.54839569475846, 'affektiv': 0.24261287385448, 'motivation': 0.23057714376106, 'methodik': 0.66507562981345, 'performanz': 0.22169187660448, 'regulation': 0.21590545220522}",0.90215303709628,0.999999998891541,Leerstelle / geringe Dichte,2025-10-22T15:35:00,0.22169187660448,0.54839569475846,0.24261287385448,0.23057714376106,0.66507562981345,0.22169187660448,0.21590545220522,2025-10-22
7,141,47,135,2,5,2025-10-29 15:35:00,0.37118976157013,0.367963387088,0.39428188626985,0.39096580116541,0.28019170578748,0.38293864121367,0.43972633227979,0.80701455545927,0.8,0.85721982154829,0.85001022359198,0.60917301148872,0.83255813953488,0.9560219254632,"23,13,2",0.77666666666667,0.51666666666667,3,regulation,0.9560219254632,1,2.1741293501049,0.27194727531565,0.086609728346756,1,0.7804241832462,Koordinativ,"{'kognition': 0.37118976157013, 'sozial': 0.367963387088, 'affektiv': 0.39428188626985, 'motivation': 0.39096580116541, 'methodik': 0.28019170578748, 'performanz': 0.38293864121367, 'regulation': 0.43972633227979}",2.1741293501049,0.9999999995400456,Verdichtung / hohe Dichte,2025-10-29T15:35:00,0.37118976157013,0.367963387088,0.39428188626985,0.39096580116541,0.28019170578748,0.38293864121367,0.43972633227979,2025-10-29
53,145,47,139,6,5,2025-10-29 15:35:00,0.30288760126896,0.4959812536717,0.12692855233306,0.24230926258327,0.5255698039205,0.31319665433526,0.46165062091144,0.30212765957447,0.49473684210526,0.12661008997694,0.24170131128112,0.52425115500357,0.31241084733885,0.46049234452889,"17,18,24",-0.63333333333333,0.63333333333333,3,methodik,0.52425115500357,1,0.99749100988555,0.92827120669633,-0.69329586289332,1,0.51369609680915,Kollapsiv,"{'kognition': 0.30288760126896, 'sozial': 0.4959812536717, 'affektiv': 0.12692855233306, 'motivation': 0.24230926258327, 'methodik': 0.5255698039205, 'performanz': 0.31319665433526, 'regulation': 0.46165062091144}",0.99749100988555,0.9999999989974907,Leerstelle / geringe Dichte,2025-10-29T15:35:00,0.30288760126896,0.4959812536717,0.12692855233306,0.24230926258327,0.5255698039205,0.31319665433526,0.46165062091144,2025-10-29
116,143,47,0,10,5,2025-10-29 15:35:00,0.32048323644252,0.40176387776716,0.41795914518024,0.41647003896682,0.39833107051735,0.35028423677509,0.32614789929849,0.80666794852763,1.0112542754762,1.0520183518909,1.048270217456,1.0026137749226,0.88167814896494,0.82092611071998,"5,3,28,22,27,1,6,10,23,18,4,9,19,8,14,13,7,26,25,12,24,2,20",0.41608695652174,0.52173913043478,23,affektiv,1.0520183518909,1,2.5170363266468,0.10171944389397,-0.035484182425855,1,0.89969755914742,Adaptiv,"{'kognition': 0.32048323644252, 'sozial': 0.40176387776716, 'affektiv': 0.41795914518024, 'motivation': 0.41647003896682, 'methodik': 0.39833107051735, 'performanz': 0.35028423677509, 'regulation': 0.32614789929849}",2.5170363266468,0.9999999996027114,Verdichtung / hohe Dichte,2025-10-29T15:35:00,0.32048323644252,0.40176387776716,0.41795914518024,0.41647003896682,0.39833107051735,0.35028423677509,0.32614789929849,2025-10-29
132,144,47,138,11,5,2025-10-29 15:35:00,0.38492001207956,0.34623858971823,0.43432762286978,0.38267656490638,0.50713780851485,0.30215355998085,0.21997284763204,0.46809220244743,0.42105263157895,0.52817563959457,0.46536399893654,0.61671839936192,0.36744186046512,0.2675038228603,"9,24",0.175,0.75,2,methodik,0.61671839936192,1,1.2160765545382,0.92407614073481,-0.83707025994589,1,0.5168368280889,Kollapsiv,"{'kognition': 0.38492001207956, 'sozial': 0.34623858971823, 'affektiv': 0.43432762286978, 'motivation': 0.38267656490638, 'methodik': 0.50713780851485, 'performanz': 0.30215355998085, 'regulation': 0.21997284763204}",1.2160765545382,0.9999999991776762,Leerstelle / geringe Dichte,2025-10-29T15:35:00,0.38492001207956,0.34623858971823,0.43432762286978,0.38267656490638,0.50713780851485,0.30215355998085,0.21997284763204,2025-10-29
10,198,63,211,2,5,2025-11-12 15:35:00,0.39314328546576,0.37840758634148,0.40712557096336,0.366055032568,0.38311092092437,0.29428949811257,0.41123989439387,0.70212765957447,0.67581068476955,0.7270990879439,0.65374984845012,0.68421052631579,0.52558139534884,0.73444699489741,5,0.8,0.4,1,regulation,0.73444699489741,1,1.7859332338578,0.41725858780388,-0.058995762129646,1,0.70347599548472,Transformativ,"{'kognition': 0.39314328546576, 'sozial': 0.37840758634148, 'affektiv': 0.40712557096336, 'motivation': 0.366055032568, 'methodik': 0.38311092092437, 'performanz': 0.29428949811257, 'regulation': 0.41123989439387}",1.7859332338578,0.9999999994400733,mittlere Dichte,2025-11-12T15:35:00,0.39314328546576,0.37840758634148,0.40712557096336,0.366055032568,0.38311092092437,0.29428949811257,0.41123989439387,2025-11-12
55,197,63,210,6,5,2025-11-12 15:35:00,0.34191732543817,0.34706376218424,0.44002219931373,0.4277569354706,0.33945491551183,0.34240980742344,0.39187962284374,0.60699429323617,0.61613058877591,0.78115656624997,0.75938245711913,0.60262285996356,0.60786857989069,0.6956906743373,"3,27,1,10,8,13",0.8,0.60833333333333,6,affektiv,0.78115656624997,1,1.7752662639027,0.046673823357659,0.00554803690476,0,0.9507077870145,Homöostatisch (resilient),"{'kognition': 0.34191732543817, 'sozial': 0.34706376218424, 'affektiv': 0.44002219931373, 'motivation': 0.4277569354706, 'methodik': 0.33945491551183, 'performanz': 0.34240980742344, 'regulation': 0.39187962284374}",1.7752662639027,0.999999999436707,mittlere Dichte,2025-11-12T15:35:00,0.34191732543817,0.34706376218424,0.44002219931373,0.4277569354706,0.33945491551183,0.34240980742344,0.39187962284374,2025-11-12
120,199,63,0,10,5,2025-11-12 15:35:00,0.33870804218607,0.37704235762985,0.42850884763755,0.43235771233487,0.42060143633758,0.33876120602907,0.28442604485746,0.80689776175216,0.89822087628539,1.0208285218684,1.02999759943,1.0019908455085,0.80702441296967,0.67758278633793,"28,22,27,1,15,6,10,23,18,14,13,16,26,25,24,2,20",0.16235294117647,0.54411764705882,17,motivation,1.02999759943,1,2.3822810825678,0.35138108694705,-0.24313455013141,1,0.73161436643378,Transformativ,"{'kognition': 0.33870804218607, 'sozial': 0.37704235762985, 'affektiv': 0.42850884763755, 'motivation': 0.43235771233487, 'methodik': 0.42060143633758, 'performanz': 0.33876120602907, 'regulation': 0.28442604485746}",2.3822810825678,0.9999999995802313,Verdichtung / hohe Dichte,2025-11-12T15:35:00,0.33870804218607,0.37704235762985,0.42850884763755,0.43235771233487,0.42060143633758,0.33876120602907,0.28442604485746,2025-11-12
13,241,75,250,2,5,2025-11-26 15:35:00,0.41675759138851,0.36547888128292,0.40766822804976,0.40016639438234,0.2762291565184,0.35526648577138,0.40483940796521,0.88936170212766,0.77993281146132,0.86996497890715,0.85395604782251,0.58947368421053,0.75813953488372,0.86392827004474,8,0.82,0.5,1,kognition,0.88936170212766,1,2.1340024035263,0.22668114377238,-0.089896307105816,1,0.80895678947161,Koordinativ,"{'kognition': 0.41675759138851, 'sozial': 0.36547888128292, 'affektiv': 0.40766822804976, 'motivation': 0.40016639438234, 'methodik': 0.2762291565184, 'performanz': 0.35526648577138, 'regulation': 0.40483940796521}",2.1340024035263,0.9999999995313975,Verdichtung / hohe Dichte,2025-11-26T15:35:00,0.41675759138851,0.36547888128292,0.40766822804976,0.40016639438234,0.2762291565184,0.35526648577138,0.40483940796521,2025-11-26
57,242,75,251,6,5,2025-11-26 15:35:00,0.46334588239007,0.38205713109357,0.29460348922111,0.32593600382837,0.32515500518602,0.40587662565952,0.41935168200579,0.6,0.49473684210526,0.38149058888983,0.42206396933595,0.42105263157895,0.52558139534884,0.54303063600262,"3,18",0.21,0.35,2,kognition,0.6,1,1.294928955539,0.60624027438278,-0.49367650476306,1,0.62052482751902,Perturbativ,"{'kognition': 0.46334588239007, 'sozial': 0.38205713109357, 'affektiv': 0.29460348922111, 'motivation': 0.32593600382837, 'methodik': 0.32515500518602, 'performanz': 0.40587662565952, 'regulation': 0.41935168200579}",1.294928955539,0.9999999992277528,Leerstelle / geringe Dichte,2025-11-26T15:35:00,0.46334588239007,0.38205713109357,0.29460348922111,0.32593600382837,0.32515500518602,0.40587662565952,0.41935168200579,2025-11-26
122,240,75,249,10,5,2025-11-26 15:35:00,0.30516845330808,0.42813605388928,0.38828849777531,0.40737013290877,0.42399966812306,0.32695858928644,0.34666368897256,0.72122447171484,1.0118418071761,0.91766748379537,0.96276435429231,1.0020660174222,0.77272251857791,0.81929286343876,"28,22,27,1,6,18,8,14,16,26,25,24,2,11",0.23571428571429,0.50714285714286,14,sozial,1.0118418071761,1,2.3633650975108,0.43908986817637,-0.32411252526852,1,0.68936582140056,Transformativ,"{'kognition': 0.30516845330808, 'sozial': 0.42813605388928, 'affektiv': 0.38828849777531, 'motivation': 0.40737013290877, 'methodik': 0.42399966812306, 'performanz': 0.32695858928644, 'regulation': 0.34666368897256}",2.3633650975108,0.9999999995768769,Verdichtung / hohe Dichte,2025-11-26T15:35:00,0.30516845330808,0.42813605388928,0.38828849777531,0.40737013290877,0.42399966812306,0.32695858928644,0.34666368897256,2025-11-26
134,243,75,252,11,5,2025-11-26 15:35:00,0.31775801311181,0.36989787284842,0.49606033058332,0.47233712906646,0.31705531958436,0.31229334530765,0.30818173735165,0.5063829787234,0.58947368421053,0.79052768919131,0.75272211087931,0.50526315789474,0.49767441860465,0.49112211087931,24,-0.45,0.8,1,affektiv,0.79052768919131,1,1.5936119861987,0.68931485394725,-0.63869368332134,0,0.58703332362266,Perturbativ,"{'kognition': 0.31775801311181, 'sozial': 0.36989787284842, 'affektiv': 0.49606033058332, 'motivation': 0.47233712906646, 'methodik': 0.31705531958436, 'performanz': 0.31229334530765, 'regulation': 0.30818173735165}",1.5936119861987,0.9999999993724974,Leerstelle / geringe Dichte,2025-11-26T15:35:00,0.31775801311181,0.36989787284842,0.49606033058332,0.47233712906646,0.31705531958436,0.31229334530765,0.30818173735165,2025-11-26
14,265,81,268,2,5,2025-12-03 15:35:00,0.23290139843316,0.36720023836252,0.44855468777866,0.49014192766893,0.46982052253238,0.18564869090663,0.33805878976345,0.38723404255319,0.61052631578947,0.74579047709996,0.81493559657833,0.78114816587019,0.30866922035728,0.56207421965441,"25,20",-0.6,0.6,2,motivation,0.81493559657833,1,1.6626522851533,0.79224439922094,-0.47135011837297,1,0.5478313773053,Perturbativ,"{'kognition': 0.23290139843316, 'sozial': 0.36720023836252, 'affektiv': 0.44855468777866, 'motivation': 0.49014192766893, 'methodik': 0.46982052253238, 'performanz': 0.18564869090663, 'regulation': 0.33805878976345}",1.6626522851533,0.9999999993985556,Leerstelle / geringe Dichte,2025-12-03T15:35:00,0.23290139843316,0.36720023836252,0.44855468777866,0.49014192766893,0.46982052253238,0.18564869090663,0.33805878976345,2025-12-03
58,266,81,269,6,5,2025-12-03 15:35:00,0.33375000115732,0.34681027109514,0.44258649093565,0.43973771955547,0.33375000115732,0.34028013612623,0.38974590851571,0.6,0.62347913688545,0.795661104541,0.79053971780787,0.6,0.61173956844272,0.70066679939635,"5,1,10,4",0.8575,0.6375,4,affektiv,0.795661104541,1,1.7977528017548,0.62304150999525,0.50282384621589,1,0.61361723850199,Perturbativ,"{'kognition': 0.33375000115732, 'sozial': 0.34681027109514, 'affektiv': 0.44258649093565, 'motivation': 0.43973771955547, 'methodik': 0.33375000115732, 'performanz': 0.34028013612623, 'regulation': 0.38974590851571}",1.7977528017548,0.999999999443753,mittlere Dichte,2025-12-03T15:35:00,0.33375000115732,0.34681027109514,0.44258649093565,0.43973771955547,0.33375000115732,0.34028013612623,0.38974590851571,2025-12-03
124,267,81,270,10,5,2025-12-03 15:35:00,0.32182765892643,0.40082022001299,0.42663566999421,0.42613263403578,0.39989753177401,0.35282339065777,0.29624434301059,0.8075702815549,1.0057883123178,1.0705676736671,1.0693053928179,1.0034729873907,0.88534865487677,0.74337342008507,"28,22,1,10,23,14,13,2",0.595,0.475,8,affektiv,1.0705676736671,1,2.5093252827523,0.27572153772649,0.18804547372633,1,0.77507726279316,Koordinativ,"{'kognition': 0.32182765892643, 'sozial': 0.40082022001299, 'affektiv': 0.42663566999421, 'motivation': 0.42613263403578, 'methodik': 0.39989753177401, 'performanz': 0.35282339065777, 'regulation': 0.29624434301059}",2.5093252827523,0.9999999996014878,Verdichtung / hohe Dichte,2025-12-03T15:35:00,0.32182765892643,0.40082022001299,0.42663566999421,0.42613263403578,0.39989753177401,0.35282339065777,0.29624434301059,2025-12-03
136,264,81,267,11,5,2025-12-03 15:35:00,0.3400876395197,0.43338121846291,0.4376978257729,0.38516892830533,0.34160637220017,0.3536835295456,0.33882100487277,0.70212765957447,0.89473684210526,0.90364869021637,0.79520019767186,0.70526315789474,0.73019704326979,0.6995126300443,"1,4,13,2",0.8325,0.575,4,affektiv,0.90364869021637,1,2.0645491856922,0.56302414217988,0.44520922514446,1,0.63692302418986,Perturbativ,"{'kognition': 0.3400876395197, 'sozial': 0.43338121846291, 'affektiv': 0.4376978257729, 'motivation': 0.38516892830533, 'methodik': 0.34160637220017, 'performanz': 0.3536835295456, 'regulation': 0.33882100487277}",2.0645491856922,0.9999999995156332,mittlere Dichte,2025-12-03T15:35:00,0.3400876395197,0.43338121846291,0.4376978257729,0.38516892830533,0.34160637220017,0.3536835295456,0.33882100487277,2025-12-03
16,294,89,290,2,5,2025-12-10 15:35:00,0.53587296880589,0.27881600295631,0.36760982267077,0.32468685935652,0.36955577625465,0.43662884181351,0.25947454719641,0.70212765957447,0.36531872104662,0.4816608402614,0.42542101939304,0.48421052631579,0.57209302325581,0.33997657494859,"18,8",0.16,0.35,2,kognition,0.70212765957447,1,1.3102501897104,0.70472833624069,-0.64554275534034,1,0.58204017614107,Perturbativ,"{'kognition': 0.53587296880589, 'sozial': 0.27881600295631, 'affektiv': 0.36760982267077, 'motivation': 0.32468685935652, 'methodik': 0.36955577625465, 'performanz': 0.43662884181351, 'regulation': 0.25947454719641}",1.3102501897104,0.9999999992367865,Leerstelle / geringe Dichte,2025-12-10T15:35:00,0.53587296880589,0.27881600295631,0.36760982267077,0.32468685935652,0.36955577625465,0.43662884181351,0.25947454719641,2025-12-10
60,297,89,293,6,5,2025-12-10 15:35:00,0.33762203284598,0.34384005514491,0.42988403938963,0.43257291389728,0.33342066642778,0.34126321707508,0.41016562633355,0.61374744470031,0.62505089923167,0.78146627004403,0.78635425038192,0.60610997542236,0.62036658474119,0.74562108089953,"3,28,1,8",0.81,0.4875,4,motivation,0.78635425038192,1,1.8178536489136,0.020304677252037,0.0035509334874011,0,0.97433054654792,Homöostatisch (resilient),"{'kognition': 0.33762203284598, 'sozial': 0.34384005514491, 'affektiv': 0.42988403938963, 'motivation': 0.43257291389728, 'methodik': 0.33342066642778, 'performanz': 0.34126321707508, 'regulation': 0.41016562633355}",1.8178536489136,0.9999999994499034,mittlere Dichte,2025-12-10T15:35:00,0.33762203284598,0.34384005514491,0.42988403938963,0.43257291389728,0.33342066642778,0.34126321707508,0.41016562633355,2025-12-10
126,295,89,291,10,5,2025-12-10 15:35:00,0.32966714268092,0.41368008260601,0.41242743057616,0.41546155345531,0.41296355413444,0.36331468897929,0.27376489055941,0.79817404095225,1.0015820821873,0.99854922205926,1.0058952927034,0.99984725832541,0.87963984242308,0.66282622887945,"22,1,15,6,18,4,8,16,26,25,24,20",-0.044166666666667,0.56666666666667,12,motivation,1.0058952927034,1,2.4211513289789,0.2780954579011,0.043375267187049,1,0.77308705121124,Koordinativ,"{'kognition': 0.32966714268092, 'sozial': 0.41368008260601, 'affektiv': 0.41242743057616, 'motivation': 0.41546155345531, 'methodik': 0.41296355413444, 'performanz': 0.36331468897929, 'regulation': 0.27376489055941}",2.4211513289789,0.9999999995869713,Verdichtung / hohe Dichte,2025-12-10T15:35:00,0.32966714268092,0.41368008260601,0.41242743057616,0.41546155345531,0.41296355413444,0.36331468897929,0.27376489055941,2025-12-10
138,296,89,292,11,5,2025-12-10 15:35:00,0.37253617423325,0.42423846958711,0.41374245122688,0.37809250518268,0.32326161825861,0.31765138538359,0.40212098178968,0.81276595744681,0.92556538067589,0.90266611074729,0.82488826114873,0.70526315789474,0.69302325581395,0.87731143276601,"4,14,13,7,12,2",0.8,0.525,6,sozial,0.92556538067589,1,2.1817101620993,0.18554286405817,0.042349703655281,1,0.83838099246404,Koordinativ,"{'kognition': 0.37253617423325, 'sozial': 0.42423846958711, 'affektiv': 0.41374245122688, 'motivation': 0.37809250518268, 'methodik': 0.32326161825861, 'performanz': 0.31765138538359, 'regulation': 0.40212098178968}",2.1817101620993,0.9999999995416435,Verdichtung / hohe Dichte,2025-12-10T15:35:00,0.37253617423325,0.42423846958711,0.41374245122688,0.37809250518268,0.32326161825861,0.31765138538359,0.40212098178968,2025-12-10
18,328,97,314,2,5,2026-01-21 15:35:00,0.38408310536582,0.43912434382781,0.36031151958347,0.33390860903128,0.3337533741717,0.3731675999796,0.40949390119596,0.81861354324744,0.93592540261491,0.76794809664476,0.71167438958185,0.7113435305655,0.7953488372093,0.87277271172071,"23,8,13,12",0.8175,0.5625,4,sozial,0.93592540261491,1,2.1313448350811,0.86661836641477,0.72168492119052,0,0.53406045200325,Kollapsiv,"{'kognition': 0.38408310536582, 'sozial': 0.43912434382781, 'affektiv': 0.36031151958347, 'motivation': 0.33390860903128, 'methodik': 0.3337533741717, 'performanz': 0.3731675999796, 'regulation': 0.40949390119596}",2.1313448350811,0.9999999995308129,Verdichtung / hohe Dichte,2026-01-21T15:35:00,0.38408310536582,0.43912434382781,0.36031151958347,0.33390860903128,0.3337533741717,0.3731675999796,0.40949390119596,2026-01-21
62,327,97,313,6,5,2026-01-21 15:35:00,0.34306033146667,0.34530430419124,0.44062158924842,0.43015243650071,0.3375153079572,0.33996327820219,0.39294328877695,0.61513003847963,0.61915363113026,0.79006387590944,0.77129198728851,0.60518744176444,0.60957681556513,0.70457350551812,"3,1,13,7,26",0.83,0.61,5,affektiv,0.79006387590944,1,1.7930666466354,0.067582687155667,0.030193452249242,0,0.9318041669616,Adaptiv (resilient),"{'kognition': 0.34306033146667, 'sozial': 0.34530430419124, 'affektiv': 0.44062158924842, 'motivation': 0.43015243650071, 'methodik': 0.3375153079572, 'performanz': 0.33996327820219, 'regulation': 0.39294328877695}",1.7930666466354,0.9999999994422936,mittlere Dichte,2026-01-21T15:35:00,0.34306033146667,0.34530430419124,0.44062158924842,0.43015243650071,0.3375153079572,0.33996327820219,0.39294328877695,2026-01-21
140,326,97,312,11,5,2026-01-21 15:35:00,0.36894920205975,0.38013280730459,0.41406246684665,0.38900773315014,0.36615853680623,0.35980382426187,0.36478750683179,0.71063829787234,0.73217919876302,0.79753159787312,0.74927331947508,0.70526315789474,0.69302325581395,0.70262239758972,"18,13,7,16,2",0.196,0.51,5,affektiv,0.79753159787312,1,1.9261142009146,0.3919914058365,-0.35553609698164,0,0.71780692205202,Transformativ,"{'kognition': 0.36894920205975, 'sozial': 0.38013280730459, 'affektiv': 0.41406246684665, 'motivation': 0.38900773315014, 'methodik': 0.36615853680623, 'performanz': 0.35980382426187, 'regulation': 0.36478750683179}",1.9261142009146,0.9999999994808187,mittlere Dichte,2026-01-21T15:35:00,0.36894920205975,0.38013280730459,0.41406246684665,0.38900773315014,0.36615853680623,0.35980382426187,0.36478750683179,2026-01-21
20,344,104,329,2,5,2026-02-04 15:35:00,0.41543849968174,0.28619549964555,0.51155160287438,0.41677276448737,0.35494211530906,0.38727801570921,0.18479783884103,0.58063596415213,0.4,0.71496805995612,0.58250079404259,0.49608343352519,0.54127757590717,0.25828196330117,"23,25,24",-0.1,0.7,3,affektiv,0.71496805995612,1,1.3976460154307,0.35588948968231,-0.32780089345104,0,0.72764194913008,Transformativ,"{'kognition': 0.41543849968174, 'sozial': 0.28619549964555, 'affektiv': 0.51155160287438, 'motivation': 0.41677276448737, 'methodik': 0.35494211530906, 'performanz': 0.38727801570921, 'regulation': 0.18479783884103}",1.3976460154307,0.9999999992845108,Leerstelle / geringe Dichte,2026-02-04T15:35:00,0.41543849968174,0.28619549964555,0.51155160287438,0.41677276448737,0.35494211530906,0.38727801570921,0.18479783884103,2026-02-04
63,346,104,331,6,5,2026-02-04 15:35:00,0.35491686399283,0.3674826178641,0.45214148656581,0.4134024884072,0.34912085205959,0.34564324489965,0.34971757274452,0.61609801880412,0.63791083428371,0.78486964794653,0.71762285739545,0.60603675705155,0.6,0.60707260084782,"3,23,8,14,13",0.824,0.53,5,affektiv,0.78486964794653,1,1.73589389785,0.11339747928419,-0.057172748785423,0,0.89467603883496,Adaptiv,"{'kognition': 0.35491686399283, 'sozial': 0.3674826178641, 'affektiv': 0.45214148656581, 'motivation': 0.4134024884072, 'methodik': 0.34912085205959, 'performanz': 0.34564324489965, 'regulation': 0.34971757274452}",1.73589389785,0.9999999994239275,Leerstelle / geringe Dichte,2026-02-04T15:35:00,0.35491686399283,0.3674826178641,0.45214148656581,0.4134024884072,0.34912085205959,0.34564324489965,0.34971757274452,2026-02-04
128,343,104,328,10,5,2026-02-04 15:35:00,0.32826163738099,0.40956650089444,0.42998056209983,0.39379390828821,0.40656815716557,0.35752105419709,0.30236349210106,0.81083060613343,1.0116596530186,1.0620838992171,0.97270017872478,1.0042535214875,0.88310353714477,0.74686026527179,"28,22,27,1,23,4,9,14,13,7,16,2,11",0.50846153846154,0.53076923076923,13,affektiv,1.0620838992171,1,2.4700742135886,0.096483910435617,0.035559404068868,0,0.9024420713444,Adaptiv (resilient),"{'kognition': 0.32826163738099, 'sozial': 0.40956650089444, 'affektiv': 0.42998056209983, 'motivation': 0.39379390828821, 'methodik': 0.40656815716557, 'performanz': 0.35752105419709, 'regulation': 0.30236349210106}",2.4700742135886,0.9999999995951534,Verdichtung / hohe Dichte,2026-02-04T15:35:00,0.32826163738099,0.40956650089444,0.42998056209983,0.39379390828821,0.40656815716557,0.35752105419709,0.30236349210106,2026-02-04
141,345,104,330,11,5,2026-02-04 15:35:00,0.33459871163322,0.34791688521729,0.36487295330697,0.39029841784246,0.39127236901033,0.34716776490014,0.45597466096154,0.70212765957447,0.73007474282157,0.76565564612296,0.81900887578952,0.82105263157895,0.72850277593486,0.95682502769803,"1,4,14,13,2",0.816,0.54,5,regulation,0.95682502769803,1,2.0984171033196,0.29196054447745,0.17230290240506,1,0.7701582760236,Koordinativ,"{'kognition': 0.33459871163322, 'sozial': 0.34791688521729, 'affektiv': 0.36487295330697, 'motivation': 0.39029841784246, 'methodik': 0.39127236901033, 'performanz': 0.34716776490014, 'regulation': 0.45597466096154}",2.0984171033196,0.9999999995234478,mittlere Dichte,2026-02-04T15:35:00,0.33459871163322,0.34791688521729,0.36487295330697,0.39029841784246,0.39127236901033,0.34716776490014,0.45597466096154,2026-02-04
64,12,5,26,7,6,2025-09-10 17:10:00,0.29562836363249,0.36882513467376,0.43217164178599,0.47688337053664,0.54072391819929,0.18496747414162,0.18917317510453,0.48936170212766,0.61052631578947,0.71538551861894,0.78939806402438,0.89507506566619,0.30618171027974,0.31314352191567,"22,4,25",-0.15,0.51666666666667,3,methodik,0.89507506566619,1,1.6553273028984,0.0,0.0,0,0.95676952020987,Homöostatisch (resilient),"{'kognition': 0.29562836363249, 'sozial': 0.36882513467376, 'affektiv': 0.43217164178599, 'motivation': 0.47688337053664, 'methodik': 0.54072391819929, 'performanz': 0.18496747414162, 'regulation': 0.18917317510453}",1.6553273028984,0.9999999993958889,Leerstelle / geringe Dichte,2025-09-10T17:10:00,0.29562836363249,0.36882513467376,0.43217164178599,0.47688337053664,0.54072391819929,0.18496747414162,0.18917317510453,2025-09-10
143,14,5,40,12,6,2025-09-10 17:10:00,0.35308769502498,0.39324932858232,0.39324932858232,0.35829383270834,0.39324932858232,0.39324932858232,0.35829383270834,0.89787234042553,1.0,1.0,0.91111111111111,1.0,1.0,0.91111111111111,,,,0,sozial,1.0,1,2.5429159744831,0.3239293205924,-0.236419826382,1,0.75410350789804,Transformativ,"{'kognition': 0.35308769502498, 'sozial': 0.39324932858232, 'affektiv': 0.39324932858232, 'motivation': 0.35829383270834, 'methodik': 0.39324932858232, 'performanz': 0.39324932858232, 'regulation': 0.35829383270834}",2.5429159744831,0.9999999996067496,Verdichtung / hohe Dichte,2025-09-10T17:10:00,0.35308769502498,0.39324932858232,0.39324932858232,0.35829383270834,0.39324932858232,0.39324932858232,0.35829383270834,2025-09-10
144,15,5,40,12,6,2025-09-10 17:10:00,0.35308769502498,0.39324932858232,0.39324932858232,0.35829383270834,0.39324932858232,0.39324932858232,0.35829383270834,0.89787234042553,1.0,1.0,0.91111111111111,1.0,1.0,0.91111111111111,,,,0,sozial,1.0,1,2.5429159744831,0.0,0.0,0,0.99785602198652,Homöostatisch (resilient),"{'kognition': 0.35308769502498, 'sozial': 0.39324932858232, 'affektiv': 0.39324932858232, 'motivation': 0.35829383270834, 'methodik': 0.39324932858232, 'performanz': 0.39324932858232, 'regulation': 0.35829383270834}",2.5429159744831,0.9999999996067496,Verdichtung / hohe Dichte,2025-09-10T17:10:00,0.35308769502498,0.39324932858232,0.39324932858232,0.35829383270834,0.39324932858232,0.39324932858232,0.35829383270834,2025-09-10
150,17,5,29,13,6,2025-09-10 17:10:00,0.30381988545494,0.31369229363219,0.47476713558304,0.45528950950783,0.37250959868823,0.31475617253501,0.37250959868823,0.48936170212766,0.50526315789474,0.76470588235294,0.73333333333333,0.6,0.50697674418605,0.6,,,,0,affektiv,0.76470588235294,1,1.6106967491317,0.0,0.0,0,0.98943075713398,Homöostatisch (resilient),"{'kognition': 0.30381988545494, 'sozial': 0.31369229363219, 'affektiv': 0.47476713558304, 'motivation': 0.45528950950783, 'methodik': 0.37250959868823, 'performanz': 0.31475617253501, 'regulation': 0.37250959868823}",1.6106967491317,0.9999999993791517,Leerstelle / geringe Dichte,2025-09-10T17:10:00,0.30381988545494,0.31369229363219,0.47476713558304,0.45528950950783,0.37250959868823,0.31475617253501,0.37250959868823,2025-09-10
155,13,5,28,14,6,2025-09-10 17:10:00,0.32160023896912,0.41506300864665,0.44328807292849,0.39720516472718,0.33235577871435,0.37241180781875,0.34766191547983,0.68510638297872,0.88421052631579,0.9443385030905,0.84616788401339,0.70801895591542,0.79335048833023,0.74062568540787,"15,25,20",-0.68333333333333,0.58333333333333,3,affektiv,0.9443385030905,1,2.1303043332717,0.0,0.0,0,0.99216380546406,Homöostatisch (resilient),"{'kognition': 0.32160023896912, 'sozial': 0.41506300864665, 'affektiv': 0.44328807292849, 'motivation': 0.39720516472718, 'methodik': 0.33235577871435, 'performanz': 0.37241180781875, 'regulation': 0.34766191547983}",2.1303043332717,0.9999999995305803,mittlere Dichte,2025-09-10T17:10:00,0.32160023896912,0.41506300864665,0.44328807292849,0.39720516472718,0.33235577871435,0.37241180781875,0.34766191547983,2025-09-10
267,16,5,30,22,6,2025-09-10 17:10:00,0.05609715293256,0.41654429307668,0.40085733489973,0.39190372051075,0.57174620139951,0.081312792023129,0.41900279490395,0.097872340425532,0.72674213793568,0.69937320331646,0.68375189011772,0.99752190503589,0.14186590309504,0.73103147019581,"5,4,7,25",0.4625,0.6,4,methodik,0.99752190503589,1,1.7446935406347,0.0,0.0,0,0.91287945624827,Homöostatisch (resilient),"{'kognition': 0.05609715293256, 'sozial': 0.41654429307668, 'affektiv': 0.40085733489973, 'motivation': 0.39190372051075, 'methodik': 0.57174620139951, 'performanz': 0.081312792023129, 'regulation': 0.41900279490395}",1.7446935406347,0.9999999994268298,Leerstelle / geringe Dichte,2025-09-10T17:10:00,0.05609715293256,0.41654429307668,0.40085733489973,0.39190372051075,0.57174620139951,0.081312792023129,0.41900279490395,2025-09-10
145,39,13,27,12,6,2025-09-17 17:10:00,0.31486434739106,0.40003134788666,0.39449398658715,0.40543352638202,0.36795705823195,0.31853100330161,0.42892786820509,0.79512129600412,1.0101919966787,0.99620859738504,1.0238340212587,0.92919536759073,0.80438063649076,1.0831638617882,"5,3,28,1,6",0.814,0.47,5,regulation,1.0831638617882,1,2.5252820850552,0.3102657949208,-0.017633889427896,1,0.75704981510854,Transformativ,"{'kognition': 0.31486434739106, 'sozial': 0.40003134788666, 'affektiv': 0.39449398658715, 'motivation': 0.40543352638202, 'methodik': 0.36795705823195, 'performanz': 0.31853100330161, 'regulation': 0.42892786820509}",2.5252820850552,0.9999999996040012,Verdichtung / hohe Dichte,2025-09-17T17:10:00,0.31486434739106,0.40003134788666,0.39449398658715,0.40543352638202,0.36795705823195,0.31853100330161,0.42892786820509,2025-09-17
156,40,13,28,14,6,2025-09-17 17:10:00,0.33717938114495,0.3784352392162,0.41847105562977,0.40738086716596,0.34743488926973,0.38134394121996,0.3686264161578,0.80193710784857,0.90005877647233,0.99527873540349,0.96890217100039,0.82632849411063,0.90697674418605,0.8767297722843,"23,8,13,2",0.7875,0.5125,4,affektiv,0.99527873540349,1,2.3783693557663,0.27747358989495,0.24806502249464,0,0.78023170709521,Koordinativ,"{'kognition': 0.33717938114495, 'sozial': 0.3784352392162, 'affektiv': 0.41847105562977, 'motivation': 0.40738086716596, 'methodik': 0.34743488926973, 'performanz': 0.38134394121996, 'regulation': 0.3686264161578}",2.3783693557663,0.9999999995795414,Verdichtung / hohe Dichte,2025-09-17T17:10:00,0.33717938114495,0.3784352392162,0.41847105562977,0.40738086716596,0.34743488926973,0.38134394121996,0.3686264161578,2025-09-17
65,64,22,60,7,6,2025-09-24 17:10:00,0.36838356992454,0.45240087534592,0.36701474935704,0.36922176830006,0.30305756263642,0.41383829038118,0.35425475985365,0.6,0.73684210526316,0.59777055111154,0.60136520482013,0.49360110609467,0.67403379113671,0.57698788237416,"22,4,25",-0.15,0.51666666666667,3,sozial,0.73684210526316,1,1.6287371332943,0.66595532019747,-0.026590169604042,1,0.5984530984799,Perturbativ,"{'kognition': 0.36838356992454, 'sozial': 0.45240087534592, 'affektiv': 0.36701474935704, 'motivation': 0.36922176830006, 'methodik': 0.30305756263642, 'performanz': 0.41383829038118, 'regulation': 0.35425475985365}",1.6287371332943,0.9999999993860248,Leerstelle / geringe Dichte,2025-09-24T17:10:00,0.36838356992454,0.45240087534592,0.36701474935704,0.36922176830006,0.30305756263642,0.41383829038118,0.35425475985365,2025-09-24
152,67,22,63,13,6,2025-09-24 17:10:00,0.30679239900612,0.34461543471189,0.47080826053699,0.44459448063039,0.36061562690193,0.31274602499684,0.37408588336596,0.6,0.67397126361989,0.92076908436234,0.86950227333668,0.70526315789474,0.61164362482906,0.73160720652372,"6,8,7,11",0.8125,0.5,4,affektiv,0.92076908436234,1,1.9557198993096,0.38300568568871,-0.29459530357495,1,0.71636504515922,Transformativ,"{'kognition': 0.30679239900612, 'sozial': 0.34461543471189, 'affektiv': 0.47080826053699, 'motivation': 0.44459448063039, 'methodik': 0.36061562690193, 'performanz': 0.31274602499684, 'regulation': 0.37408588336596}",1.9557198993096,0.9999999994886771,mittlere Dichte,2025-09-24T17:10:00,0.30679239900612,0.34461543471189,0.47080826053699,0.44459448063039,0.36061562690193,0.31274602499684,0.37408588336596,2025-09-24
157,65,22,61,14,6,2025-09-24 17:10:00,0.27576148281532,0.39865259342769,0.43147846409857,0.4248929529796,0.39611047032794,0.31300091193941,0.37874919340942,0.69841428359125,1.0096575584019,1.092794828748,1.0761158677006,1.003219186134,0.79272966421482,0.95924870970088,"6,23,4,14,2",0.78,0.51,5,affektiv,1.092794828748,1,2.5326752532123,0.30803428478458,0.15430589744597,0,0.75374208336338,Transformativ,"{'kognition': 0.27576148281532, 'sozial': 0.39865259342769, 'affektiv': 0.43147846409857, 'motivation': 0.4248929529796, 'methodik': 0.39611047032794, 'performanz': 0.31300091193941, 'regulation': 0.37874919340942}",2.5326752532123,0.9999999996051615,Verdichtung / hohe Dichte,2025-09-24T17:10:00,0.27576148281532,0.39865259342769,0.43147846409857,0.4248929529796,0.39611047032794,0.31300091193941,0.37874919340942,2025-09-24
268,66,22,62,22,6,2025-09-24 17:10:00,0.093889054687919,0.46164710164956,0.41433384834032,0.43190396288317,0.5813540310328,0.11028860584524,0.26404003604401,0.14420200939275,0.70903301678223,0.63636569447529,0.66335122362735,0.89288809778904,0.16938969754112,0.40553293335672,"5,28,1,23,4,9,8",0.78857142857143,0.55714285714286,7,methodik,0.89288809778904,1,1.5358766767669,0.35284738191792,-0.20881686386782,0,0.70309341472412,Transformativ,"{'kognition': 0.093889054687919, 'sozial': 0.46164710164956, 'affektiv': 0.41433384834032, 'motivation': 0.43190396288317, 'methodik': 0.5813540310328, 'performanz': 0.11028860584524, 'regulation': 0.26404003604401}",1.5358766767669,0.9999999993489055,Leerstelle / geringe Dichte,2025-09-24T17:10:00,0.093889054687919,0.46164710164956,0.41433384834032,0.43190396288317,0.5813540310328,0.11028860584524,0.26404003604401,2025-09-24
146,94,31,90,12,6,2025-10-01 17:10:00,0.365192950911,0.365192950911,0.39718785614348,0.41367008005111,0.32675158765721,0.37294929157342,0.39815739872628,1.0,1.0,1.0876109605967,1.132743879692,0.89473684210526,1.0212390207507,1.0902658381906,6,0.85,0.5,1,motivation,1.132743879692,1,2.7382784830327,0.33250608458084,0.21299639797746,1,0.74744932238748,Transformativ,"{'kognition': 0.365192950911, 'sozial': 0.365192950911, 'affektiv': 0.39718785614348, 'motivation': 0.41367008005111, 'methodik': 0.32675158765721, 'performanz': 0.37294929157342, 'regulation': 0.39815739872628}",2.7382784830327,0.9999999996348073,Verdichtung / hohe Dichte,2025-10-01T17:10:00,0.365192950911,0.365192950911,0.39718785614348,0.41367008005111,0.32675158765721,0.37294929157342,0.39815739872628,2025-10-01
158,95,31,91,14,6,2025-10-01 17:10:00,0.26956286835533,0.38453215137821,0.41797393231333,0.42776250619646,0.42416098766498,0.28707978891981,0.39932513727111,0.64198230616385,0.91578947368421,0.99543334963026,1.0187455041339,1.0101682427824,0.68370004395721,0.95101997578012,"28,23,4",0.73333333333333,0.56666666666667,3,motivation,1.0187455041339,1,2.3815680171798,0.1917546901133,-0.1511072360325,1,0.82422262457343,Koordinativ,"{'kognition': 0.26956286835533, 'sozial': 0.38453215137821, 'affektiv': 0.41797393231333, 'motivation': 0.42776250619646, 'methodik': 0.42416098766498, 'performanz': 0.28707978891981, 'regulation': 0.39932513727111}",2.3815680171798,0.9999999995801085,Verdichtung / hohe Dichte,2025-10-01T17:10:00,0.26956286835533,0.38453215137821,0.41797393231333,0.42776250619646,0.42416098766498,0.28707978891981,0.39932513727111,2025-10-01
269,96,31,92,22,6,2025-10-01 17:10:00,0.10797945837625,0.42704471238054,0.45909115783151,0.42248635634392,0.52867731216366,0.20334993324513,0.30961741052445,0.20499191993032,0.81071637886853,0.8715544538017,0.80206263889128,1.0036592040164,0.38604651162791,0.58778834772543,"23,4,8,7,2",0.784,0.54,5,methodik,1.0036592040164,1,1.8984344143315,0.42546090034002,0.36255773756458,0,0.66851528997786,Transformativ,"{'kognition': 0.10797945837625, 'sozial': 0.42704471238054, 'affektiv': 0.45909115783151, 'motivation': 0.42248635634392, 'methodik': 0.52867731216366, 'performanz': 0.20334993324513, 'regulation': 0.30961741052445}",1.8984344143315,0.9999999994732506,mittlere Dichte,2025-10-01T17:10:00,0.10797945837625,0.42704471238054,0.45909115783151,0.42248635634392,0.52867731216366,0.20334993324513,0.30961741052445,2025-10-01
68,118,40,114,7,6,2025-10-22 17:10:00,0.20091490207332,0.38230770839862,0.45865684501862,0.43558999953871,0.45876925007835,0.23891056461721,0.38186618769202,0.38723404255319,0.73684210526316,0.88399388202891,0.83953591633319,0.88421052631579,0.46046511627907,0.73599113877773,4,0.85,0.75,1,methodik,0.88421052631579,1,1.9273535131354,0.43469963939908,0.29564034336907,1,0.68041142924166,Transformativ,"{'kognition': 0.20091490207332, 'sozial': 0.38230770839862, 'affektiv': 0.45865684501862, 'motivation': 0.43558999953871, 'methodik': 0.45876925007835, 'performanz': 0.23891056461721, 'regulation': 0.38186618769202}",1.9273535131354,0.9999999994811533,mittlere Dichte,2025-10-22T17:10:00,0.20091490207332,0.38230770839862,0.45865684501862,0.43558999953871,0.45876925007835,0.23891056461721,0.38186618769202,2025-10-22
159,119,40,115,14,6,2025-10-22 17:10:00,0.46144745271186,0.43378610815069,0.28795364254796,0.32755735171176,0.38417266058241,0.40367481029809,0.31327744091653,0.73903829576577,0.69473684210526,0.46117660417788,0.52460453633876,0.6152776587845,0.64651162790698,0.50173432462609,"22,23",0.025,0.35,2,kognition,0.73903829576577,1,1.6015654457753,0.9731746221064,-0.78000257140451,1,0.50441371128671,Kollapsiv,"{'kognition': 0.46144745271186, 'sozial': 0.43378610815069, 'affektiv': 0.28795364254796, 'motivation': 0.32755735171176, 'methodik': 0.38417266058241, 'performanz': 0.40367481029809, 'regulation': 0.31327744091653}",1.6015654457753,0.9999999993756115,Leerstelle / geringe Dichte,2025-10-22T17:10:00,0.46144745271186,0.43378610815069,0.28795364254796,0.32755735171176,0.38417266058241,0.40367481029809,0.31327744091653,2025-10-22
271,117,40,113,22,6,2025-10-22 17:10:00,0.19405017499144,0.35365648275651,0.42684159029006,0.44006600644127,0.48732733867125,0.19116676053049,0.43288234226292,0.3991078931575,0.72737421515164,0.87789587316875,0.90509486368024,1.0022984386575,0.39317750185195,0.89032004023318,"5,1,23,4,8,13,7,2",0.8125,0.54375,8,methodik,1.0022984386575,1,2.0567252411962,0.24380270403322,0.10751216949279,0,0.7708481544948,Koordinativ,"{'kognition': 0.19405017499144, 'sozial': 0.35365648275651, 'affektiv': 0.42684159029006, 'motivation': 0.44006600644127, 'methodik': 0.48732733867125, 'performanz': 0.19116676053049, 'regulation': 0.43288234226292}",2.0567252411962,0.999999999513793,mittlere Dichte,2025-10-22T17:10:00,0.19405017499144,0.35365648275651,0.42684159029006,0.44006600644127,0.48732733867125,0.19116676053049,0.43288234226292,2025-10-22
69,146,48,140,7,6,2025-10-29 17:10:00,0.40338046036737,0.29778348121361,0.36038761566813,0.36445927377678,0.35525046881623,0.34395146279711,0.49131853353423,0.81276595744681,0.6,0.72614024296992,0.7343441730712,0.71578947368421,0.69302325581395,0.98995121864761,2,0.7,0.3,1,regulation,0.98995121864761,1,2.0148867803444,0.6186524937164,0.087533267208906,1,0.61297338135289,Perturbativ,"{'kognition': 0.40338046036737, 'sozial': 0.29778348121361, 'affektiv': 0.36038761566813, 'motivation': 0.36445927377678, 'methodik': 0.35525046881623, 'performanz': 0.34395146279711, 'regulation': 0.49131853353423}",2.0148867803444,0.9999999995036973,mittlere Dichte,2025-10-29T17:10:00,0.40338046036737,0.29778348121361,0.36038761566813,0.36445927377678,0.35525046881623,0.34395146279711,0.49131853353423,2025-10-29
160,148,48,142,14,6,2025-10-29 17:10:00,0.32380236867225,0.39968446812661,0.39300339730832,0.3986965016764,0.35374896746607,0.35189004233202,0.41596736238816,0.82203052095255,1.0146708713033,0.99770977201367,1.0121627408685,0.89805534531742,0.89333612969642,1.056007925468,"5,3,28,1,10,23,4,8,14,13",0.815,0.555,10,regulation,1.056007925468,1,2.5386797632132,1.0406397622363,0.93711431743796,1,0.4885522520341,Kollapsiv,"{'kognition': 0.32380236867225, 'sozial': 0.39968446812661, 'affektiv': 0.39300339730832, 'motivation': 0.3986965016764, 'methodik': 0.35374896746607, 'performanz': 0.35189004233202, 'regulation': 0.41596736238816}",2.5386797632132,0.999999999606098,Verdichtung / hohe Dichte,2025-10-29T17:10:00,0.32380236867225,0.39968446812661,0.39300339730832,0.3986965016764,0.35374896746607,0.35189004233202,0.41596736238816,2025-10-29
272,147,48,141,22,6,2025-10-29 17:10:00,0.12763307654857,0.39812406341409,0.44353481294912,0.43666914829818,0.57822937279772,0.12226037725908,0.2975015024537,0.22151878568927,0.69098043756397,0.76979491392277,0.75787892993529,1.0035695446335,0.21219397855726,0.51634085259394,"5,6,23,4,2",0.79,0.51,5,methodik,1.0035695446335,1,1.7355907383251,0.48871037525167,-0.32113450287115,0,0.63947934747455,Transformativ,"{'kognition': 0.12763307654857, 'sozial': 0.39812406341409, 'affektiv': 0.44353481294912, 'motivation': 0.43666914829818, 'methodik': 0.57822937279772, 'performanz': 0.12226037725908, 'regulation': 0.2975015024537}",1.7355907383251,0.9999999994238271,Leerstelle / geringe Dichte,2025-10-29T17:10:00,0.12763307654857,0.39812406341409,0.44353481294912,0.43666914829818,0.57822937279772,0.12226037725908,0.2975015024537,2025-10-29
42,204,64,217,5,6,2025-11-12 17:10:00,0.14135283727146,0.47650440505557,0.46782763964207,0.47533040284011,0.31660904274045,0.21820073871422,0.40038529671484,0.30240524287111,1.0194166110954,1.0008538471434,1.0169049924257,0.67734214829552,0.466810915573,0.85657009248816,"5,3,28,1,15,6,10,23,4,8,14,13,7,26,12,2",0.695,0.54375,16,sozial,1.0194166110954,1,2.1393645049304,1.2404125064879,0.90220754323849,1,0.43248193144347,Kollapsiv,"{'kognition': 0.14135283727146, 'sozial': 0.47650440505557, 'affektiv': 0.46782763964207, 'motivation': 0.47533040284011, 'methodik': 0.31660904274045, 'performanz': 0.21820073871422, 'regulation': 0.40038529671484}",2.1393645049304,0.9999999995325761,Verdichtung / hohe Dichte,2025-11-12T17:10:00,0.14135283727146,0.47650440505557,0.46782763964207,0.47533040284011,0.31660904274045,0.21820073871422,0.40038529671484,2025-11-12
70,205,64,218,7,6,2025-11-12 17:10:00,0.27314054671894,0.45286796274263,0.38087864065566,0.38831919409033,0.44352195453034,0.29790731889543,0.37280560479614,0.61835025428329,1.0252268412086,0.86225354356798,0.87909786845348,1.0040688453562,0.67441860465116,0.8439773709655,"23,4,14,7",0.7875,0.575,4,sozial,1.0252268412086,1,2.2638537611423,0.6023747076621,0.24896698079798,1,0.61639638252795,Perturbativ,"{'kognition': 0.27314054671894, 'sozial': 0.45286796274263, 'affektiv': 0.38087864065566, 'motivation': 0.38831919409033, 'methodik': 0.44352195453034, 'performanz': 0.29790731889543, 'regulation': 0.37280560479614}",2.2638537611423,0.9999999995582701,Verdichtung / hohe Dichte,2025-11-12T17:10:00,0.27314054671894,0.45286796274263,0.38087864065566,0.38831919409033,0.44352195453034,0.29790731889543,0.37280560479614,2025-11-12
147,200,64,213,12,6,2025-11-12 17:10:00,0.35600808511877,0.39650189574839,0.39650189574839,0.39650189574839,0.35059114992489,0.3485528292858,0.39650189574839,0.89787234042553,1.0,1.0,1.0,0.88421052631579,0.87906976744186,1.0,,,,0,sozial,1.0,1,2.5220560363678,0.25337225246125,-0.21622244666491,1,0.79584662253893,Koordinativ,"{'kognition': 0.35600808511877, 'sozial': 0.39650189574839, 'affektiv': 0.39650189574839, 'motivation': 0.39650189574839, 'methodik': 0.35059114992489, 'performanz': 0.3485528292858, 'regulation': 0.39650189574839}",2.5220560363678,0.9999999996034973,Verdichtung / hohe Dichte,2025-11-12T17:10:00,0.35600808511877,0.39650189574839,0.39650189574839,0.39650189574839,0.35059114992489,0.3485528292858,0.39650189574839,2025-11-12
154,203,64,216,13,6,2025-11-12 17:10:00,0.34500125217011,0.36774371696209,0.36623832187523,0.38747771376877,0.42447798041872,0.33056774152379,0.41474404047924,0.81276595744681,0.8663434475431,0.862796985403,0.9128334840515,1.0,0.77876299071557,0.97706844550599,"6,8,7",0.82333333333333,0.51666666666667,3,methodik,1.0,1,2.3558348034663,0.47053761473903,0.039226687245149,1,0.67740514681916,Transformativ,"{'kognition': 0.34500125217011, 'sozial': 0.36774371696209, 'affektiv': 0.36623832187523, 'motivation': 0.38747771376877, 'methodik': 0.42447798041872, 'performanz': 0.33056774152379, 'regulation': 0.41474404047924}",2.3558348034663,0.9999999995755176,Verdichtung / hohe Dichte,2025-11-12T17:10:00,0.34500125217011,0.36774371696209,0.36623832187523,0.38747771376877,0.42447798041872,0.33056774152379,0.41474404047924,2025-11-12
274,201,64,214,22,6,2025-11-12 17:10:00,0.13539058500539,0.45110553021059,0.36638383439412,0.39337574664788,0.58211587176865,0.1693988030868,0.34876461136236,0.23378596101383,0.77894736842105,0.63265401224427,0.67926235022875,1.0051697353802,0.29250971899311,0.60222998395138,"6,23,4",0.81666666666667,0.61666666666667,3,methodik,1.0051697353802,1,1.7267519810859,0.54802651491531,-0.40701974568356,0,0.62121166887867,Perturbativ,"{'kognition': 0.13539058500539, 'sozial': 0.45110553021059, 'affektiv': 0.36638383439412, 'motivation': 0.39337574664788, 'methodik': 0.58211587176865, 'performanz': 0.1693988030868, 'regulation': 0.34876461136236}",1.7267519810859,0.999999999420874,Leerstelle / geringe Dichte,2025-11-12T17:10:00,0.13539058500539,0.45110553021059,0.36638383439412,0.39337574664788,0.58211587176865,0.1693988030868,0.34876461136236,2025-11-12
44,247,76,0,5,6,2025-11-26 17:10:00,0.20943708499758,0.45360673879603,0.43306679810371,0.44551589048213,0.26932508273375,0.26128102050611,0.47280228521017,0.47146311143116,1.0211125906445,0.97487519984279,1.0028993094569,0.60627677993883,0.58816881875119,1.0643236200481,"5,1,6,10,23,4,9,8,14,13,7,26,2,11",0.80071428571429,0.56785714285714,14,regulation,1.0643236200481,1,2.2510966060628,0.37758108689622,0.022353851562434,0,0.69849608482171,Transformativ,"{'kognition': 0.20943708499758, 'sozial': 0.45360673879603, 'affektiv': 0.43306679810371, 'motivation': 0.44551589048213, 'methodik': 0.26932508273375, 'performanz': 0.26128102050611, 'regulation': 0.47280228521017}",2.2510966060628,0.9999999995557762,Verdichtung / hohe Dichte,2025-11-26T17:10:00,0.20943708499758,0.45360673879603,0.43306679810371,0.44551589048213,0.26932508273375,0.26128102050611,0.47280228521017,2025-11-26
71,245,76,254,7,6,2025-11-26 17:10:00,0.38971498794405,0.3107209973473,0.30103379069508,0.36513657955487,0.58957317445386,0.31331497108783,0.28612204468171,0.51489361702128,0.41052631578947,0.39772752429749,0.48242048668853,0.77894736842105,0.41395348837209,0.37802604224408,"22,18",-0.6,0.15,2,methodik,0.77894736842105,1,1.3212055798723,1.047535095565,-0.94264818127001,1,0.4844406006075,Kollapsiv,"{'kognition': 0.38971498794405, 'sozial': 0.3107209973473, 'affektiv': 0.30103379069508, 'motivation': 0.36513657955487, 'methodik': 0.58957317445386, 'performanz': 0.31331497108783, 'regulation': 0.28612204468171}",1.3212055798723,0.9999999992431114,Leerstelle / geringe Dichte,2025-11-26T17:10:00,0.38971498794405,0.3107209973473,0.30103379069508,0.36513657955487,0.58957317445386,0.31331497108783,0.28612204468171,2025-11-26
148,248,76,256,12,6,2025-11-26 17:10:00,0.32803022508672,0.39597979027876,0.36586661040876,0.38785459601049,0.36058499670492,0.3673821111526,0.43164274188999,0.82840143143618,1.0,0.92395273544439,0.97948078546496,0.91061464639667,0.9277799528455,1.0900625549252,28,0.6,0.35,1,regulation,1.0900625549252,1,2.5253814062078,0.14903541634887,0.0033253698399709,1,0.86593699233914,Adaptiv,"{'kognition': 0.32803022508672, 'sozial': 0.39597979027876, 'affektiv': 0.36586661040876, 'motivation': 0.38785459601049, 'methodik': 0.36058499670492, 'performanz': 0.3673821111526, 'regulation': 0.43164274188999}",2.5253814062078,0.9999999996040239,Verdichtung / hohe Dichte,2025-11-26T17:10:00,0.32803022508672,0.39597979027876,0.36586661040876,0.38785459601049,0.36058499670492,0.3673821111526,0.43164274188999,2025-11-26
161,244,76,253,14,6,2025-11-26 17:10:00,0.29835650031684,0.39152187070971,0.43047665530214,0.40137021666873,0.35252057761283,0.33879445525882,0.41501009683737,0.69850474166697,0.9166211658423,1.0078211287039,0.93967786593983,0.82531231843866,0.79317706568301,0.97161121065814,"1,10,23,4,14",0.826,0.63,5,affektiv,1.0078211287039,1,2.3411748717619,0.22951002385705,-0.19750489145131,1,0.80648269102998,Koordinativ,"{'kognition': 0.29835650031684, 'sozial': 0.39152187070971, 'affektiv': 0.43047665530214, 'motivation': 0.40137021666873, 'methodik': 0.35252057761283, 'performanz': 0.33879445525882, 'regulation': 0.41501009683737}",2.3411748717619,0.9999999995728657,Verdichtung / hohe Dichte,2025-11-26T17:10:00,0.29835650031684,0.39152187070971,0.43047665530214,0.40137021666873,0.35252057761283,0.33879445525882,0.41501009683737,2025-11-26
277,246,76,255,22,6,2025-11-26 17:10:00,0.20891657024554,0.51508636672657,0.32307034239847,0.39351305183932,0.53332421553171,0.18738399182457,0.3350603712343,0.23908771093653,0.58947368421053,0.36972724827306,0.4503430947451,0.6103453916012,0.21444545838959,0.38344884319036,"27,6,23,4",0.7125,0.6125,4,methodik,0.6103453916012,1,1.1444171730687,0.9903847842567,-0.90891145429373,0,0.49728535620483,Kollapsiv,"{'kognition': 0.20891657024554, 'sozial': 0.51508636672657, 'affektiv': 0.32307034239847, 'motivation': 0.39351305183932, 'methodik': 0.53332421553171, 'performanz': 0.18738399182457, 'regulation': 0.3350603712343}",1.1444171730687,0.9999999991261947,Leerstelle / geringe Dichte,2025-11-26T17:10:00,0.20891657024554,0.51508636672657,0.32307034239847,0.39351305183932,0.53332421553171,0.18738399182457,0.3350603712343,2025-11-26
162,268,82,271,14,6,2025-12-03 17:10:00,0.28914459551581,0.34675230783319,0.45698572917478,0.42132386457157,0.37165653634736,0.32805575450226,0.40504237367352,0.69961038544604,0.83899723356307,1.1057165414452,1.0194295721305,0.89925517087278,0.79375930387246,0.98003509511287,"5,28,1,10,23,4,8,13",0.81,0.58125,8,affektiv,1.1057165414452,1,2.4195865874956,0.16585954914766,0.078411715733677,0,0.84551512710838,Koordinativ,"{'kognition': 0.28914459551581, 'sozial': 0.34675230783319, 'affektiv': 0.45698572917478, 'motivation': 0.42132386457157, 'methodik': 0.37165653634736, 'performanz': 0.32805575450226, 'regulation': 0.40504237367352}",2.4195865874956,0.9999999995867079,Verdichtung / hohe Dichte,2025-12-03T17:10:00,0.28914459551581,0.34675230783319,0.45698572917478,0.42132386457157,0.37165653634736,0.32805575450226,0.40504237367352,2025-12-03
278,269,82,272,22,6,2025-12-03 17:10:00,0.26210197432262,0.39298196763894,0.45200840287882,0.40629378450247,0.47358288083557,0.27153658532958,0.33086043780458,0.48936170212766,0.73372329638599,0.84392955062794,0.75857733793064,0.88421052631579,0.50697674418605,0.61773829605517,"14,2",0.725,0.35,2,methodik,0.88421052631579,1,1.8670660651461,0.7866316840911,0.7226488920774,0,0.55321009932991,Perturbativ,"{'kognition': 0.26210197432262, 'sozial': 0.39298196763894, 'affektiv': 0.45200840287882, 'motivation': 0.40629378450247, 'methodik': 0.47358288083557, 'performanz': 0.27153658532958, 'regulation': 0.33086043780458}",1.8670660651461,0.9999999994643969,mittlere Dichte,2025-12-03T17:10:00,0.26210197432262,0.39298196763894,0.45200840287882,0.40629378450247,0.47358288083557,0.27153658532958,0.33086043780458,2025-12-03
46,301,90,0,5,6,2025-12-10 17:10:00,0.29494809699024,0.42983210838537,0.36670513734926,0.35364396904776,0.28807512366749,0.41516883072155,0.46190997848945,0.60578005580708,0.88281199730534,0.75315847376201,0.72633275309004,0.59166397841753,0.85269577939397,0.94869522944047,"5,1,6,10,23,4,8,14,13,7,12,24,11",0.72538461538462,0.57692307692308,13,regulation,0.94869522944047,1,2.0538530734517,0.6567009750598,-0.28827692101828,1,0.59781810017097,Perturbativ,"{'kognition': 0.29494809699024, 'sozial': 0.42983210838537, 'affektiv': 0.36670513734926, 'motivation': 0.35364396904776, 'methodik': 0.28807512366749, 'performanz': 0.41516883072155, 'regulation': 0.46190997848945}",2.0538530734517,0.999999999513116,mittlere Dichte,2025-12-10T17:10:00,0.29494809699024,0.42983210838537,0.36670513734926,0.35364396904776,0.28807512366749,0.41516883072155,0.46190997848945,2025-12-10
72,299,90,295,7,6,2025-12-10 17:10:00,0.3325083734456,0.3703292310887,0.41207536220622,0.39758189828708,0.33475170322938,0.37850503124821,0.41120823188627,0.89787234042553,1.0,1.1127270752967,1.0735903755646,0.90393000370312,1.0220771126694,1.110385563347,15,-0.85,0.55,1,affektiv,1.1127270752967,1,2.7002999376794,1.5088550600043,1.3790943578071,1,0.39749322443262,Kollapsiv,"{'kognition': 0.3325083734456, 'sozial': 0.3703292310887, 'affektiv': 0.41207536220622, 'motivation': 0.39758189828708, 'methodik': 0.33475170322938, 'performanz': 0.37850503124821, 'regulation': 0.41120823188627}",2.7002999376794,0.9999999996296717,Verdichtung / hohe Dichte,2025-12-10T17:10:00,0.3325083734456,0.3703292310887,0.41207536220622,0.39758189828708,0.33475170322938,0.37850503124821,0.41120823188627,2025-12-10
149,306,90,296,12,6,2025-12-10 17:10:00,0.3493183132319,0.38905120194074,0.38905120194074,0.38905120194074,0.34809844384172,0.38905120194074,0.38905120194074,0.89787234042553,1.0,1.0,1.0,0.89473684210526,1.0,1.0,,,,0,sozial,1.0,1,2.5703557645434,0.15687426649102,0.044974358335695,1,0.86276110444611,Koordinativ,"{'kognition': 0.3493183132319, 'sozial': 0.38905120194074, 'affektiv': 0.38905120194074, 'motivation': 0.38905120194074, 'methodik': 0.34809844384172, 'performanz': 0.38905120194074, 'regulation': 0.38905120194074}",2.5703557645434,0.9999999996109394,Verdichtung / hohe Dichte,2025-12-10T17:10:00,0.3493183132319,0.38905120194074,0.38905120194074,0.38905120194074,0.34809844384172,0.38905120194074,0.38905120194074,2025-12-10
163,298,90,294,14,6,2025-12-10 17:10:00,0.2817447078335,0.41763417140166,0.45645899928439,0.43196401832304,0.35610196771452,0.3099085643493,0.35833218772313,0.62172679316548,0.92159443241547,1.0072692829578,0.95321614357908,0.78581115552987,0.68387604994972,0.79073258793111,"5,28,27,1,6,10,23,4,9,8,14,13",0.77333333333333,0.57083333333333,12,affektiv,1.0072692829578,1,2.2067026481688,0.29621536989844,-0.21288393932673,0,0.76116501718971,Koordinativ,"{'kognition': 0.2817447078335, 'sozial': 0.41763417140166, 'affektiv': 0.45645899928439, 'motivation': 0.43196401832304, 'methodik': 0.35610196771452, 'performanz': 0.3099085643493, 'regulation': 0.35833218772313}",2.2067026481688,0.9999999995468357,Verdichtung / hohe Dichte,2025-12-10T17:10:00,0.2817447078335,0.41763417140166,0.45645899928439,0.43196401832304,0.35610196771452,0.3099085643493,0.35833218772313,2025-12-10
173,300,90,0,15,6,2025-12-10 17:10:00,0.15441852592167,-0.182687363619,-0.51890995545087,-0.14939717696216,0.6477097437401,0.31555090079646,-0.36344587133576,0.097872340425532,-0.11578947368421,-0.32889144295968,-0.094689748363943,0.41052631578947,0.2,-0.23035641503061,22,-0.7,0.1,1,methodik,0.41052631578947,-1,0.63381216526286,1.3167495149733,-0.57936130824395,0,0.42121916441146,Kollapsiv,"{'kognition': 0.15441852592167, 'sozial': -0.182687363619, 'affektiv': -0.51890995545087, 'motivation': -0.14939717696216, 'methodik': 0.6477097437401, 'performanz': 0.31555090079646, 'regulation': -0.36344587133576}",0.63381216526286,0.9999999984222511,Leerstelle / geringe Dichte,2025-12-10T17:10:00,0.15441852592167,-0.182687363619,-0.51890995545087,-0.14939717696216,0.6477097437401,0.31555090079646,-0.36344587133576,2025-12-10
280,307,90,297,22,6,2025-12-10 17:10:00,0.36827940045077,0.37012623797363,0.35771905718186,0.3285116687984,0.48806279999013,0.35350470026786,0.35822219324784,0.62507695117781,0.62821157007504,0.60715298593339,0.55757957710233,0.82838411984957,0.6,0.60800695375718,"23,14,2",0.73333333333333,0.43333333333333,3,methodik,0.82838411984957,1,1.6972900196005,0.44750204915294,-0.25833783807758,0,0.68770610769947,Transformativ,"{'kognition': 0.36827940045077, 'sozial': 0.37012623797363, 'affektiv': 0.35771905718186, 'motivation': 0.3285116687984, 'methodik': 0.48806279999013, 'performanz': 0.35350470026786, 'regulation': 0.35822219324784}",1.6972900196005,0.9999999994108236,Leerstelle / geringe Dichte,2025-12-10T17:10:00,0.36827940045077,0.37012623797363,0.35771905718186,0.3285116687984,0.48806279999013,0.35350470026786,0.35822219324784,2025-12-10
88,18,6,15,9,7,2025-09-11 15:35:00,0.36033405890099,0.37558135736665,0.41802495478775,0.35673392719302,0.37033166917069,0.36789427844107,0.39319499746576,0.70228233762201,0.73199895236986,0.81472049388855,0.69526576827709,0.7217674374548,0.71701702206384,0.76632750954417,"5,22,27,1,6,10,23,18,4,9,14,13,7,16,26",0.48066666666667,0.56333333333333,15,affektiv,0.81472049388855,1,1.9489757349156,1.2253783745288,0.4759630740611,1,0.44905936622911,Kollapsiv,"{'kognition': 0.36033405890099, 'sozial': 0.37558135736665, 'affektiv': 0.41802495478775, 'motivation': 0.35673392719302, 'methodik': 0.37033166917069, 'performanz': 0.36789427844107, 'regulation': 0.39319499746576}",1.9489757349156,0.9999999994869082,mittlere Dichte,2025-09-11T15:35:00,0.36033405890099,0.37558135736665,0.41802495478775,0.35673392719302,0.37033166917069,0.36789427844107,0.39319499746576,2025-09-11
107,20,6,13,10,7,2025-09-11 15:35:00,0.13531941570375,0.47412002000377,0.4270038233212,0.44275128911122,0.42279715793729,0.21787233354649,0.39027183064856,0.28729709932087,1.0066057835724,0.90657323046439,0.94000672719949,0.89764204526583,0.46256547240205,0.8285874152564,"28,1,6,23,8,13,16,25,2",0.44444444444444,0.56111111111111,9,sozial,1.0066057835724,1,2.1231033085047,0.0,0.0,0,0.93956538961398,Homöostatisch (resilient),"{'kognition': 0.13531941570375, 'sozial': 0.47412002000377, 'affektiv': 0.4270038233212, 'motivation': 0.44275128911122, 'methodik': 0.42279715793729, 'performanz': 0.21787233354649, 'regulation': 0.39027183064856}",2.1231033085047,0.9999999995289852,mittlere Dichte,2025-09-11T15:35:00,0.13531941570375,0.47412002000377,0.4270038233212,0.44275128911122,0.42279715793729,0.21787233354649,0.39027183064856,2025-09-11
164,19,6,12,15,7,2025-09-11 15:35:00,0.21235622518697,0.5716154498574,0.25596320786495,0.29561990540049,0.56298490857999,0.39759163787299,-0.014872781089098,0.2936170212766,0.79035133326106,0.3539107675489,0.4087426020939,0.77841820617875,0.54973510804293,-0.02056403892862,"17,5,22,4,16,25,24,20",-0.31875,0.625,8,sozial,0.79035133326106,1,1.3826626500152,0.0,0.0,0,0.93452159985094,Homöostatisch (resilient),"{'kognition': 0.21235622518697, 'sozial': 0.5716154498574, 'affektiv': 0.25596320786495, 'motivation': 0.29561990540049, 'methodik': 0.56298490857999, 'performanz': 0.39759163787299, 'regulation': -0.014872781089098}",1.3826626500152,0.9999999992767589,Leerstelle / geringe Dichte,2025-09-11T15:35:00,0.21235622518697,0.5716154498574,0.25596320786495,0.29561990540049,0.56298490857999,0.39759163787299,-0.014872781089098,2025-09-11
89,41,14,15,9,7,2025-09-18 15:35:00,0.27479343761995,0.40926198986554,0.36647384953431,0.40102754887241,0.40006986446558,0.27602681484237,0.4749950663718,0.60922069724901,0.90733926174845,0.81247738690764,0.88908339680953,0.88696019777273,0.61195511091596,1.0530703645299,"5,28,22,27,1,6,18,4,14,13",0.483,0.455,10,regulation,1.0530703645299,1,2.2170132673139,0.44443572739107,0.26803753239826,1,0.68160392503271,Transformativ,"{'kognition': 0.27479343761995, 'sozial': 0.40926198986554, 'affektiv': 0.36647384953431, 'motivation': 0.40102754887241, 'methodik': 0.40006986446558, 'performanz': 0.27602681484237, 'regulation': 0.4749950663718}",2.2170132673139,0.9999999995489411,Verdichtung / hohe Dichte,2025-09-18T15:35:00,0.27479343761995,0.40926198986554,0.36647384953431,0.40102754887241,0.40006986446558,0.27602681484237,0.4749950663718,2025-09-18
110,43,14,38,10,7,2025-09-18 15:35:00,0.34112304519521,0.42622122938235,0.39814018980803,0.40548368163665,0.34856893200686,0.32215706172116,0.39211277870429,0.80629300342696,1.0074347072223,0.94106116237791,0.95841855340014,0.82389241960568,0.76146419460378,0.92681451598398,"22,27,1,6,10,23,18,8,14,13,26,25,24,2",0.38071428571429,0.53571428571429,14,sozial,1.0074347072223,1,2.3636427220109,0.29140999429472,0.029254998754194,1,0.77006006506731,Koordinativ,"{'kognition': 0.34112304519521, 'sozial': 0.42622122938235, 'affektiv': 0.39814018980803, 'motivation': 0.40548368163665, 'methodik': 0.34856893200686, 'performanz': 0.32215706172116, 'regulation': 0.39211277870429}",2.3636427220109,0.9999999995769275,Verdichtung / hohe Dichte,2025-09-18T15:35:00,0.34112304519521,0.42622122938235,0.39814018980803,0.40548368163665,0.34856893200686,0.32215706172116,0.39211277870429,2025-09-18
165,42,14,12,15,7,2025-09-18 15:35:00,0.25072719593265,0.40635097271843,0.37448030819149,0.36872588265191,0.55605922582522,0.41895100288024,0.10535025218626,0.37021276595745,0.6,0.55294117647059,0.54444444444444,0.82105263157895,0.61860465116279,0.15555555555556,,,,0,methodik,0.82105263157895,1,1.4765560805225,0.37108954664657,0.093893430507377,1,0.70984939637993,Transformativ,"{'kognition': 0.25072719593265, 'sozial': 0.40635097271843, 'affektiv': 0.37448030819149, 'motivation': 0.36872588265191, 'methodik': 0.55605922582522, 'performanz': 0.41895100288024, 'regulation': 0.10535025218626}",1.4765560805225,0.9999999993227487,Leerstelle / geringe Dichte,2025-09-18T15:35:00,0.25072719593265,0.40635097271843,0.37448030819149,0.36872588265191,0.55605922582522,0.41895100288024,0.10535025218626,2025-09-18
91,68,23,64,9,7,2025-09-25 15:35:00,0.52973690766087,0.4337604340983,0.36586558790881,0.26934159156478,0.36776937131066,0.4046427692179,0.16074231157541,0.86483550124824,0.7081466611445,0.59730319812106,0.43972048573412,0.60041126827588,0.66060987460414,0.26242396101296,"17,5,3,28,22,15,23,18,19,8,16,26,25,12,24,11,20",-0.0094117647058823,0.52352941176471,17,kognition,0.86483550124824,1,1.6325755072217,0.57331651200303,0.1856163729536,1,0.62290079382817,Perturbativ,"{'kognition': 0.52973690766087, 'sozial': 0.4337604340983, 'affektiv': 0.36586558790881, 'motivation': 0.26934159156478, 'methodik': 0.36776937131066, 'performanz': 0.4046427692179, 'regulation': 0.16074231157541}",1.6325755072217,0.9999999993874649,Leerstelle / geringe Dichte,2025-09-25T15:35:00,0.52973690766087,0.4337604340983,0.36586558790881,0.26934159156478,0.36776937131066,0.4046427692179,0.16074231157541,2025-09-25
112,70,23,66,10,7,2025-09-25 15:35:00,0.39718862112814,0.39551943503457,0.4053327084776,0.40794588350655,0.30815791144151,0.39467970603057,0.32304451365191,1.0086406607263,1.0044018460304,1.0293221636904,1.0359581911282,0.78255162124629,1.0022693961757,0.82035540385925,"28,22,27,1,23,18,14,13,25,2,20",0.23454545454545,0.45454545454545,11,motivation,1.0359581911282,1,2.5394500413035,0.34971285254877,-0.055698840003721,1,0.73564281171191,Transformativ,"{'kognition': 0.39718862112814, 'sozial': 0.39551943503457, 'affektiv': 0.4053327084776, 'motivation': 0.40794588350655, 'methodik': 0.30815791144151, 'performanz': 0.39467970603057, 'regulation': 0.32304451365191}",2.5394500413035,0.9999999996062174,Verdichtung / hohe Dichte,2025-09-25T15:35:00,0.39718862112814,0.39551943503457,0.4053327084776,0.40794588350655,0.30815791144151,0.39467970603057,0.32304451365191,2025-09-25
166,69,23,65,15,7,2025-09-25 15:35:00,0.16049965094324,0.45499909536765,0.48184739262867,0.46876990978724,0.39445812094349,0.20273285529038,0.34437730233497,0.32075366892963,0.90930184795507,0.96295735312518,0.93682240157169,0.78831255263262,0.40515544279884,0.68822756043931,"5,28,22,6,23",0.46,0.39,5,affektiv,0.96295735312518,1,1.9984695722644,0.86634837328439,0.52191349174185,1,0.51965795257553,Kollapsiv,"{'kognition': 0.16049965094324, 'sozial': 0.45499909536765, 'affektiv': 0.48184739262867, 'motivation': 0.46876990978724, 'methodik': 0.39445812094349, 'performanz': 0.20273285529038, 'regulation': 0.34437730233497}",1.9984695722644,0.9999999994996184,mittlere Dichte,2025-09-25T15:35:00,0.16049965094324,0.45499909536765,0.48184739262867,0.46876990978724,0.39445812094349,0.20273285529038,0.34437730233497,2025-09-25
93,97,32,93,9,7,2025-10-02 15:35:00,0.36405572137755,0.36443314513315,0.39240658290045,0.3832302726537,0.39790727463697,0.36693186669711,0.37527903119466,0.71555454789001,0.71629637742035,0.77127840198178,0.7532422878807,0.78209005733418,0.72120763543391,0.73761405666967,"5,28,22,15,6,10,23,4,9,21,19,8,14,13,7,16,26,25,12,24",0.26,0.55,20,methodik,0.78209005733418,1,1.9655083150963,1.3132271453515,0.86047057314605,1,0.43217904132788,Kollapsiv,"{'kognition': 0.36405572137755, 'sozial': 0.36443314513315, 'affektiv': 0.39240658290045, 'motivation': 0.3832302726537, 'methodik': 0.39790727463697, 'performanz': 0.36693186669711, 'regulation': 0.37527903119466}",1.9655083150963,0.9999999994912271,mittlere Dichte,2025-10-02T15:35:00,0.36405572137755,0.36443314513315,0.39240658290045,0.3832302726537,0.39790727463697,0.36693186669711,0.37527903119466,2025-10-02
114,98,32,0,10,7,2025-10-02 15:35:00,0.33051284405994,0.41409203832767,0.42832894030143,0.3926249498034,0.41074580066177,0.41004417018344,0.21170894245356,0.80646665215222,1.010403758386,1.045142458797,0.95802306781747,1.0022387834502,1.0005267725765,0.51657962805296,"5,22,27,1,10,23,18,9,8,14,13,25,2,20",0.37714285714286,0.50357142857143,14,affektiv,1.045142458797,1,2.4400463289573,0.37235494099541,-0.18059007783079,0,0.71288880844997,Transformativ,"{'kognition': 0.33051284405994, 'sozial': 0.41409203832767, 'affektiv': 0.42832894030143, 'motivation': 0.3926249498034, 'methodik': 0.41074580066177, 'performanz': 0.41004417018344, 'regulation': 0.21170894245356}",2.4400463289573,0.9999999995901662,Verdichtung / hohe Dichte,2025-10-02T15:35:00,0.33051284405994,0.41409203832767,0.42832894030143,0.3926249498034,0.41074580066177,0.41004417018344,0.21170894245356,2025-10-02
167,122,41,117,15,7,2025-10-23 15:35:00,0.3598108195199,0.11484623780941,0.28880450978543,0.33337310697453,0.5838017088645,0.32562024402164,0.46470190669177,0.39574468085106,0.12631578947368,0.31764705882353,0.36666666666667,0.64210526315789,0.35813953488372,0.51111111111111,,,,0,methodik,0.64210526315789,1,1.0998687616434,1.1896012194585,-0.898600810621,1,0.45214471759332,Kollapsiv,"{'kognition': 0.3598108195199, 'sozial': 0.11484623780941, 'affektiv': 0.28880450978543, 'motivation': 0.33337310697453, 'methodik': 0.5838017088645, 'performanz': 0.32562024402164, 'regulation': 0.46470190669177}",1.0998687616434,0.9999999990908004,Leerstelle / geringe Dichte,2025-10-23T15:35:00,0.3598108195199,0.11484623780941,0.28880450978543,0.33337310697453,0.5838017088645,0.32562024402164,0.46470190669177,2025-10-23
184,121,41,116,16,7,2025-10-23 15:35:00,0.35236678388982,0.39079380309256,0.40106057533642,0.40272658611846,0.3894431911116,0.38937553250979,0.31112740094976,0.90634117708703,1.0051813385565,1.0315890445771,1.0358742787202,1.0017073582934,1.0015333300376,0.80026718661712,"28,22,27,1,15,6,10,23,18,4,14,13,16,26,25,2,11,20",0.26888888888889,0.53611111111111,18,motivation,1.0358742787202,1,2.572152706136,0.59788920507075,0.44370659308718,1,0.62336099887126,Perturbativ,"{'kognition': 0.35236678388982, 'sozial': 0.39079380309256, 'affektiv': 0.40106057533642, 'motivation': 0.40272658611846, 'methodik': 0.3894431911116, 'performanz': 0.38937553250979, 'regulation': 0.31112740094976}",2.572152706136,0.9999999996112164,Verdichtung / hohe Dichte,2025-10-23T15:35:00,0.35236678388982,0.39079380309256,0.40106057533642,0.40272658611846,0.3894431911116,0.38937553250979,0.31112740094976,2025-10-23
214,123,41,118,18,7,2025-10-23 15:35:00,0.40629459712678,0.42855071868927,0.37801609967429,0.34103648135676,0.35628562694297,0.36420033715621,0.36398570585414,0.80425531914894,0.84831104688158,0.74827837002252,0.6750776557076,0.70526315789474,0.72093023255814,0.7205053724503,14,0.75,0.4,1,sozial,0.84831104688158,1,1.9794880966426,0.25044261827582,-0.084175952295342,1,0.79772692182692,Koordinativ,"{'kognition': 0.40629459712678, 'sozial': 0.42855071868927, 'affektiv': 0.37801609967429, 'motivation': 0.34103648135676, 'methodik': 0.35628562694297, 'performanz': 0.36420033715621, 'regulation': 0.36398570585414}",1.9794880966426,0.9999999994948218,mittlere Dichte,2025-10-23T15:35:00,0.40629459712678,0.42855071868927,0.37801609967429,0.34103648135676,0.35628562694297,0.36420033715621,0.36398570585414,2025-10-23
95,149,49,143,9,7,2025-10-30 15:35:00,0.35933296635597,0.37019249060091,0.42554127296896,0.38889079034937,0.31432519514414,0.39792138115674,0.37996600202683,0.90561518557833,0.93298409125961,1.0724778269001,0.98010880783774,0.79218356394946,1.0028683120737,0.95761595416241,"5,3,28,1,6,10,23,4,8,14,13,7,16,26,25,12,2",0.61588235294118,0.57058823529412,17,affektiv,1.0724778269001,1,2.520267467811,1.3535352913816,1.2906352676474,1,0.42371168957994,Kollapsiv,"{'kognition': 0.35933296635597, 'sozial': 0.37019249060091, 'affektiv': 0.42554127296896, 'motivation': 0.38889079034937, 'methodik': 0.31432519514414, 'performanz': 0.39792138115674, 'regulation': 0.37996600202683}",2.520267467811,0.9999999996032142,Verdichtung / hohe Dichte,2025-10-30T15:35:00,0.35933296635597,0.37019249060091,0.42554127296896,0.38889079034937,0.31432519514414,0.39792138115674,0.37996600202683,2025-10-30
117,150,49,0,10,7,2025-10-30 15:35:00,0.3691113238116,0.37184564790884,0.3956133838486,0.38992832280171,0.36721570008108,0.36734978487192,0.38358879389073,1.0082546396426,1.0157236463608,1.0806469594351,1.0651177984275,1.0030766044591,1.0034428668948,1.0478009104718,"5,3,28,1,6,10,23,4,9,8,14,13,7,26,12,24,2,11",0.72777777777778,0.56111111111111,18,affektiv,1.0806469594351,1,2.7315733065619,0.32872426586949,0.2145369799151,0,0.75210075070614,Transformativ,"{'kognition': 0.3691113238116, 'sozial': 0.37184564790884, 'affektiv': 0.3956133838486, 'motivation': 0.38992832280171, 'methodik': 0.36721570008108, 'performanz': 0.36734978487192, 'regulation': 0.38358879389073}",2.7315733065619,0.9999999996339097,Verdichtung / hohe Dichte,2025-10-30T15:35:00,0.3691113238116,0.37184564790884,0.3956133838486,0.38992832280171,0.36721570008108,0.36734978487192,0.38358879389073,2025-10-30
97,170,55,185,9,7,2025-11-06 15:35:00,0.27565547004943,0.38666523184337,0.46743821104332,0.44909418875549,0.37689802411194,0.28311395718338,0.36347538349111,0.51888658590177,0.72784843341634,0.87989335892665,0.84536305522931,0.70946289921074,0.53292624535142,0.68419647455288,"5,3,28,22,1,10,23,4,21,8,13,7",0.55833333333333,0.50833333333333,12,affektiv,0.87989335892665,1,1.8823736221634,0.47747112368176,-0.32005296310649,1,0.66936835488103,Transformativ,"{'kognition': 0.27565547004943, 'sozial': 0.38666523184337, 'affektiv': 0.46743821104332, 'motivation': 0.44909418875549, 'methodik': 0.37689802411194, 'performanz': 0.28311395718338, 'regulation': 0.36347538349111}",1.8823736221634,0.9999999994687586,mittlere Dichte,2025-11-06T15:35:00,0.27565547004943,0.38666523184337,0.46743821104332,0.44909418875549,0.37689802411194,0.28311395718338,0.36347538349111,2025-11-06
119,171,55,0,10,7,2025-11-06 15:35:00,0.34647479393011,0.3829844352556,0.39787545652158,0.39765746520717,0.38230463783907,0.38227520937948,0.35291731100164,0.90964034066681,1.0054933237835,1.044588443817,1.0440161260121,1.0037085730184,1.0036313110805,0.9265546257068,"5,3,28,22,27,1,6,10,23,18,9,13,16,26,24,2,11,20",0.37555555555556,0.53611111111111,18,affektiv,1.044588443817,1,2.6254156326992,0.14655775900574,-0.0052300050833178,0,0.87033387881343,Adaptiv,"{'kognition': 0.34647479393011, 'sozial': 0.3829844352556, 'affektiv': 0.39787545652158, 'motivation': 0.39765746520717, 'methodik': 0.38230463783907, 'performanz': 0.38227520937948, 'regulation': 0.35291731100164}",2.6254156326992,0.9999999996191132,Verdichtung / hohe Dichte,2025-11-06T15:35:00,0.34647479393011,0.3829844352556,0.39787545652158,0.39765746520717,0.38230463783907,0.38227520937948,0.35291731100164,2025-11-06
169,172,55,187,15,7,2025-11-06 15:35:00,-0.25853887573336,0.42411834407008,0.45826552234449,0.44707049358108,0.57222316263423,-0.023410732657021,0.12415535920587,-0.40425531914894,0.66315789473684,0.71655094215458,0.69904622487444,0.89473684210526,-0.03660537772097,0.19413120838192,"3,22,1,10,18",0.3,0.44,5,methodik,0.89473684210526,1,1.5636152116145,1.0513426761714,-0.0055379443126025,1,0.44466705799309,Kollapsiv,"{'kognition': -0.25853887573336, 'sozial': 0.42411834407008, 'affektiv': 0.45826552234449, 'motivation': 0.44707049358108, 'methodik': 0.57222316263423, 'performanz': -0.023410732657021, 'regulation': 0.12415535920587}",1.5636152116145,0.9999999993604565,Leerstelle / geringe Dichte,2025-11-06T15:35:00,-0.25853887573336,0.42411834407008,0.45826552234449,0.44707049358108,0.57222316263423,-0.023410732657021,0.12415535920587,2025-11-06
99,207,65,220,9,7,2025-11-13 15:35:00,0.30879502352455,0.4238957235858,0.39622681443428,0.34564556996341,0.35186377711997,0.41233176935064,0.39327584925642,0.52040346716633,0.71437940208093,0.66774977673653,0.58250664459086,0.5929860121885,0.69489099903141,0.66277659908451,"5,3,28,22,27,1,15,6,10,23,18,4,9,21,19,8,14,13,7,16,26,25,12,24,2,11,20",0.28888888888889,0.52407407407407,27,sozial,0.71437940208093,1,1.685271546535,0.72658362163158,0.38942408399956,1,0.57777426961442,Perturbativ,"{'kognition': 0.30879502352455, 'sozial': 0.4238957235858, 'affektiv': 0.39622681443428, 'motivation': 0.34564556996341, 'methodik': 0.35186377711997, 'performanz': 0.41233176935064, 'regulation': 0.39327584925642}",1.685271546535,0.999999999406622,Leerstelle / geringe Dichte,2025-11-13T15:35:00,0.30879502352455,0.4238957235858,0.39622681443428,0.34564556996341,0.35186377711997,0.41233176935064,0.39327584925642,2025-11-13
121,208,65,0,10,7,2025-11-13 15:35:00,0.37429230643005,0.37621886087418,0.38499072854007,0.38489806837448,0.37262233598637,0.37256869978289,0.37992816675201,1.0059021982835,1.0110797702431,1.034653968314,1.0344049461923,1.0014141900838,1.0012700439871,1.0210484467895,"5,3,28,22,27,1,15,6,10,23,18,21,8,14,13,7,16,26,25,2,11,20",0.29681818181818,0.50681818181818,22,affektiv,1.034653968314,1,2.6874776227794,0.4563450678924,0.30519654021156,1,0.686565097929,Transformativ,"{'kognition': 0.37429230643005, 'sozial': 0.37621886087418, 'affektiv': 0.38499072854007, 'motivation': 0.38489806837448, 'methodik': 0.37262233598637, 'performanz': 0.37256869978289, 'regulation': 0.37992816675201}",2.6874776227794,0.9999999996279036,Verdichtung / hohe Dichte,2025-11-13T15:35:00,0.37429230643005,0.37621886087418,0.38499072854007,0.38489806837448,0.37262233598637,0.37256869978289,0.37992816675201,2025-11-13
171,206,65,219,15,7,2025-11-13 15:35:00,0.37686996423863,0.60322529879682,0.084445607521481,0.095675657551792,0.29385984660643,0.52958151164494,-0.33315640150093,0.36170212765957,0.57894736842105,0.081046936106281,0.091825011769311,0.28203290746715,0.50826751322072,-0.3197478990127,15,-0.85,0.55,1,sozial,0.57894736842105,1,0.95975312867776,1.6651581668504,-0.073480547600483,1,0.36422739232251,Kollapsiv,"{'kognition': 0.37686996423863, 'sozial': 0.60322529879682, 'affektiv': 0.084445607521481, 'motivation': 0.095675657551792, 'methodik': 0.29385984660643, 'performanz': 0.52958151164494, 'regulation': -0.33315640150093}",0.95975312867776,0.999999998958061,Leerstelle / geringe Dichte,2025-11-13T15:35:00,0.37686996423863,0.60322529879682,0.084445607521481,0.095675657551792,0.29385984660643,0.52958151164494,-0.33315640150093,2025-11-13
34,251,77,0,4,7,2025-11-27 15:35:00,0.25715773461432,0.30166848737719,0.43775363908293,0.5266954352516,0.30822649797235,0.2652338316361,0.45659296146971,0.41276595744681,0.48421052631579,0.70264190277179,0.84540309837675,0.49473684210526,0.42572896602452,0.73288105134063,6,0.85,0.5,1,motivation,0.84540309837675,1,1.6051080781556,0.64323013868613,0.57468677735687,1,0.59934250433961,Perturbativ,"{'kognition': 0.25715773461432, 'sozial': 0.30166848737719, 'affektiv': 0.43775363908293, 'motivation': 0.5266954352516, 'methodik': 0.30822649797235, 'performanz': 0.2652338316361, 'regulation': 0.45659296146971}",1.6051080781556,0.9999999993769889,Leerstelle / geringe Dichte,2025-11-27T15:35:00,0.25715773461432,0.30166848737719,0.43775363908293,0.5266954352516,0.30822649797235,0.2652338316361,0.45659296146971,2025-11-27
101,250,77,0,9,7,2025-11-27 15:35:00,0.33729581211528,0.33792270142103,0.40451854931084,0.42771618064414,0.28653557193893,0.34734078212257,0.47192705071986,0.70312494765123,0.70443175756245,0.84325708648563,0.8916147379328,0.59731043725771,0.7240646354767,0.98377646835175,"5,3,28,27,1,6,10,23,18",0.62222222222222,0.50555555555556,9,regulation,0.98377646835175,1,2.08459435919,1.3226993573038,1.1041316277728,0,0.42774259793394,Kollapsiv,"{'kognition': 0.33729581211528, 'sozial': 0.33792270142103, 'affektiv': 0.40451854931084, 'motivation': 0.42771618064414, 'methodik': 0.28653557193893, 'performanz': 0.34734078212257, 'regulation': 0.47192705071986}",2.08459435919,0.9999999995202918,mittlere Dichte,2025-11-27T15:35:00,0.33729581211528,0.33792270142103,0.40451854931084,0.42771618064414,0.28653557193893,0.34734078212257,0.47192705071986,2025-11-27
123,249,77,257,10,7,2025-11-27 15:35:00,0.34679916094282,0.39067461450078,0.38206782866969,0.39491020367652,0.43150448218065,0.34749102582378,0.34384249424726,0.80501789043051,0.90686509493034,0.88688633675141,0.91669708256755,1.0016426424217,0.80662390240995,0.79815463972514,"28,22,27,1,15,6,10,23,18,4,8,14,13,7,16,26,25,2,11,20",0.323,0.535,20,methodik,1.0016426424217,1,2.321279809026,0.15068983789682,-0.042085288484852,1,0.86534714432815,Koordinativ,"{'kognition': 0.34679916094282, 'sozial': 0.39067461450078, 'affektiv': 0.38206782866969, 'motivation': 0.39491020367652, 'methodik': 0.43150448218065, 'performanz': 0.34749102582378, 'regulation': 0.34384249424726}",2.321279809026,0.9999999995692049,Verdichtung / hohe Dichte,2025-11-27T15:35:00,0.34679916094282,0.39067461450078,0.38206782866969,0.39491020367652,0.43150448218065,0.34749102582378,0.34384249424726,2025-11-27
83,272,83,0,8,7,2025-12-04 15:35:00,0.2538999273042,0.43055993628435,0.44401241212781,0.40882907815741,0.29850961728398,0.34885273729692,0.41839993538691,0.48417232051322,0.82105263157895,0.84670571669375,0.7796131553342,0.56924039179709,0.66524177902607,0.79786422063898,"28,22,16",-0.33333333333333,0.43333333333333,3,affektiv,0.84670571669375,1,1.9069415474043,0.54725693900119,0.18054854266915,0,0.63943319476357,Perturbativ,"{'kognition': 0.2538999273042, 'sozial': 0.43055993628435, 'affektiv': 0.44401241212781, 'motivation': 0.40882907815741, 'methodik': 0.29850961728398, 'performanz': 0.34885273729692, 'regulation': 0.41839993538691}",1.9069415474043,0.999999999475604,mittlere Dichte,2025-12-04T15:35:00,0.2538999273042,0.43055993628435,0.44401241212781,0.40882907815741,0.29850961728398,0.34885273729692,0.41839993538691,2025-12-04
103,271,83,0,9,7,2025-12-04 15:35:00,0.35154853227753,0.35179333912979,0.46763790112309,0.46611091678825,0.1954268526464,0.36907621631102,0.37722880803883,0.7941864900625,0.79473953545138,1.056445040197,1.0529954159833,0.44149058214438,0.83378344064939,0.85220103484974,"5,3,27,15,6",0.424,0.51,5,affektiv,1.056445040197,1,2.2591091038434,0.92583013672406,0.73279538373629,1,0.50961898205412,Kollapsiv,"{'kognition': 0.35154853227753, 'sozial': 0.35179333912979, 'affektiv': 0.46763790112309, 'motivation': 0.46611091678825, 'methodik': 0.1954268526464, 'performanz': 0.36907621631102, 'regulation': 0.37722880803883}",2.2591091038434,0.9999999995573489,Verdichtung / hohe Dichte,2025-12-04T15:35:00,0.35154853227753,0.35179333912979,0.46763790112309,0.46611091678825,0.1954268526464,0.36907621631102,0.37722880803883,2025-12-04
125,270,83,273,10,7,2025-12-04 15:35:00,0.38294783206019,0.3767492449482,0.36670687208883,0.37738552747148,0.42193737026591,0.36966072651177,0.34617481129627,0.91056418837076,0.89582533631274,0.87194682251409,0.89733827366576,1.0032725790156,0.87897042685394,0.82312617984175,"28,22,10,23,18,8,14,16,26,25,2",0.22272727272727,0.50454545454545,11,methodik,1.0032725790156,1,2.3777760617918,0.3132471199554,-0.13154922096046,1,0.75999238085588,Transformativ,"{'kognition': 0.38294783206019, 'sozial': 0.3767492449482, 'affektiv': 0.36670687208883, 'motivation': 0.37738552747148, 'methodik': 0.42193737026591, 'performanz': 0.36966072651177, 'regulation': 0.34617481129627}",2.3777760617918,0.9999999995794342,Verdichtung / hohe Dichte,2025-12-04T15:35:00,0.38294783206019,0.3767492449482,0.36670687208883,0.37738552747148,0.42193737026591,0.36966072651177,0.34617481129627,2025-12-04
105,310,91,0,9,7,2025-12-11 15:35:00,0.29045775653418,0.40192927936105,0.46936337407567,0.4868118114699,0.27007475607564,0.2960534047969,0.36906833516544,0.6,0.83026726672474,0.96956620406957,1.0056095260364,0.55789473684211,0.61155895782469,0.76238625451618,"5,3,6,18",0.5175,0.4,4,motivation,1.0056095260364,1,2.0657048614191,0.44927973937548,0.37229144669081,0,0.67681358480061,Transformativ,"{'kognition': 0.29045775653418, 'sozial': 0.40192927936105, 'affektiv': 0.46936337407567, 'motivation': 0.4868118114699, 'methodik': 0.27007475607564, 'performanz': 0.2960534047969, 'regulation': 0.36906833516544}",2.0657048614191,0.9999999995159039,mittlere Dichte,2025-12-11T15:35:00,0.29045775653418,0.40192927936105,0.46936337407567,0.4868118114699,0.27007475607564,0.2960534047969,0.36906833516544,2025-12-11
127,309,91,298,10,7,2025-12-11 15:35:00,0.33203223898951,0.41289685978543,0.41401868781352,0.41349058068509,0.41188296717217,0.36104291667952,0.27728193977304,0.80833740339,1.0052035203647,1.007934627314,1.0066489426882,1.0027351837815,0.87896432788954,0.67504698906711,"3,28,22,27,16,26,25,24,2,11,20",0.072727272727273,0.53636363636364,11,affektiv,1.007934627314,1,2.4345148095197,0.019057963781521,0.013363480540846,1,0.96732229120505,Homöostatisch (resilient),"{'kognition': 0.33203223898951, 'sozial': 0.41289685978543, 'affektiv': 0.41401868781352, 'motivation': 0.41349058068509, 'methodik': 0.41188296717217, 'performanz': 0.36104291667952, 'regulation': 0.27728193977304}",2.4345148095197,0.9999999995892417,Verdichtung / hohe Dichte,2025-12-11T15:35:00,0.33203223898951,0.41289685978543,0.41401868781352,0.41349058068509,0.41188296717217,0.36104291667952,0.27728193977304,2025-12-11
174,312,91,0,15,7,2025-12-11 15:35:00,0.25144250991801,0.55362644447034,0.3697358571809,0.39259322850114,0.36984610831032,0.34713492861249,0.28662095757428,0.41114661850217,0.90526315789474,0.60457417271445,0.64194943964616,0.60475445002342,0.56761822855473,0.46866871292743,"27,6,4",0.7,0.61666666666667,3,sozial,0.90526315789474,1,1.6351515834963,1.7933734854534,1.0013394182334,1,0.35528372437537,Kollapsiv,"{'kognition': 0.25144250991801, 'sozial': 0.55362644447034, 'affektiv': 0.3697358571809, 'motivation': 0.39259322850114, 'methodik': 0.36984610831032, 'performanz': 0.34713492861249, 'regulation': 0.28662095757428}",1.6351515834963,0.9999999993884334,Leerstelle / geringe Dichte,2025-12-11T15:35:00,0.25144250991801,0.55362644447034,0.3697358571809,0.39259322850114,0.36984610831032,0.34713492861249,0.28662095757428,2025-12-11
108,22,7,13,10,8,2025-09-11 17:10:00,0.44677883854874,0.31781342970627,0.29212877313642,0.3117431806195,0.49790287759918,0.38295949077519,0.34970704038911,0.6511025870318,0.46315789473684,0.42572696717998,0.4543115606151,0.72560699774513,0.55809696802574,0.50963729490904,28,0.6,0.35,1,methodik,0.72560699774513,1,1.45732637808,1.0174745539951,-0.66577693042466,1,0.49307364589615,Kollapsiv,"{'kognition': 0.44677883854874, 'sozial': 0.31781342970627, 'affektiv': 0.29212877313642, 'motivation': 0.3117431806195, 'methodik': 0.49790287759918, 'performanz': 0.38295949077519, 'regulation': 0.34970704038911}",1.45732637808,0.9999999993138114,Leerstelle / geringe Dichte,2025-09-11T17:10:00,0.44677883854874,0.31781342970627,0.29212877313642,0.3117431806195,0.49790287759918,0.38295949077519,0.34970704038911,2025-09-11
177,23,7,14,16,8,2025-09-11 17:10:00,0.12492298789811,0.51304117069053,0.38843937964477,0.41544475047787,0.51708382965083,0.2219201342987,0.28474423258964,0.24349505465607,1.0,0.7571310098212,0.80976883379299,1.0078797944322,0.43255813953488,0.55501244121673,"27,23,24",0.23333333333333,0.66666666666667,3,methodik,1.0078797944322,1,1.9491613083235,0.84733670915399,0.36090660579972,1,0.52117702544382,Kollapsiv,"{'kognition': 0.12492298789811, 'sozial': 0.51304117069053, 'affektiv': 0.38843937964477, 'motivation': 0.41544475047787, 'methodik': 0.51708382965083, 'performanz': 0.2219201342987, 'regulation': 0.28474423258964}",1.9491613083235,0.9999999994869594,mittlere Dichte,2025-09-11T17:10:00,0.12492298789811,0.51304117069053,0.38843937964477,0.41544475047787,0.51708382965083,0.2219201342987,0.28474423258964,2025-09-11
200,24,7,17,17,8,2025-09-11 17:10:00,0.16213334912808,0.39857172556036,0.48635202697788,0.49239516648603,0.43794640281722,0.22873262631174,0.30289667479877,0.37021276595745,0.91009247477871,1.1105286488239,1.1243274595214,1.0,0.52228451892823,0.6916295529551,"1,6,14,13",0.845,0.5375,4,motivation,1.1243274595214,1,2.2833844350113,0.0,0.0,0,0.93023951321831,Homöostatisch (resilient),"{'kognition': 0.16213334912808, 'sozial': 0.39857172556036, 'affektiv': 0.48635202697788, 'motivation': 0.49239516648603, 'methodik': 0.43794640281722, 'performanz': 0.22873262631174, 'regulation': 0.30289667479877}",2.2833844350113,0.9999999995620545,Verdichtung / hohe Dichte,2025-09-11T17:10:00,0.16213334912808,0.39857172556036,0.48635202697788,0.49239516648603,0.43794640281722,0.22873262631174,0.30289667479877,2025-09-11
211,21,7,16,18,8,2025-09-11 17:10:00,0.45283284130425,0.26693304329514,0.41841359598201,0.40766888443124,0.20496644395877,0.45283284130425,0.36790825674216,1.0,0.58947368421053,0.9239912784967,0.90026351281651,0.45263157894737,1.0,0.81245930768296,2,0.7,0.3,1,kognition,1.0,1,2.208320396257,0.0,0.0,0,0.96290339108358,Homöostatisch (resilient),"{'kognition': 0.45283284130425, 'sozial': 0.26693304329514, 'affektiv': 0.41841359598201, 'motivation': 0.40766888443124, 'methodik': 0.20496644395877, 'performanz': 0.45283284130425, 'regulation': 0.36790825674216}",2.208320396257,0.9999999995471661,Verdichtung / hohe Dichte,2025-09-11T17:10:00,0.45283284130425,0.26693304329514,0.41841359598201,0.40766888443124,0.20496644395877,0.45283284130425,0.36790825674216,2025-09-11
201,44,15,17,17,8,2025-09-18 17:10:00,0.18166978499224,0.41326474379714,0.44989256281638,0.47136944309595,0.46384170858028,0.24103352693509,0.3136392484111,0.39332329256155,0.89473684210526,0.97403772516961,1.0205361413255,1.0042382559872,0.52184847599111,0.67904314339808,"1,6,23,13",0.845,0.5875,4,motivation,1.0205361413255,1,2.1650451801695,0.17420927793995,-0.1183392548418,0,0.81351231767402,Koordinativ,"{'kognition': 0.18166978499224, 'sozial': 0.41326474379714, 'affektiv': 0.44989256281638, 'motivation': 0.47136944309595, 'methodik': 0.46384170858028, 'performanz': 0.24103352693509, 'regulation': 0.3136392484111}",2.1650451801695,0.9999999995381205,Verdichtung / hohe Dichte,2025-09-18T17:10:00,0.18166978499224,0.41326474379714,0.44989256281638,0.47136944309595,0.46384170858028,0.24103352693509,0.3136392484111,2025-09-18
223,45,15,18,19,8,2025-09-18 17:10:00,0.29919604578225,0.30026673347357,0.43840361044905,0.42114251906547,0.43500390981218,0.29883732006198,0.41500689282788,0.41861939333332,0.42011744331796,0.61339130656453,0.58924049406174,0.60863462398739,0.41811748314597,0.58065584807624,"5,28,2",0.7,0.35,3,affektiv,0.61339130656453,1,1.3991474785024,0.0,0.0,0,0.99210918781254,Homöostatisch (resilient),"{'kognition': 0.29919604578225, 'sozial': 0.30026673347357, 'affektiv': 0.43840361044905, 'motivation': 0.42114251906547, 'methodik': 0.43500390981218, 'performanz': 0.29883732006198, 'regulation': 0.41500689282788}",1.3991474785024,0.9999999992852777,Leerstelle / geringe Dichte,2025-09-18T17:10:00,0.29919604578225,0.30026673347357,0.43840361044905,0.42114251906547,0.43500390981218,0.29883732006198,0.41500689282788,2025-09-18
181,72,24,68,16,8,2025-09-25 17:10:00,0.3110011986834,0.39430551783729,0.42225321439583,0.41236603537882,0.38655679729998,0.33982000590761,0.3668161584421,0.80694822153516,1.0230961736074,1.0956114697844,1.0699574158529,1.0029907325891,0.88172377010152,0.95177011515813,"5,6,10,23,9,8,14,13,7,12,2",0.80454545454545,0.53636363636364,11,affektiv,1.0956114697844,1,2.5946788135876,0.25701725338716,-0.14680906787231,0,0.7897774973712,Koordinativ,"{'kognition': 0.3110011986834, 'sozial': 0.39430551783729, 'affektiv': 0.42225321439583, 'motivation': 0.41236603537882, 'methodik': 0.38655679729998, 'performanz': 0.33982000590761, 'regulation': 0.3668161584421}",2.5946788135876,0.999999999614594,Verdichtung / hohe Dichte,2025-09-25T17:10:00,0.3110011986834,0.39430551783729,0.42225321439583,0.41236603537882,0.38655679729998,0.33982000590761,0.3668161584421,2025-09-25
202,74,24,70,17,8,2025-09-25 17:10:00,-0.043273400751603,0.3853776839742,0.4045127345493,0.4640300243132,0.62986689077541,-0.0015689292833696,0.27188651073344,-0.069103279993881,0.61540950183066,0.64596625805092,0.74100939927848,1.0058342389583,-0.0025054226771228,0.43417548312461,"6,10,23,4,9,12",0.825,0.64166666666667,6,methodik,1.0058342389583,1,1.5968996831858,0.90140884971531,-0.56814549698374,1,0.49168424292929,Kollapsiv,"{'kognition': -0.043273400751603, 'sozial': 0.3853776839742, 'affektiv': 0.4045127345493, 'motivation': 0.4640300243132, 'methodik': 0.62986689077541, 'performanz': -0.0015689292833696, 'regulation': 0.27188651073344}",1.5968996831858,0.999999999373786,Leerstelle / geringe Dichte,2025-09-25T17:10:00,-0.043273400751603,0.3853776839742,0.4045127345493,0.4640300243132,0.62986689077541,-0.0015689292833696,0.27188651073344,2025-09-25
212,71,24,67,18,8,2025-09-25 17:10:00,0.39035824250122,0.35113564397239,0.42462017917145,0.41396082308924,0.24949111545407,0.39808982892219,0.38979098626248,0.88936170212766,0.8,0.96742142009334,0.94313597652716,0.56842105263158,0.90697674418605,0.88806930986049,3,0.92,0.5,1,affektiv,0.96742142009334,1,2.278321820589,0.29675543585128,0.07000142433202,1,0.76188351447542,Koordinativ,"{'kognition': 0.39035824250122, 'sozial': 0.35113564397239, 'affektiv': 0.42462017917145, 'motivation': 0.41396082308924, 'methodik': 0.24949111545407, 'performanz': 0.39808982892219, 'regulation': 0.38979098626248}",2.278321820589,0.9999999995610765,Verdichtung / hohe Dichte,2025-09-25T17:10:00,0.39035824250122,0.35113564397239,0.42462017917145,0.41396082308924,0.24949111545407,0.39808982892219,0.38979098626248,2025-09-25
224,73,24,69,19,8,2025-09-25 17:10:00,0.35516426222441,0.32007297633923,0.42960990952815,0.43240987202983,0.30766765746283,0.3649524868146,0.41475168326323,0.70206162901719,0.63269585111331,0.84922010744057,0.85475485979095,0.60817396277833,0.72141024494475,0.81984949883676,"5,28,2",0.7,0.35,3,motivation,0.85475485979095,1,1.9767237397845,0.63312123348843,0.57757626128209,1,0.60901393114429,Perturbativ,"{'kognition': 0.35516426222441, 'sozial': 0.32007297633923, 'affektiv': 0.42960990952815, 'motivation': 0.43240987202983, 'methodik': 0.30766765746283, 'performanz': 0.3649524868146, 'regulation': 0.41475168326323}",1.9767237397845,0.9999999994941053,mittlere Dichte,2025-09-25T17:10:00,0.35516426222441,0.32007297633923,0.42960990952815,0.43240987202983,0.30766765746283,0.3649524868146,0.41475168326323,2025-09-25
183,100,33,96,16,8,2025-10-02 17:10:00,0.25854009831091,0.42037091575846,0.40470473316834,0.41906852761166,0.47454760584207,0.28189579056744,0.33523169745204,0.55028866757567,0.89473684210526,0.86139221664933,0.89196477911522,1.0100490075857,0.6,0.71352260374779,"23,4,26",0.75,0.7,3,methodik,1.0100490075857,1,2.1284461130489,0.54941338947508,-0.46229274999704,1,0.63519834594588,Perturbativ,"{'kognition': 0.25854009831091, 'sozial': 0.42037091575846, 'affektiv': 0.40470473316834, 'motivation': 0.41906852761166, 'methodik': 0.47454760584207, 'performanz': 0.28189579056744, 'regulation': 0.33523169745204}",2.1284461130489,0.9999999995301709,mittlere Dichte,2025-10-02T17:10:00,0.25854009831091,0.42037091575846,0.40470473316834,0.41906852761166,0.47454760584207,0.28189579056744,0.33523169745204,2025-10-02
203,102,33,98,17,8,2025-10-02 17:10:00,0.12601619155506,0.39820719476986,0.44442295152564,0.50310543779242,0.50352519011065,0.12642943693221,0.3246568764123,0.22509755069482,0.71130116777562,0.79385447716275,0.89867659378387,0.89942638012139,0.22583571395055,0.57992125293446,"1,6,10,9,14",0.836,0.6,5,methodik,0.89942638012139,1,1.7862589544333,0.47663754202437,0.18935927124745,0,0.64553739132075,Transformativ,"{'kognition': 0.12601619155506, 'sozial': 0.39820719476986, 'affektiv': 0.44442295152564, 'motivation': 0.50310543779242, 'methodik': 0.50352519011065, 'performanz': 0.12642943693221, 'regulation': 0.3246568764123}",1.7862589544333,0.99999999944017,mittlere Dichte,2025-10-02T17:10:00,0.12601619155506,0.39820719476986,0.44442295152564,0.50310543779242,0.50352519011065,0.12642943693221,0.3246568764123,2025-10-02
213,99,33,95,18,8,2025-10-02 17:10:00,0.39384606107339,0.34175289234503,0.42380148251301,0.38627539159316,0.32645052403107,0.3718831369322,0.39294637404647,0.81276595744681,0.70526315789474,0.87458388377248,0.79714263900649,0.67368421052632,0.76744186046512,0.81090930567316,3,0.92,0.5,1,affektiv,0.87458388377248,1,2.0636640489379,0.2850944098663,-0.21465777165106,0,0.77571533805986,Koordinativ,"{'kognition': 0.39384606107339, 'sozial': 0.34175289234503, 'affektiv': 0.42380148251301, 'motivation': 0.38627539159316, 'methodik': 0.32645052403107, 'performanz': 0.3718831369322, 'regulation': 0.39294637404647}",2.0636640489379,0.9999999995154272,mittlere Dichte,2025-10-02T17:10:00,0.39384606107339,0.34175289234503,0.42380148251301,0.38627539159316,0.32645052403107,0.3718831369322,0.39294637404647,2025-10-02
225,101,33,97,19,8,2025-10-02 17:10:00,0.34163531558742,0.32681868301619,0.45553780544139,0.43603532602809,0.37308795497462,0.33559890972507,0.35638758451869,0.62720156467401,0.6,0.83631290825346,0.80050868941264,0.68494484745746,0.61611944573275,0.6542849654058,"28,2",0.65,0.325,2,affektiv,0.83631290825346,1,1.835880354623,0.2327527154909,-0.14084338516148,1,0.80629596350794,Koordinativ,"{'kognition': 0.34163531558742, 'sozial': 0.32681868301619, 'affektiv': 0.45553780544139, 'motivation': 0.43603532602809, 'methodik': 0.37308795497462, 'performanz': 0.33559890972507, 'regulation': 0.35638758451869}",1.835880354623,0.9999999994552997,mittlere Dichte,2025-10-02T17:10:00,0.34163531558742,0.32681868301619,0.45553780544139,0.43603532602809,0.37308795497462,0.33559890972507,0.35638758451869,2025-10-02
185,125,42,120,16,8,2025-10-23 17:10:00,0.16436716441943,0.41773197878766,0.41110346570736,0.50251094751256,0.47342957595935,0.18464732460405,0.34457208003196,0.31063829787234,0.78947368421053,0.77694642532666,0.94969786665655,0.89473684210526,0.34896587055135,0.65120843821535,6,0.85,0.5,1,motivation,0.94969786665655,1,1.8899048286511,0.96600540421471,-0.6822478774849,0,0.49473809004382,Kollapsiv,"{'kognition': 0.16436716441943, 'sozial': 0.41773197878766, 'affektiv': 0.41110346570736, 'motivation': 0.50251094751256, 'methodik': 0.47342957595935, 'performanz': 0.18464732460405, 'regulation': 0.34457208003196}",1.8899048286511,0.999999999470873,mittlere Dichte,2025-10-23T17:10:00,0.16436716441943,0.41773197878766,0.41110346570736,0.50251094751256,0.47342957595935,0.18464732460405,0.34457208003196,2025-10-23
204,126,42,121,17,8,2025-10-23 17:10:00,0.20525149725446,0.43769602409073,0.4415153024746,0.48907759310559,0.40851628915135,0.24923115037499,0.3211847335175,0.37021276595745,0.78947368421053,0.79636252854719,0.88215078054685,0.73684210526316,0.44953900350208,0.57932190590261,"1,6,10,13",0.8775,0.6375,4,motivation,0.88215078054685,1,1.8037031188777,0.32237544611151,0.017444164444459,1,0.73824209319229,Transformativ,"{'kognition': 0.20525149725446, 'sozial': 0.43769602409073, 'affektiv': 0.4415153024746, 'motivation': 0.48907759310559, 'methodik': 0.40851628915135, 'performanz': 0.24923115037499, 'regulation': 0.3211847335175}",1.8037031188777,0.9999999994455814,mittlere Dichte,2025-10-23T17:10:00,0.20525149725446,0.43769602409073,0.4415153024746,0.48907759310559,0.40851628915135,0.24923115037499,0.3211847335175,2025-10-23
215,124,42,119,18,8,2025-10-23 17:10:00,0.25510872281853,0.40629788659419,0.31982528706295,0.39676835768185,0.63970305548872,0.24064253847266,0.20736294466923,0.31063829787234,0.49473684210526,0.38944173171389,0.48313301841728,0.77894736842105,0.29302325581395,0.25249968508394,22,-0.7,0.1,1,methodik,0.77894736842105,1,1.2176702316769,0.970485458824,-0.7618178649657,1,0.50041715396807,Kollapsiv,"{'kognition': 0.25510872281853, 'sozial': 0.40629788659419, 'affektiv': 0.31982528706295, 'motivation': 0.39676835768185, 'methodik': 0.63970305548872, 'performanz': 0.24064253847266, 'regulation': 0.20736294466923}",1.2176702316769,0.9999999991787609,Leerstelle / geringe Dichte,2025-10-23T17:10:00,0.25510872281853,0.40629788659419,0.31982528706295,0.39676835768185,0.63970305548872,0.24064253847266,0.20736294466923,2025-10-23
187,153,50,147,16,8,2025-10-30 17:10:00,0.22678137924776,0.40755358078938,0.40191270077845,0.4200732005914,0.45550106088225,0.27330063652935,0.40286538273585,0.49787234042553,0.89473684210526,0.88235294117647,0.92222222222222,1.0,0.6,0.88444444444444,,,,0,methodik,1.0,1,2.1953845675082,0.4906671828208,0.33960146174031,0,0.65772006270059,Transformativ,"{'kognition': 0.22678137924776, 'sozial': 0.40755358078938, 'affektiv': 0.40191270077845, 'motivation': 0.4200732005914, 'methodik': 0.45550106088225, 'performanz': 0.27330063652935, 'regulation': 0.40286538273585}",2.1953845675082,0.9999999995444991,Verdichtung / hohe Dichte,2025-10-30T17:10:00,0.22678137924776,0.40755358078938,0.40191270077845,0.4200732005914,0.45550106088225,0.27330063652935,0.40286538273585,2025-10-30
205,154,50,148,17,8,2025-10-30 17:10:00,0.13075995260075,0.40914191413723,0.38675570359421,0.4593965465835,0.59692465126961,0.13110485415607,0.28525785589446,0.21970314678041,0.68744110278298,0.64982774484756,0.77187904168657,1.0029540518049,0.22028265109748,0.47929084813301,"1,6,10,9,13,7",0.85166666666667,0.63333333333333,6,methodik,1.0029540518049,1,1.6802020976596,0.44729894711627,-0.12350102121813,1,0.65836155904204,Transformativ,"{'kognition': 0.13075995260075, 'sozial': 0.40914191413723, 'affektiv': 0.38675570359421, 'motivation': 0.4593965465835, 'methodik': 0.59692465126961, 'performanz': 0.13110485415607, 'regulation': 0.28525785589446}",1.6802020976596,0.9999999994048299,Leerstelle / geringe Dichte,2025-10-30T17:10:00,0.13075995260075,0.40914191413723,0.38675570359421,0.4593965465835,0.59692465126961,0.13110485415607,0.28525785589446,2025-10-30
216,151,50,145,18,8,2025-10-30 17:10:00,0.30324178165446,0.46486582984538,0.31238095512365,0.41084934204042,0.6022125522997,0.20073751743323,0.15036498283258,0.30212765957447,0.46315789473684,0.31123325536548,0.40933986560541,0.6,0.2,0.14981253604732,"22,10,24",-0.09,0.56666666666667,3,methodik,0.6,1,0.99632596017227,0.25268912406376,-0.2213442715046,0,0.78528245090436,Koordinativ,"{'kognition': 0.30324178165446, 'sozial': 0.46486582984538, 'affektiv': 0.31238095512365, 'motivation': 0.41084934204042, 'methodik': 0.6022125522997, 'performanz': 0.20073751743323, 'regulation': 0.15036498283258}",0.99632596017227,0.9999999989963161,Leerstelle / geringe Dichte,2025-10-30T17:10:00,0.30324178165446,0.46486582984538,0.31238095512365,0.41084934204042,0.6022125522997,0.20073751743323,0.15036498283258,2025-10-30
226,152,50,146,19,8,2025-10-30 17:10:00,0.27995910510469,0.38316042721382,0.41374191874733,0.3674769660847,0.43239840551885,0.28924267957199,0.44492648835481,0.32294264279596,0.44198898597346,0.47726580861076,0.42389756371617,0.49878672017758,0.33365157141588,0.51323830294963,"5,28",0.7,0.375,2,regulation,0.51323830294963,1,1.153535057898,0.72293073058195,-0.68234529672502,1,0.57873555792606,Perturbativ,"{'kognition': 0.27995910510469, 'sozial': 0.38316042721382, 'affektiv': 0.41374191874733, 'motivation': 0.3674769660847, 'methodik': 0.43239840551885, 'performanz': 0.28924267957199, 'regulation': 0.44492648835481}",1.153535057898,0.9999999991331028,Leerstelle / geringe Dichte,2025-10-30T17:10:00,0.27995910510469,0.38316042721382,0.41374191874733,0.3674769660847,0.43239840551885,0.28924267957199,0.44492648835481,2025-10-30
189,175,56,190,16,8,2025-11-06 17:10:00,0.30680831328615,0.3858448889268,0.4143644702044,0.40866026855597,0.38080413661407,0.33559000396455,0.40082266570314,0.80858274115099,1.0168809137077,1.0920432877611,1.0770100608072,1.0035961846244,0.88443589550144,1.0563543284676,"5,28,27,1,6,10,23,4,9,8,14,13,7,12,2",0.77333333333333,0.54666666666667,15,affektiv,1.0920432877611,1,2.6354655523628,0.78222047271799,0.63675697863037,1,0.55808545852282,Perturbativ,"{'kognition': 0.30680831328615, 'sozial': 0.3858448889268, 'affektiv': 0.4143644702044, 'motivation': 0.40866026855597, 'methodik': 0.38080413661407, 'performanz': 0.33559000396455, 'regulation': 0.40082266570314}",2.6354655523628,0.9999999996205613,Verdichtung / hohe Dichte,2025-11-06T17:10:00,0.30680831328615,0.3858448889268,0.4143644702044,0.40866026855597,0.38080413661407,0.33559000396455,0.40082266570314,2025-11-06
206,177,56,192,17,8,2025-11-06 17:10:00,0.13648854393907,0.37426941378839,0.48796548781441,0.50767277127026,0.41010637008048,0.1810428263911,0.38011522241881,0.22636113117846,0.62071178595366,0.80927246060316,0.84195625110146,0.68014603391438,0.30025273763582,0.63040684032267,"1,6,9,13,7",0.846,0.6,5,motivation,0.84195625110146,1,1.6584624944275,0.41020340977777,-0.02173960323213,1,0.68561492058167,Transformativ,"{'kognition': 0.13648854393907, 'sozial': 0.37426941378839, 'affektiv': 0.48796548781441, 'motivation': 0.50767277127026, 'methodik': 0.41010637008048, 'performanz': 0.1810428263911, 'regulation': 0.38011522241881}",1.6584624944275,0.9999999993970301,Leerstelle / geringe Dichte,2025-11-06T17:10:00,0.13648854393907,0.37426941378839,0.48796548781441,0.50767277127026,0.41010637008048,0.1810428263911,0.38011522241881,2025-11-06
217,174,56,189,18,8,2025-11-06 17:10:00,0.016726320934755,0.33100508797199,-0.22294239464875,0.53210189786107,0.31970497274184,-0.62933664616535,-0.24299018338543,0.0042553191489362,0.084210526315789,-0.056718452596906,0.1353712752485,0.081335680322363,-0.16010862711537,-0.061818781571688,15,-0.85,0.55,1,performanz,-0.16010862711537,1,0.25440855456551,0.94141117560031,-0.74191740560675,1,0.51265145365371,Kollapsiv,"{'kognition': 0.016726320934755, 'sozial': 0.33100508797199, 'affektiv': -0.22294239464875, 'motivation': 0.53210189786107, 'methodik': 0.31970497274184, 'performanz': -0.62933664616535, 'regulation': -0.24299018338543}",0.25440855456551,0.9999999960693127,Leerstelle / geringe Dichte,2025-11-06T17:10:00,0.016726320934755,0.33100508797199,-0.22294239464875,0.53210189786107,0.31970497274184,-0.62933664616535,-0.24299018338543,2025-11-06
227,176,56,191,19,8,2025-11-06 17:10:00,0.34630444499808,0.34784012422299,0.48282189024977,0.4260122102928,0.34053081744172,0.35971042380199,0.31484007162671,0.68510638297872,0.68814447173094,0.95518369350935,0.84279508598306,0.67368421052632,0.71162790697674,0.62285929564126,14,0.75,0.4,1,affektiv,0.95518369350935,1,1.9783355152609,0.88380299906255,0.82480045736295,1,0.52758044330944,Kollapsiv,"{'kognition': 0.34630444499808, 'sozial': 0.34784012422299, 'affektiv': 0.48282189024977, 'motivation': 0.4260122102928, 'methodik': 0.34053081744172, 'performanz': 0.35971042380199, 'regulation': 0.31484007162671}",1.9783355152609,0.9999999994945281,mittlere Dichte,2025-11-06T17:10:00,0.34630444499808,0.34784012422299,0.48282189024977,0.4260122102928,0.34053081744172,0.35971042380199,0.31484007162671,2025-11-06
273,178,56,193,22,8,2025-11-06 17:10:00,0.23720298294288,0.44100790564766,0.40511336785157,0.38697611141289,0.47025574022171,0.27680197853465,0.37097118884559,0.5061370187461,0.9410102007938,0.86441945086316,0.82571868585499,1.0034184033064,0.59063223598789,0.79156783457574,"1,23,8,7,2",0.794,0.51,5,methodik,1.0034184033064,1,2.1337717267695,0.61322417247303,0.39818098844438,0,0.60932851963664,Perturbativ,"{'kognition': 0.23720298294288, 'sozial': 0.44100790564766, 'affektiv': 0.40511336785157, 'motivation': 0.38697611141289, 'methodik': 0.47025574022171, 'performanz': 0.27680197853465, 'regulation': 0.37097118884559}",2.1337717267695,0.9999999995313471,Verdichtung / hohe Dichte,2025-11-06T17:10:00,0.23720298294288,0.44100790564766,0.40511336785157,0.38697611141289,0.47025574022171,0.27680197853465,0.37097118884559,2025-11-06
191,211,66,224,16,8,2025-11-13 17:10:00,0.20786956050958,0.39440275718314,0.42512563784481,0.45029655145093,0.49254466367509,0.2036606013658,0.36559544785892,0.42436132173389,0.80516490689368,0.86788501951189,0.91927090853268,1.0055195382034,0.41576882045087,0.74635539274234,"27,1,10,23,12",0.75,0.62,5,methodik,1.0055195382034,1,2.0414788990063,0.30584020510983,-0.2277126147772,1,0.73926123934244,Transformativ,"{'kognition': 0.20786956050958, 'sozial': 0.39440275718314, 'affektiv': 0.42512563784481, 'motivation': 0.45029655145093, 'methodik': 0.49254466367509, 'performanz': 0.2036606013658, 'regulation': 0.36559544785892}",2.0414788990063,0.9999999995101583,mittlere Dichte,2025-11-13T17:10:00,0.20786956050958,0.39440275718314,0.42512563784481,0.45029655145093,0.49254466367509,0.2036606013658,0.36559544785892,2025-11-13
218,209,66,222,18,8,2025-11-13 17:10:00,0.45981487678381,0.38573943667951,0.34888058309997,0.216113497937,0.56059796037266,0.39457443805881,-0.037330933568151,0.48936170212766,0.41052631578947,0.37129898271074,0.23000053835347,0.59662091408635,0.41992903747503,-0.039729748025344,15,-0.85,0.55,1,methodik,0.59662091408635,1,1.0642580881478,1.0660273493262,0.80984953358227,1,0.475620403342,Kollapsiv,"{'kognition': 0.45981487678381, 'sozial': 0.38573943667951, 'affektiv': 0.34888058309997, 'motivation': 0.216113497937, 'methodik': 0.56059796037266, 'performanz': 0.39457443805881, 'regulation': -0.037330933568151}",1.0642580881478,0.9999999990603793,Leerstelle / geringe Dichte,2025-11-13T17:10:00,0.45981487678381,0.38573943667951,0.34888058309997,0.216113497937,0.56059796037266,0.39457443805881,-0.037330933568151,2025-11-13
228,212,66,225,19,8,2025-11-13 17:10:00,0.34151428598835,0.34151428598835,0.41769963314678,0.37178660936256,0.34151428598835,0.34151428598835,0.46986562152687,0.6,0.6,0.73384859776149,0.65318487328271,0.6,0.6,0.82549803765966,2,0.7,0.3,1,regulation,0.82549803765966,1,1.7568811153011,0.39863067362426,-0.22145439995978,1,0.71154869077951,Transformativ,"{'kognition': 0.34151428598835, 'sozial': 0.34151428598835, 'affektiv': 0.41769963314678, 'motivation': 0.37178660936256, 'methodik': 0.34151428598835, 'performanz': 0.34151428598835, 'regulation': 0.46986562152687}",1.7568811153011,0.9999999994308126,Leerstelle / geringe Dichte,2025-11-13T17:10:00,0.34151428598835,0.34151428598835,0.41769963314678,0.37178660936256,0.34151428598835,0.34151428598835,0.46986562152687,2025-11-13
275,210,66,223,22,8,2025-11-13 17:10:00,0.18528863555032,0.38436157332288,0.42301998439468,0.40353837443695,0.55642951541752,0.15182146712295,0.37878966595531,0.33491079877563,0.69473684210526,0.7646122518572,0.72939907468094,1.0057511240089,0.27441860465116,0.68466557172415,"23,4,2",0.76666666666667,0.55,3,methodik,1.0057511240089,1,1.8075085803057,0.21063609913209,0.080756599219813,0,0.78975957199438,Koordinativ,"{'kognition': 0.18528863555032, 'sozial': 0.38436157332288, 'affektiv': 0.42301998439468, 'motivation': 0.40353837443695, 'methodik': 0.55642951541752, 'performanz': 0.15182146712295, 'regulation': 0.37878966595531}",1.8075085803057,0.9999999994467534,mittlere Dichte,2025-11-13T17:10:00,0.18528863555032,0.38436157332288,0.42301998439468,0.40353837443695,0.55642951541752,0.15182146712295,0.37878966595531,2025-11-13
193,252,78,258,16,8,2025-11-27 17:10:00,0.30370253102599,0.39059421073572,0.41423455779436,0.40748511643942,0.38001672801529,0.33533487313642,0.40087947655803,0.80015350777752,1.029083711558,1.0913680348402,1.0735855384038,1.0012156201278,0.88349403646318,1.0561819102406,"27,1,8,14,13,7,12",0.76714285714286,0.54285714285714,7,affektiv,1.0913680348402,1,2.6346619660056,0.76710767484673,0.46117069406397,1,0.56268148620036,Perturbativ,"{'kognition': 0.30370253102599, 'sozial': 0.39059421073572, 'affektiv': 0.41423455779436, 'motivation': 0.40748511643942, 'methodik': 0.38001672801529, 'performanz': 0.33533487313642, 'regulation': 0.40087947655803}",2.6346619660056,0.9999999996204475,Verdichtung / hohe Dichte,2025-11-27T17:10:00,0.30370253102599,0.39059421073572,0.41423455779436,0.40748511643942,0.38001672801529,0.33533487313642,0.40087947655803,2025-11-27
219,253,78,259,18,8,2025-11-27 17:10:00,0.46129875486033,0.3253370165857,0.3263943974566,0.3301457506079,0.42730832029167,0.40408414413009,0.34634284750443,1.0,0.70526315789474,0.70755534025975,0.71568749564014,0.92631578947368,0.87597059361767,0.75079944147974,6,0.85,0.5,1,kognition,1.0,1,2.1677925400893,1.2799181407668,1.1035344519415,1,0.43621171574516,Kollapsiv,"{'kognition': 0.46129875486033, 'sozial': 0.3253370165857, 'affektiv': 0.3263943974566, 'motivation': 0.3301457506079, 'methodik': 0.42730832029167, 'performanz': 0.40408414413009, 'regulation': 0.34634284750443}",2.1677925400893,0.9999999995386991,Verdichtung / hohe Dichte,2025-11-27T17:10:00,0.46129875486033,0.3253370165857,0.3263943974566,0.3301457506079,0.42730832029167,0.40408414413009,0.34634284750443,2025-11-27
229,254,78,260,19,8,2025-11-27 17:10:00,0.36418702128903,0.39956257090235,0.39308405106973,0.38181318827774,0.27460090910029,0.40232226217019,0.41249523715862,0.79574468085106,0.87303987203428,0.85888437665625,0.83425766403047,0.6,0.87906976744186,0.90129760715681,5,0.8,0.4,1,regulation,0.90129760715681,1,2.1849891236386,0.49488742476546,0.42810800833746,0,0.66490456923855,Transformativ,"{'kognition': 0.36418702128903, 'sozial': 0.39956257090235, 'affektiv': 0.39308405106973, 'motivation': 0.38181318827774, 'methodik': 0.27460090910029, 'performanz': 0.40232226217019, 'regulation': 0.41249523715862}",2.1849891236386,0.999999999542333,Verdichtung / hohe Dichte,2025-11-27T17:10:00,0.36418702128903,0.39956257090235,0.39308405106973,0.38181318827774,0.27460090910029,0.40232226217019,0.41249523715862,2025-11-27
194,274,84,275,16,8,2025-12-04 17:10:00,0.37490176411301,0.34494905482777,0.40581408699265,0.40119715453386,0.37406098424344,0.34747886204419,0.39262119986423,1.0036011894654,0.92341865221462,1.0863525845797,1.0739931897972,1.0013504460495,0.93019087303231,1.0510356069552,"27,1,4,8,14,7",0.75333333333333,0.56666666666667,6,affektiv,1.0863525845797,1,2.6769711032568,0.2340693957618,0.042309137251128,0,0.80793380633153,Koordinativ,"{'kognition': 0.37490176411301, 'sozial': 0.34494905482777, 'affektiv': 0.40581408699265, 'motivation': 0.40119715453386, 'methodik': 0.37406098424344, 'performanz': 0.34747886204419, 'regulation': 0.39262119986423}",2.6769711032568,0.9999999996264434,Verdichtung / hohe Dichte,2025-12-04T17:10:00,0.37490176411301,0.34494905482777,0.40581408699265,0.40119715453386,0.37406098424344,0.34747886204419,0.39262119986423,2025-12-04
207,276,84,277,17,8,2025-12-04 17:10:00,0.2279251603892,0.21364784045375,0.51261938156446,0.61228563716325,0.21900183542955,0.24487947781254,0.39598563734982,0.21336528364164,0.2,0.47987321610715,0.57317278364513,0.20501198136562,0.2292365579661,0.37069004442901,"3,27,1,6,13",0.79,0.57,5,motivation,0.57317278364513,1,0.9361199222121,0.81003962451319,-0.72234257221536,0,0.54646542572804,Kollapsiv,"{'kognition': 0.2279251603892, 'sozial': 0.21364784045375, 'affektiv': 0.51261938156446, 'motivation': 0.61228563716325, 'methodik': 0.21900183542955, 'performanz': 0.24487947781254, 'regulation': 0.39598563734982}",0.9361199222121,0.9999999989317635,Leerstelle / geringe Dichte,2025-12-04T17:10:00,0.2279251603892,0.21364784045375,0.51261938156446,0.61228563716325,0.21900183542955,0.24487947781254,0.39598563734982,2025-12-04
220,273,84,274,18,8,2025-12-04 17:10:00,0.42761504365482,0.42271215734716,0.38772978407571,0.34406042440973,0.32202353278138,0.39793376993562,0.3281728256598,0.90511457299348,0.89473684210526,0.82069114068359,0.72825806468808,0.68161351358476,0.84228948349558,0.69462946024158,"6,23,4",0.81666666666667,0.61666666666667,3,kognition,0.90511457299348,1,2.1166574609486,0.3493278368622,-0.051135079140669,0,0.73702455423864,Transformativ,"{'kognition': 0.42761504365482, 'sozial': 0.42271215734716, 'affektiv': 0.38772978407571, 'motivation': 0.34406042440973, 'methodik': 0.32202353278138, 'performanz': 0.39793376993562, 'regulation': 0.3281728256598}",2.1166574609486,0.9999999995275585,mittlere Dichte,2025-12-04T17:10:00,0.42761504365482,0.42271215734716,0.38772978407571,0.34406042440973,0.32202353278138,0.39793376993562,0.3281728256598,2025-12-04
230,275,84,276,19,8,2025-12-04 17:10:00,0.36829205285056,0.32379821863894,0.45098434902916,0.40146138094652,0.31516998434551,0.38949604533397,0.37936560815896,0.78723404255319,0.69212729044165,0.96399102143673,0.85813436213286,0.67368421052632,0.83255813953488,0.81090406107082,"5,7",0.8,0.475,2,affektiv,0.96399102143673,1,2.1375265528858,0.24532220490096,-0.047462570752789,1,0.79759240168496,Koordinativ,"{'kognition': 0.36829205285056, 'sozial': 0.32379821863894, 'affektiv': 0.45098434902916, 'motivation': 0.40146138094652, 'methodik': 0.31516998434551, 'performanz': 0.38949604533397, 'regulation': 0.37936560815896}",2.1375265528858,0.9999999995321706,Verdichtung / hohe Dichte,2025-12-04T17:10:00,0.36829205285056,0.32379821863894,0.45098434902916,0.40146138094652,0.31516998434551,0.38949604533397,0.37936560815896,2025-12-04
279,277,84,278,22,8,2025-12-04 17:10:00,0.26532687979986,0.35525002316897,0.44529697654229,0.41280826979466,0.46012051633319,0.24496980103653,0.40370522534674,0.51888063779272,0.69473684210526,0.87083517271121,0.80729935270312,0.89982450009052,0.47906976744186,0.78949718538198,"23,4,13,2",0.795,0.575,4,methodik,0.89982450009052,1,1.9556278576781,0.18977030851579,0.088561792531967,0,0.82401335656057,Koordinativ,"{'kognition': 0.26532687979986, 'sozial': 0.35525002316897, 'affektiv': 0.44529697654229, 'motivation': 0.41280826979466, 'methodik': 0.46012051633319, 'performanz': 0.24496980103653, 'regulation': 0.40370522534674}",1.9556278576781,0.9999999994886546,mittlere Dichte,2025-12-04T17:10:00,0.26532687979986,0.35525002316897,0.44529697654229,0.41280826979466,0.46012051633319,0.24496980103653,0.40370522534674,2025-12-04
208,314,92,301,17,8,2025-12-11 17:10:00,0.14298771188225,0.38097660159966,0.45029370043086,0.48468881078963,0.45817883929389,0.18988415396775,0.38825229085892,0.22519132873022,0.6,0.70916748987757,0.76333634468022,0.72158579404101,0.29904852923323,0.61145848206223,"1,6,10,9,13",0.862,0.65,5,motivation,0.76333634468022,1,1.5748998681276,0.76063759774706,0.63877994591555,0,0.55561744218126,Perturbativ,"{'kognition': 0.14298771188225, 'sozial': 0.38097660159966, 'affektiv': 0.45029370043086, 'motivation': 0.48468881078963, 'methodik': 0.45817883929389, 'performanz': 0.18988415396775, 'regulation': 0.38825229085892}",1.5748998681276,0.999999999365037,Leerstelle / geringe Dichte,2025-12-11T17:10:00,0.14298771188225,0.38097660159966,0.45029370043086,0.48468881078963,0.45817883929389,0.18988415396775,0.38825229085892,2025-12-11
231,313,92,300,19,8,2025-12-11 17:10:00,0.38876712746344,0.30976147900352,0.37602369441353,0.39768221789706,0.3226279285977,0.38747631490017,0.44624691100898,0.75303190451066,0.6,0.72834820318491,0.77030020487319,0.62492198120095,0.75053163384933,0.86436876356192,28,0.6,0.35,1,regulation,0.86436876356192,1,1.9369742216508,0.29131456867483,-0.20055233123507,1,0.77026950658311,Koordinativ,"{'kognition': 0.38876712746344, 'sozial': 0.30976147900352, 'affektiv': 0.37602369441353, 'motivation': 0.39768221789706, 'methodik': 0.3226279285977, 'performanz': 0.38747631490017, 'regulation': 0.44624691100898}",1.9369742216508,0.9999999994837311,mittlere Dichte,2025-12-11T17:10:00,0.38876712746344,0.30976147900352,0.37602369441353,0.39768221789706,0.3226279285977,0.38747631490017,0.44624691100898,2025-12-11
281,315,92,302,22,8,2025-12-11 17:10:00,0.33134663377968,0.33459416909948,0.46711720669002,0.43118690095073,0.42175957143685,0.31722691499796,0.30922721289528,0.62670590315164,0.63284826087652,0.88350108633062,0.81554284437718,0.79771208210292,0.6,0.58486943876865,"23,13,12",0.81666666666667,0.58333333333333,3,affektiv,0.88350108633062,1,1.8913905829416,0.3800178821342,0.19410056334116,1,0.71797892469952,Transformativ,"{'kognition': 0.33134663377968, 'sozial': 0.33459416909948, 'affektiv': 0.46711720669002, 'motivation': 0.43118690095073, 'methodik': 0.42175957143685, 'performanz': 0.31722691499796, 'regulation': 0.30922721289528}",1.8913905829416,0.9999999994712896,mittlere Dichte,2025-12-11T17:10:00,0.33134663377968,0.33459416909948,0.46711720669002,0.43118690095073,0.42175957143685,0.31722691499796,0.30922721289528,2025-12-11
196,319,94,306,16,8,2026-01-15 17:10:00,0.29860706925968,0.42741148447664,0.4060982146479,0.41719073503663,0.47287824103636,0.28152089412007,0.29380525212254,0.63641543238136,0.91093377451625,0.8655092175319,0.88915049024822,1.0078361874654,0.6,0.62618141301561,"23,4,26,12",0.7675,0.65,4,methodik,1.0078361874654,1,2.1312805274857,0.7160224379295,-0.58044245306409,1,0.57488791038865,Perturbativ,"{'kognition': 0.29860706925968, 'sozial': 0.42741148447664, 'affektiv': 0.4060982146479, 'motivation': 0.41719073503663, 'methodik': 0.47287824103636, 'performanz': 0.28152089412007, 'regulation': 0.29380525212254}",2.1312805274857,0.9999999995307952,Verdichtung / hohe Dichte,2026-01-15T17:10:00,0.29860706925968,0.42741148447664,0.4060982146479,0.41719073503663,0.47287824103636,0.28152089412007,0.29380525212254,2026-01-15
221,317,94,304,18,8,2026-01-15 17:10:00,0.46582583492403,0.21013379542499,0.41105175060108,0.4092672029531,0.43734909977128,0.39885724422809,0.22809111486962,0.65337436693074,0.29473684210526,0.57654740718396,0.57404437364151,0.6134324671739,0.55944320796585,0.31992405016516,28,0.6,0.35,1,kognition,0.65337436693074,1,1.4026151352715,0.85546243136278,-0.71404232567717,0,0.53382679609771,Kollapsiv,"{'kognition': 0.46582583492403, 'sozial': 0.21013379542499, 'affektiv': 0.41105175060108, 'motivation': 0.4092672029531, 'methodik': 0.43734909977128, 'performanz': 0.39885724422809, 'regulation': 0.22809111486962}",1.4026151352715,0.9999999992870445,Leerstelle / geringe Dichte,2026-01-15T17:10:00,0.46582583492403,0.21013379542499,0.41105175060108,0.4092672029531,0.43734909977128,0.39885724422809,0.22809111486962,2026-01-15
232,318,94,305,19,8,2026-01-15 17:10:00,0.39443945858962,0.28119953308737,0.38979147933783,0.4267053481902,0.2928196887579,0.38972870244784,0.44011095417768,0.84162186386077,0.6,0.83170439522041,0.91046811530292,0.62479411443457,0.83157044715307,0.93907187400827,28,0.6,0.35,1,regulation,0.93907187400827,1,2.1337162019126,0.22433365054293,0.19674198026188,0,0.80680022259921,Koordinativ,"{'kognition': 0.39443945858962, 'sozial': 0.28119953308737, 'affektiv': 0.38979147933783, 'motivation': 0.4267053481902, 'methodik': 0.2928196887579, 'performanz': 0.38972870244784, 'regulation': 0.44011095417768}",2.1337162019126,0.9999999995313298,Verdichtung / hohe Dichte,2026-01-15T17:10:00,0.39443945858962,0.28119953308737,0.38979147933783,0.4267053481902,0.2928196887579,0.38972870244784,0.44011095417768,2026-01-15
197,331,100,317,16,8,2026-01-29 17:10:00,0.18085939370195,0.44157097304108,0.44323710611035,0.46100724920244,0.39248462156698,0.24987592974859,0.38319183201033,0.41419529506202,1.0112641413085,1.015079837381,1.055776145771,0.89884899152732,0.57225357407573,0.87756710158185,"5,1,6,10,23",0.836,0.58,5,motivation,1.055776145771,1,2.2901508536722,0.43061152884855,0.15887032618644,1,0.6744698629025,Transformativ,"{'kognition': 0.18085939370195, 'sozial': 0.44157097304108, 'affektiv': 0.44323710611035, 'motivation': 0.46100724920244, 'methodik': 0.39248462156698, 'performanz': 0.24987592974859, 'regulation': 0.38319183201033}",2.2901508536722,0.9999999995633461,Verdichtung / hohe Dichte,2026-01-29T17:10:00,0.18085939370195,0.44157097304108,0.44323710611035,0.46100724920244,0.39248462156698,0.24987592974859,0.38319183201033,2026-01-29
209,330,100,316,17,8,2026-01-29 17:10:00,0.12909249908868,0.33195985232726,0.45185853985316,0.52363897684385,0.51182625770439,0.11255655723446,0.34659597040597,0.15555194181906,0.4,0.54447372076513,0.63096663427555,0.61673272128078,0.13562671081501,0.41763600986818,"27,1,6,23,9",0.74,0.6,5,motivation,0.63096663427555,1,1.2049649885785,0.40591061867883,-0.36993487954913,0,0.69368278133689,Transformativ,"{'kognition': 0.12909249908868, 'sozial': 0.33195985232726, 'affektiv': 0.45185853985316, 'motivation': 0.52363897684385, 'methodik': 0.51182625770439, 'performanz': 0.11255655723446, 'regulation': 0.34659597040597}",1.2049649885785,0.999999999170106,Leerstelle / geringe Dichte,2026-01-29T17:10:00,0.12909249908868,0.33195985232726,0.45185853985316,0.52363897684385,0.51182625770439,0.11255655723446,0.34659597040597,2026-01-29
222,329,100,315,18,8,2026-01-29 17:10:00,0.34316949680929,0.38586043899609,0.38205168221213,0.40804856442586,0.34470199216984,0.34864038761553,0.42486434894704,0.70212765957447,0.78947368421053,0.78168093598705,0.83487077434585,0.70526315789474,0.71332114790397,0.86927601006623,1,0.9,0.6,1,regulation,0.86927601006623,1,2.0460083595993,0.83135460209739,0.64339322432784,1,0.54491387765951,Kollapsiv,"{'kognition': 0.34316949680929, 'sozial': 0.38586043899609, 'affektiv': 0.38205168221213, 'motivation': 0.40804856442586, 'methodik': 0.34470199216984, 'performanz': 0.34864038761553, 'regulation': 0.42486434894704}",2.0460083595993,0.9999999995112379,mittlere Dichte,2026-01-29T17:10:00,0.34316949680929,0.38586043899609,0.38205168221213,0.40804856442586,0.34470199216984,0.34864038761553,0.42486434894704,2026-01-29
233,332,100,318,19,8,2026-01-29 17:10:00,0.34197990443029,0.29949792872466,0.46668067414398,0.40950662190203,0.3362783761119,0.35521847360367,0.41061039858519,0.68510638297872,0.6,0.93492601327406,0.82038621832039,0.67368421052632,0.71162790697674,0.8225974723772,2,0.7,0.3,1,affektiv,0.93492601327406,1,2.0033527519053,0.27131031500562,-0.13036345000731,1,0.7797182584791,Koordinativ,"{'kognition': 0.34197990443029, 'sozial': 0.29949792872466, 'affektiv': 0.46668067414398, 'motivation': 0.40950662190203, 'methodik': 0.3362783761119, 'performanz': 0.35521847360367, 'regulation': 0.41061039858519}",2.0033527519053,0.999999999500835,mittlere Dichte,2026-01-29T17:10:00,0.34197990443029,0.29949792872466,0.46668067414398,0.40950662190203,0.3362783761119,0.35521847360367,0.41061039858519,2026-01-29
282,333,100,319,22,8,2026-01-29 17:10:00,0.14113976202066,0.41892221100481,0.38267635845177,0.41079668045349,0.60617448979875,0.17647695062524,0.30132542760832,0.23406491703204,0.69473684210526,0.63462704491472,0.68126153502591,1.005274343887,0.29266779407009,0.49971538993004,"6,23,4",0.81666666666667,0.61666666666667,3,methodik,1.005274343887,1,1.6583910411911,0.61867058144988,-0.23299954175053,1,0.59591778223693,Perturbativ,"{'kognition': 0.14113976202066, 'sozial': 0.41892221100481, 'affektiv': 0.38267635845177, 'motivation': 0.41079668045349, 'methodik': 0.60617448979875, 'performanz': 0.17647695062524, 'regulation': 0.30132542760832}",1.6583910411911,0.9999999993970082,Leerstelle / geringe Dichte,2026-01-29T17:10:00,0.14113976202066,0.41892221100481,0.38267635845177,0.41079668045349,0.60617448979875,0.17647695062524,0.30132542760832,2026-01-29
199,350,105,335,16,8,2026-02-05 17:10:00,0.38719940384146,0.34521415784212,0.41460555247773,0.41527079574377,0.38420112433253,0.35778867226304,0.33306601484472,1.0129917979257,0.90314991953107,1.0846918147796,1.0864322254452,1.0051476935177,0.9360473874634,0.87136792530713,"5,3,28,27,1,6,23",0.74571428571429,0.50714285714286,7,motivation,1.0864322254452,1,2.6162018522974,0.39646093037039,0.21568852372662,1,0.71292913755178,Transformativ,"{'kognition': 0.38719940384146, 'sozial': 0.34521415784212, 'affektiv': 0.41460555247773, 'motivation': 0.41527079574377, 'methodik': 0.38420112433253, 'performanz': 0.35778867226304, 'regulation': 0.33306601484472}",2.6162018522974,0.9999999996177631,Verdichtung / hohe Dichte,2026-02-05T17:10:00,0.38719940384146,0.34521415784212,0.41460555247773,0.41527079574377,0.38420112433253,0.35778867226304,0.33306601484472,2026-02-05
210,349,105,334,17,8,2026-02-05 17:10:00,0.12491601481821,0.27722060038231,0.50865394221083,0.5286181920583,0.42076973412451,0.18776603058105,0.39632745226577,0.2,0.4438511759853,0.81439348341533,0.84635775937549,0.67368421052632,0.30062763506232,0.63455026618088,"1,6,10,14,13",0.852,0.59,5,motivation,0.84635775937549,1,1.601075732092,0.44796109459835,0.39611074351345,0,0.6659509415303,Transformativ,"{'kognition': 0.12491601481821, 'sozial': 0.27722060038231, 'affektiv': 0.50865394221083, 'motivation': 0.5286181920583, 'methodik': 0.42076973412451, 'performanz': 0.18776603058105, 'regulation': 0.39632745226577}",1.601075732092,0.9999999993754233,Leerstelle / geringe Dichte,2026-02-05T17:10:00,0.12491601481821,0.27722060038231,0.50865394221083,0.5286181920583,0.42076973412451,0.18776603058105,0.39632745226577,2026-02-05
234,347,105,332,19,8,2026-02-05 17:10:00,0.33872519387576,0.3903256974214,0.40796969777469,0.35725829640992,0.3538952989954,0.3886312602853,0.40319001500463,0.68510638297872,0.78947368421053,0.82516048130112,0.72259148025556,0.71578947368421,0.78604651162791,0.81549308355928,2,0.7,0.3,1,affektiv,0.82516048130112,1,2.0226023780542,0.25470377707266,0.019249626148919,0,0.79539066761548,Koordinativ,"{'kognition': 0.33872519387576, 'sozial': 0.3903256974214, 'affektiv': 0.40796969777469, 'motivation': 0.35725829640992, 'methodik': 0.3538952989954, 'performanz': 0.3886312602853, 'regulation': 0.40319001500463}",2.0226023780542,0.9999999995055908,mittlere Dichte,2026-02-05T17:10:00,0.33872519387576,0.3903256974214,0.40796969777469,0.35725829640992,0.3538952989954,0.3886312602853,0.40319001500463,2026-02-05
283,348,105,333,22,8,2026-02-05 17:10:00,0.13886665507618,0.47440128430203,0.40178671580653,0.38533890231106,0.54977633788542,0.16172580684749,0.3425369753031,0.23563087710867,0.80497071568576,0.68175730310608,0.65384842376907,0.93286815786312,0.27441860465116,0.58122151706281,"23,8,13",0.81666666666667,0.58333333333333,3,methodik,0.93286815786312,1,1.6968139460155,0.16536516099423,0.038422904824443,0,0.81786238368177,Koordinativ,"{'kognition': 0.13886665507618, 'sozial': 0.47440128430203, 'affektiv': 0.40178671580653, 'motivation': 0.38533890231106, 'methodik': 0.54977633788542, 'performanz': 0.16172580684749, 'regulation': 0.3425369753031}",1.6968139460155,0.9999999994106619,Leerstelle / geringe Dichte,2026-02-05T17:10:00,0.13886665507618,0.47440128430203,0.40178671580653,0.38533890231106,0.54977633788542,0.16172580684749,0.3425369753031,2026-02-05
27,50,16,46,4,9,2025-09-19 15:35:00,-0.14233841697205,0.16675738780847,0.37880692883583,0.48439942174539,0.73791605549534,-0.034245999907132,0.16763461336698,-0.11489361702128,0.1346042752049,0.30576775499209,0.39100056633532,0.59563571435941,-0.027642901203639,0.1353123596385,"17,5,15,6",-0.0375,0.5875,4,methodik,0.59563571435941,1,0.80718627706462,0.0,0.0,0,0.95062454628228,Homöostatisch (resilient),"{'kognition': -0.14233841697205, 'sozial': 0.16675738780847, 'affektiv': 0.37880692883583, 'motivation': 0.48439942174539, 'methodik': 0.73791605549534, 'performanz': -0.034245999907132, 'regulation': 0.16763461336698}",0.80718627706462,0.9999999987611267,Leerstelle / geringe Dichte,2025-09-19T15:35:00,-0.14233841697205,0.16675738780847,0.37880692883583,0.48439942174539,0.73791605549534,-0.034245999907132,0.16763461336698,2025-09-19
48,46,16,42,6,9,2025-09-19 15:35:00,0.26082250455587,0.18296504050934,0.55315942386221,0.51744411772161,0.18296504050934,0.30475210055241,0.44543417159778,0.28510638297872,0.2,0.60466133018888,0.56562075058834,0.2,0.33312604386503,0.48690631866915,"3,6,10",0.88333333333333,0.6,3,affektiv,0.60466133018888,1,1.0931049956881,0.75769947239515,-0.67104912966974,1,0.5610673278627,Perturbativ,"{'kognition': 0.26082250455587, 'sozial': 0.18296504050934, 'affektiv': 0.55315942386221, 'motivation': 0.51744411772161, 'methodik': 0.18296504050934, 'performanz': 0.30475210055241, 'regulation': 0.44543417159778}",1.0931049956881,0.99999999908517,Leerstelle / geringe Dichte,2025-09-19T15:35:00,0.26082250455587,0.18296504050934,0.55315942386221,0.51744411772161,0.18296504050934,0.30475210055241,0.44543417159778,2025-09-19
130,48,16,44,11,9,2025-09-19 15:35:00,0.26295578163729,0.35964060279544,0.48292735591652,0.50821026300478,0.24499977980267,0.32077584164719,0.38352882202244,0.43869759909204,0.6,0.80568326072661,0.84786354886717,0.40874102295179,0.53516066732262,0.6398534854652,"1,23",0.825,0.6,2,motivation,0.84786354886717,1,1.6683322043636,0.47326680136915,-0.40616335936675,0,0.66767292488996,Transformativ,"{'kognition': 0.26295578163729, 'sozial': 0.35964060279544, 'affektiv': 0.48292735591652, 'motivation': 0.50821026300478, 'methodik': 0.24499977980267, 'performanz': 0.32077584164719, 'regulation': 0.38352882202244}",1.6683322043636,0.9999999994005974,Leerstelle / geringe Dichte,2025-09-19T15:35:00,0.26295578163729,0.35964060279544,0.48292735591652,0.50821026300478,0.24499977980267,0.32077584164719,0.38352882202244,2025-09-19
237,47,16,43,20,9,2025-09-19 15:35:00,0.28971043946815,0.3761153073797,0.4103881672354,0.38040596153535,0.48285073244691,0.28971043946815,0.38000134725069,0.6,0.77894736842105,0.84992760631365,0.78783345653758,1.0,0.6,0.78699548683499,"4,2",0.775,0.525,2,methodik,1.0,1,2.0710334111942,0.23519255318903,0.13446067656188,0,0.7987132591993,Koordinativ,"{'kognition': 0.28971043946815, 'sozial': 0.3761153073797, 'affektiv': 0.4103881672354, 'motivation': 0.38040596153535, 'methodik': 0.48285073244691, 'performanz': 0.28971043946815, 'regulation': 0.38000134725069}",2.0710334111942,0.9999999995171526,mittlere Dichte,2025-09-19T15:35:00,0.28971043946815,0.3761153073797,0.4103881672354,0.38040596153535,0.48285073244691,0.28971043946815,0.38000134725069,2025-09-19
294,49,16,45,24,9,2025-09-19 15:35:00,0.22487052121887,0.34672577501963,0.46738165742337,0.45035118523677,0.41762815606399,0.22325296008173,0.42859948658374,0.42375956824392,0.65339095549279,0.88076217496772,0.84866892636552,0.78700367723135,0.4207113385099,0.80767871395432,"5,28,6,10,23,14",0.77166666666667,0.50833333333333,6,affektiv,0.88076217496772,1,1.8844602917365,0.0,0.0,0,0.9682476460161,Homöostatisch (resilient),"{'kognition': 0.22487052121887, 'sozial': 0.34672577501963, 'affektiv': 0.46738165742337, 'motivation': 0.45035118523677, 'methodik': 0.41762815606399, 'performanz': 0.22325296008173, 'regulation': 0.42859948658374}",1.8844602917365,0.9999999994693488,mittlere Dichte,2025-09-19T15:35:00,0.22487052121887,0.34672577501963,0.46738165742337,0.45035118523677,0.41762815606399,0.22325296008173,0.42859948658374,2025-09-19
29,75,25,71,4,9,2025-09-26 15:35:00,0.26267828162029,0.54560039075824,0.49002069695876,0.2824257645341,0.28251439899665,0.32040198893961,0.36188936997749,0.2936170212766,0.60986222596566,0.54773625180362,0.31569039968877,0.31578947368421,0.35813953488372,0.40451337731093,5,0.8,0.4,1,sozial,0.60986222596566,1,1.11778187067,0.64601890986184,-0.40494546009877,1,0.60266915604842,Perturbativ,"{'kognition': 0.26267828162029, 'sozial': 0.54560039075824, 'affektiv': 0.49002069695876, 'motivation': 0.2824257645341, 'methodik': 0.28251439899665, 'performanz': 0.32040198893961, 'regulation': 0.36188936997749}",1.11778187067,0.9999999991053766,Leerstelle / geringe Dichte,2025-09-26T15:35:00,0.26267828162029,0.54560039075824,0.49002069695876,0.2824257645341,0.28251439899665,0.32040198893961,0.36188936997749,2025-09-26
239,76,25,72,20,9,2025-09-26 15:35:00,0.31592133512498,0.38785173980346,0.36863457693661,0.39689492548033,0.50155598809852,0.29875066444321,0.33990783318486,0.63448495228711,0.77894736842105,0.74035231544735,0.79710937457502,1.0073068571077,0.6,0.68265856509813,"23,24",0.15,0.7,2,methodik,1.0073068571077,1,2.0083637330799,0.31827678855773,-0.00087500660451445,1,0.7496523766236,Transformativ,"{'kognition': 0.31592133512498, 'sozial': 0.38785173980346, 'affektiv': 0.36863457693661, 'motivation': 0.39689492548033, 'methodik': 0.50155598809852, 'performanz': 0.29875066444321, 'regulation': 0.33990783318486}",2.0083637330799,0.9999999995020799,mittlere Dichte,2025-09-26T15:35:00,0.31592133512498,0.38785173980346,0.36863457693661,0.39689492548033,0.50155598809852,0.29875066444321,0.33990783318486,2025-09-26
296,77,99,23,24,9,2025-09-26 17:10:00,0.30362907647769,0.40279170821106,0.41353807743815,0.3863126131994,0.34198027808408,0.3477773007045,0.4329174110003,0.69436184644662,0.92113442326189,0.94571003000446,0.88344878731158,0.7820662635261,0.79532333158199,0.99002814996588,"5,27,1,2",0.7,0.475,4,regulation,0.99002814996588,1,2.2868753355182,0.33934393990268,0.032998017140042,1,0.741397239667,Transformativ,"{'kognition': 0.30362907647769, 'sozial': 0.40279170821106, 'affektiv': 0.41353807743815, 'motivation': 0.3863126131994, 'methodik': 0.34198027808408, 'performanz': 0.3477773007045, 'regulation': 0.4329174110003}",2.2868753355182,0.9999999995627225,Verdichtung / hohe Dichte,2025-09-26T17:10:00,0.30362907647769,0.40279170821106,0.41353807743815,0.3863126131994,0.34198027808408,0.3477773007045,0.4329174110003,2025-09-26
30,129,43,124,4,9,2025-10-24 15:35:00,0.31900283503407,0.49815199021386,0.40089664025031,0.34110511357667,0.2355356032603,0.34670093783671,0.44422112555052,0.29972392249021,0.46804621183776,0.3766684816959,0.32049045147749,0.22130102664365,0.32574809251571,0.41737465495816,"5,28,6",0.75,0.41666666666667,3,sozial,0.46804621183776,1,0.93956507358061,0.24408806443145,-0.17821679708944,0,0.80015627384492,Koordinativ,"{'kognition': 0.31900283503407, 'sozial': 0.49815199021386, 'affektiv': 0.40089664025031, 'motivation': 0.34110511357667, 'methodik': 0.2355356032603, 'performanz': 0.34670093783671, 'regulation': 0.44422112555052}",0.93956507358061,0.9999999989356809,Leerstelle / geringe Dichte,2025-10-24T15:35:00,0.31900283503407,0.49815199021386,0.40089664025031,0.34110511357667,0.2355356032603,0.34670093783671,0.44422112555052,2025-10-24
52,128,43,123,6,9,2025-10-24 15:35:00,0.29446191483188,0.35486435889996,0.47356594327967,0.44245700770051,0.35486435889996,0.35486435889996,0.33981338052022,0.49787234042553,0.6,0.80069908076597,0.74810050083149,0.6,0.6,0.57455200331801,"3,10",0.9,0.65,2,affektiv,0.80069908076597,1,1.6907868727789,1.0169794104599,0.78863383568258,1,0.49347360085178,Kollapsiv,"{'kognition': 0.29446191483188, 'sozial': 0.35486435889996, 'affektiv': 0.47356594327967, 'motivation': 0.44245700770051, 'methodik': 0.35486435889996, 'performanz': 0.35486435889996, 'regulation': 0.33981338052022}",1.6907868727789,0.9999999994085644,Leerstelle / geringe Dichte,2025-10-24T15:35:00,0.29446191483188,0.35486435889996,0.47356594327967,0.44245700770051,0.35486435889996,0.35486435889996,0.33981338052022,2025-10-24
242,127,43,122,20,9,2025-10-24 15:35:00,0.29279344675248,0.38011780806462,0.42543823345497,0.40168384010734,0.4879890779208,0.29279344675248,0.32182838289238,0.6,0.77894736842105,0.87181917117419,0.82314104614556,1.0,0.6,0.65949915162775,"4,13",0.865,0.7,2,methodik,1.0,1,2.0492261912352,0.15742910614777,-0.095725764615692,0,0.84974888261425,Koordinativ,"{'kognition': 0.29279344675248, 'sozial': 0.38011780806462, 'affektiv': 0.42543823345497, 'motivation': 0.40168384010734, 'methodik': 0.4879890779208, 'performanz': 0.29279344675248, 'regulation': 0.32182838289238}",2.0492261912352,0.9999999995120137,mittlere Dichte,2025-10-24T15:35:00,0.29279344675248,0.38011780806462,0.42543823345497,0.40168384010734,0.4879890779208,0.29279344675248,0.32182838289238,2025-10-24
54,181,58,194,6,9,2025-11-07 15:35:00,0.33903702324339,0.36552310680458,0.4456419574157,0.41070963192374,0.33903702324339,0.33903702324339,0.39277906246178,0.6,0.64687290486652,0.78866069519927,0.72684032202979,0.6,0.6,0.69510826641458,"3,10,8,14,13,7",0.84166666666667,0.56666666666667,6,affektiv,0.78866069519927,1,1.769718226998,0.96386421007186,0.77222721711244,1,0.50797982301623,Kollapsiv,"{'kognition': 0.33903702324339, 'sozial': 0.36552310680458, 'affektiv': 0.4456419574157, 'motivation': 0.41070963192374, 'methodik': 0.33903702324339, 'performanz': 0.33903702324339, 'regulation': 0.39277906246178}",1.769718226998,0.9999999994349373,mittlere Dichte,2025-11-07T15:35:00,0.33903702324339,0.36552310680458,0.4456419574157,0.41070963192374,0.33903702324339,0.33903702324339,0.39277906246178,2025-11-07
133,182,58,195,11,9,2025-11-07 15:35:00,0.3069052737832,0.40081286981493,0.43601330152006,0.43202777733318,0.30178851374301,0.31878604994583,0.41916791773906,0.68510638297872,0.89473684210526,0.97331496540537,0.96441805716302,0.67368421052632,0.71162790697674,0.93571091966898,13,0.88,0.65,1,affektiv,0.97331496540537,1,2.23230566952,1.1344098557178,1.0162291149818,1,0.46498756761291,Kollapsiv,"{'kognition': 0.3069052737832, 'sozial': 0.40081286981493, 'affektiv': 0.43601330152006, 'motivation': 0.43202777733318, 'methodik': 0.30178851374301, 'performanz': 0.31878604994583, 'regulation': 0.41916791773906}",2.23230566952,0.9999999995520354,Verdichtung / hohe Dichte,2025-11-07T15:35:00,0.3069052737832,0.40081286981493,0.43601330152006,0.43202777733318,0.30178851374301,0.31878604994583,0.41916791773906,2025-11-07
298,183,58,196,24,9,2025-11-07 15:35:00,0.31154820022111,0.45286903331109,0.4003040075885,0.32963382523438,0.45286903331109,0.27733840024478,0.38332577435489,0.41276595744681,0.6,0.53035731499908,0.43672735513529,0.6,0.36744186046512,0.50786308556218,"3,4,2",0.82333333333333,0.51666666666667,3,sozial,0.6,1,1.3248863477379,0.6830008392306,-0.63282196038813,1,0.59167162114122,Perturbativ,"{'kognition': 0.31154820022111, 'sozial': 0.45286903331109, 'affektiv': 0.4003040075885, 'motivation': 0.32963382523438, 'methodik': 0.45286903331109, 'performanz': 0.27733840024478, 'regulation': 0.38332577435489}",1.3248863477379,0.9999999992452142,Leerstelle / geringe Dichte,2025-11-07T15:35:00,0.31154820022111,0.45286903331109,0.4003040075885,0.32963382523438,0.45286903331109,0.27733840024478,0.38332577435489,2025-11-07
32,213,67,226,4,9,2025-11-14 15:35:00,0.17781427930278,0.3095285602678,0.3615897292104,0.64137239266054,0.0325819537124,0.22953429068949,0.5260426757514,0.11489361702128,0.2,0.23363900823728,0.41441887760253,0.021052631578947,0.14831218837506,0.33989928121417,6,0.85,0.5,1,motivation,0.41441887760253,1,0.64614392777661,1.1018520138336,-1.033447154659,1,0.47230807753431,Kollapsiv,"{'kognition': 0.17781427930278, 'sozial': 0.3095285602678, 'affektiv': 0.3615897292104, 'motivation': 0.64137239266054, 'methodik': 0.0325819537124, 'performanz': 0.22953429068949, 'regulation': 0.5260426757514}",0.64614392777661,0.9999999984523587,Leerstelle / geringe Dichte,2025-11-14T15:35:00,0.17781427930278,0.3095285602678,0.3615897292104,0.64137239266054,0.0325819537124,0.22953429068949,0.5260426757514,2025-11-14
56,214,67,227,6,9,2025-11-14 15:35:00,0.33545687575125,0.35804040621636,0.44274399760264,0.42324995339619,0.33545687575125,0.33926844207448,0.39557374681589,0.6,0.64039302592537,0.79189433207077,0.75702717814026,0.6,0.60681738834183,0.7075253639026,"3,1,10,8,14,13,7",0.85,0.57142857142857,7,affektiv,0.79189433207077,1,1.788605460302,0.030107760185104,0.013339196399266,0,0.96561894415502,Homöostatisch (resilient),"{'kognition': 0.33545687575125, 'sozial': 0.35804040621636, 'affektiv': 0.44274399760264, 'motivation': 0.42324995339619, 'methodik': 0.33545687575125, 'performanz': 0.33926844207448, 'regulation': 0.39557374681589}",1.788605460302,0.9999999994409027,mittlere Dichte,2025-11-14T15:35:00,0.33545687575125,0.35804040621636,0.44274399760264,0.42324995339619,0.33545687575125,0.33926844207448,0.39557374681589,2025-11-14
246,215,67,228,20,9,2025-11-14 15:35:00,0.29785150207158,0.38668440619819,0.40785730964744,0.36845805959944,0.4964191701193,0.29785150207158,0.35285013144272,0.6,0.77894736842105,0.82159862913719,0.74223173031552,1.0,0.6,0.71079070406954,2,0.7,0.3,1,methodik,1.0,1,2.0144266371971,0.0,0.0,0,0.98382863865616,Homöostatisch (resilient),"{'kognition': 0.29785150207158, 'sozial': 0.38668440619819, 'affektiv': 0.40785730964744, 'motivation': 0.36845805959944, 'methodik': 0.4964191701193, 'performanz': 0.29785150207158, 'regulation': 0.35285013144272}",2.0144266371971,0.9999999995035755,mittlere Dichte,2025-11-14T15:35:00,0.29785150207158,0.38668440619819,0.40785730964744,0.36845805959944,0.4964191701193,0.29785150207158,0.35285013144272,2025-11-14
299,216,67,229,24,9,2025-11-14 15:35:00,0.34015356798684,0.43182976655237,0.39513548620822,0.36787380911509,0.33177238493949,0.3861685355387,0.38360964132975,0.80833630694066,1.026194376816,0.93899458868857,0.87421031047891,0.78841937767725,0.9176856492245,0.91160472787197,"28,14",0.675,0.375,2,sozial,1.026194376816,1,2.3763863815527,1.0944271143299,1.0515000338148,0,0.47618303050427,Kollapsiv,"{'kognition': 0.34015356798684, 'sozial': 0.43182976655237, 'affektiv': 0.39513548620822, 'motivation': 0.36787380911509, 'methodik': 0.33177238493949, 'performanz': 0.3861685355387, 'regulation': 0.38360964132975}",2.3763863815527,0.9999999995791925,Verdichtung / hohe Dichte,2025-11-14T15:35:00,0.34015356798684,0.43182976655237,0.39513548620822,0.36787380911509,0.33177238493949,0.3861685355387,0.38360964132975,2025-11-14
33,224,70,237,4,9,2025-11-21 15:35:00,0.19409536628452,0.40862182375687,0.46544749049814,0.35855119914126,0.30646636781766,0.26631689792527,0.53414280717332,0.2,0.42105263157895,0.47960700907807,0.36945879338065,0.31578947368421,0.27441860465116,0.55039212671398,3,0.92,0.5,1,regulation,0.55039212671398,1,1.0304213007988,0.51546959298231,0.38427737302217,1,0.65442810740948,Perturbativ,"{'kognition': 0.19409536628452, 'sozial': 0.40862182375687, 'affektiv': 0.46544749049814, 'motivation': 0.35855119914126, 'methodik': 0.30646636781766, 'performanz': 0.26631689792527, 'regulation': 0.53414280717332}",1.0304213007988,0.9999999990295232,Leerstelle / geringe Dichte,2025-11-21T15:35:00,0.19409536628452,0.40862182375687,0.46544749049814,0.35855119914126,0.30646636781766,0.26631689792527,0.53414280717332,2025-11-21
300,223,70,236,24,9,2025-11-21 15:35:00,0.33170476135246,0.41034042005906,0.43744175276677,0.40375324259033,0.35968288198741,0.35630153834766,0.33301375386873,0.73178289310965,0.90526315789474,0.96505214486951,0.89073100657487,0.79350618577068,0.78604651162791,0.73467069709146,"4,9,26",0.76666666666667,0.73333333333333,3,affektiv,0.96505214486951,1,2.2061271891131,0.26475857667803,-0.17025919243962,1,0.78626077504005,Koordinativ,"{'kognition': 0.33170476135246, 'sozial': 0.41034042005906, 'affektiv': 0.43744175276677, 'motivation': 0.40375324259033, 'methodik': 0.35968288198741, 'performanz': 0.35630153834766, 'regulation': 0.33301375386873}",2.2061271891131,0.9999999995467146,Verdichtung / hohe Dichte,2025-11-21T15:35:00,0.33170476135246,0.41034042005906,0.43744175276677,0.40375324259033,0.35968288198741,0.35630153834766,0.33301375386873,2025-11-21
35,255,79,261,4,9,2025-11-28 15:35:00,0.32050251290387,0.32050251290387,0.41868072183825,0.46925737492566,0.32050251290387,0.34430329082735,0.42165581907869,0.6,0.6,0.78379551794123,0.87847805748671,0.6,0.64455648919787,0.78936507909096,6,0.85,0.5,1,motivation,0.87847805748671,1,1.8720602039693,0.34394754510118,0.2669521258137,0,0.73780770498821,Transformativ,"{'kognition': 0.32050251290387, 'sozial': 0.32050251290387, 'affektiv': 0.41868072183825, 'motivation': 0.46925737492566, 'methodik': 0.32050251290387, 'performanz': 0.34430329082735, 'regulation': 0.42165581907869}",1.8720602039693,0.9999999994658345,mittlere Dichte,2025-11-28T15:35:00,0.32050251290387,0.32050251290387,0.41868072183825,0.46925737492566,0.32050251290387,0.34430329082735,0.42165581907869,2025-11-28
135,257,79,0,11,9,2025-11-28 15:35:00,0.38628819750471,0.44202544906017,0.34956817497224,0.34154834413817,0.26001497003539,0.35903229874073,0.46907331313786,0.62553191489362,0.71578947368421,0.56606971501786,0.5530828824634,0.42105263157895,0.58139534883721,0.75958916085972,"4,13,2",0.81,0.56666666666667,3,regulation,0.75958916085972,1,1.6193399605477,0.45449369102329,0.025727974349052,1,0.68248524472167,Transformativ,"{'kognition': 0.38628819750471, 'sozial': 0.44202544906017, 'affektiv': 0.34956817497224, 'motivation': 0.34154834413817, 'methodik': 0.26001497003539, 'performanz': 0.35903229874073, 'regulation': 0.46907331313786}",1.6193399605477,0.9999999993824588,Leerstelle / geringe Dichte,2025-11-28T15:35:00,0.38628819750471,0.44202544906017,0.34956817497224,0.34154834413817,0.26001497003539,0.35903229874073,0.46907331313786,2025-11-28
249,259,79,0,20,9,2025-11-28 15:35:00,0.38653977206926,0.31308197020373,0.41438406448869,0.39920755898621,0.38653977206926,0.35777402158969,0.37956634439741,1.0,0.80996055988679,1.0720347411351,1.0327722729517,1.0,0.92558139534884,0.98195935276072,"14,2",0.725,0.35,2,affektiv,1.0720347411351,1,2.5870559043903,0.40577093615055,0.27633149710648,1,0.7082061588099,Transformativ,"{'kognition': 0.38653977206926, 'sozial': 0.31308197020373, 'affektiv': 0.41438406448869, 'motivation': 0.39920755898621, 'methodik': 0.38653977206926, 'performanz': 0.35777402158969, 'regulation': 0.37956634439741}",2.5870559043903,0.9999999996134643,Verdichtung / hohe Dichte,2025-11-28T15:35:00,0.38653977206926,0.31308197020373,0.41438406448869,0.39920755898621,0.38653977206926,0.35777402158969,0.37956634439741,2025-11-28
301,258,79,262,24,9,2025-11-28 15:35:00,0.34999038605107,0.3209347589057,0.43815192911416,0.38066279223961,0.32912058813701,0.27906207210156,0.50142829286925,0.53646401145923,0.49192765013304,0.67159770922076,0.58347856591792,0.50447485988956,0.42774534562182,0.76858749317916,"28,8,14",0.72333333333333,0.41666666666667,3,regulation,0.76858749317916,1,1.5327964209593,0.77626313680101,-0.67333076815381,1,0.55930521226643,Perturbativ,"{'kognition': 0.34999038605107, 'sozial': 0.3209347589057, 'affektiv': 0.43815192911416, 'motivation': 0.38066279223961, 'methodik': 0.32912058813701, 'performanz': 0.27906207210156, 'regulation': 0.50142829286925}",1.5327964209593,0.9999999993475955,Leerstelle / geringe Dichte,2025-11-28T15:35:00,0.34999038605107,0.3209347589057,0.43815192911416,0.38066279223961,0.32912058813701,0.27906207210156,0.50142829286925,2025-11-28
310,256,79,0,42,9,2025-11-28 15:35:00,0.21024228054916,0.50517873812435,0.37953342451184,0.31804124689938,0.4907731219046,0.19096031574282,0.42198657585431,0.30212765957447,0.72596467950034,0.5454066849852,0.45703964646344,0.70526315789474,0.27441860465116,0.6064137822406,"5,4",0.825,0.575,2,sozial,0.72596467950034,1,1.4370451964993,0.0,0.0,0,0.97269217863899,Homöostatisch (resilient),"{'kognition': 0.21024228054916, 'sozial': 0.50517873812435, 'affektiv': 0.37953342451184, 'motivation': 0.31804124689938, 'methodik': 0.4907731219046, 'performanz': 0.19096031574282, 'regulation': 0.42198657585431}",1.4370451964993,0.9999999993041246,Leerstelle / geringe Dichte,2025-11-28T15:35:00,0.21024228054916,0.50517873812435,0.37953342451184,0.31804124689938,0.4907731219046,0.19096031574282,0.42198657585431,2025-11-28
59,280,85,0,6,9,2025-12-05 15:35:00,0.33504948201421,0.35358353950414,0.4305395632799,0.43065861885753,0.33263619327854,0.34078774634124,0.40633266840199,0.60788118535556,0.64150757620594,0.78112909918767,0.78134510204557,0.60350274904692,0.61829213391167,0.73721046405444,"28,1,6,8,14,13,7",0.8,0.50714285714286,7,motivation,0.78134510204557,1,1.8143027154262,0.045535729238699,0.016549913671342,1,0.95123601724422,Homöostatisch (resilient),"{'kognition': 0.33504948201421, 'sozial': 0.35358353950414, 'affektiv': 0.4305395632799, 'motivation': 0.43065861885753, 'methodik': 0.33263619327854, 'performanz': 0.34078774634124, 'regulation': 0.40633266840199}",1.8143027154262,0.9999999994488247,mittlere Dichte,2025-12-05T15:35:00,0.33504948201421,0.35358353950414,0.4305395632799,0.43065861885753,0.33263619327854,0.34078774634124,0.40633266840199,2025-12-05
137,279,85,0,11,9,2025-12-05 15:35:00,0.3266719062412,0.38761826449583,0.40873564934963,0.40739130153834,0.33691276487981,0.36742125814188,0.40186620917319,0.69886895942363,0.82925518842069,0.87443288658378,0.87155684203255,0.72077784746583,0.78604651162791,0.85973667789179,"23,4,8,13,7",0.82,0.61,5,affektiv,0.87443288658378,1,2.139360458444,0.20003494852867,0.074811272751836,0,0.8301912965187,Koordinativ,"{'kognition': 0.3266719062412, 'sozial': 0.38761826449583, 'affektiv': 0.40873564934963, 'motivation': 0.40739130153834, 'methodik': 0.33691276487981, 'performanz': 0.36742125814188, 'regulation': 0.40186620917319}",2.139360458444,0.9999999995325676,Verdichtung / hohe Dichte,2025-12-05T15:35:00,0.3266719062412,0.38761826449583,0.40873564934963,0.40739130153834,0.33691276487981,0.36742125814188,0.40186620917319,2025-12-05
250,278,85,279,20,9,2025-12-05 15:35:00,0.31624374670614,0.35648260637959,0.44059866436013,0.40021001743583,0.44501365554456,0.30840481244716,0.35420914736132,0.71063829787234,0.801059926899,0.99007897593833,0.89932075667676,1.0,0.69302325581395,0.7959511869987,"14,13,2",0.77666666666667,0.45,3,methodik,1.0,1,2.2471220536621,0.44386686806401,-0.33993385072818,1,0.68624157862823,Transformativ,"{'kognition': 0.31624374670614, 'sozial': 0.35648260637959, 'affektiv': 0.44059866436013, 'motivation': 0.40021001743583, 'methodik': 0.44501365554456, 'performanz': 0.30840481244716, 'regulation': 0.35420914736132}",2.2471220536621,0.9999999995549872,Verdichtung / hohe Dichte,2025-12-05T15:35:00,0.31624374670614,0.35648260637959,0.44059866436013,0.40021001743583,0.44501365554456,0.30840481244716,0.35420914736132,2025-12-05
302,282,85,280,24,9,2025-12-05 15:35:00,0.17870085913395,0.44204949364713,0.41781377332273,0.40207384109635,0.53414575215022,0.18137800370523,0.34382678587295,0.2,0.49473684210526,0.46761249537088,0.44999653951857,0.59780994309585,0.20299623021877,0.38480708770989,"6,25,20",-0.11666666666667,0.56666666666667,3,methodik,0.59780994309585,1,1.1191887984791,0.61575510039428,-0.41360762248025,1,0.61164744337734,Perturbativ,"{'kognition': 0.17870085913395, 'sozial': 0.44204949364713, 'affektiv': 0.41781377332273, 'motivation': 0.40207384109635, 'methodik': 0.53414575215022, 'performanz': 0.18137800370523, 'regulation': 0.34382678587295}",1.1191887984791,0.9999999991064942,Leerstelle / geringe Dichte,2025-12-05T15:35:00,0.17870085913395,0.44204949364713,0.41781377332273,0.40207384109635,0.53414575215022,0.18137800370523,0.34382678587295,2025-12-05
311,281,85,0,42,9,2025-12-05 15:35:00,0.14970136338677,0.35925975266816,0.46552543055279,0.4345858358716,0.52507194620731,0.20270219318701,0.35518224591675,0.28510638297872,0.68421052631579,0.88659360667688,0.82766912041425,1.0,0.38604651162791,0.67644491099229,13,0.88,0.65,1,methodik,1.0,1,1.904500910205,0.60003567424282,0.4674557137057,1,0.60295504408514,Perturbativ,"{'kognition': 0.14970136338677, 'sozial': 0.35925975266816, 'affektiv': 0.46552543055279, 'motivation': 0.4345858358716, 'methodik': 0.52507194620731, 'performanz': 0.20270219318701, 'regulation': 0.35518224591675}",1.904500910205,0.9999999994749229,mittlere Dichte,2025-12-05T15:35:00,0.14970136338677,0.35925975266816,0.46552543055279,0.4345858358716,0.52507194620731,0.20270219318701,0.35518224591675,2025-12-05
61,320,95,307,6,9,2026-01-16 15:35:00,0.35047164890658,0.36381225473,0.43852624615692,0.40352612746569,0.34414778382127,0.34035346477009,0.39419980121815,0.61783707560018,0.64135487201651,0.77306616482334,0.71136539374723,0.60668890335007,0.6,0.69492426319402,"3,27,23,14,13,7,12",0.76,0.54285714285714,7,affektiv,0.77306616482334,1,1.7628731943861,0.094666442066838,-0.054980454527447,1,0.9105355148708,Adaptiv (resilient),"{'kognition': 0.35047164890658, 'sozial': 0.36381225473, 'affektiv': 0.43852624615692, 'motivation': 0.40352612746569, 'methodik': 0.34414778382127, 'performanz': 0.34035346477009, 'regulation': 0.39419980121815}",1.7628731943861,0.9999999994327424,Leerstelle / geringe Dichte,2026-01-16T15:35:00,0.35047164890658,0.36381225473,0.43852624615692,0.40352612746569,0.34414778382127,0.34035346477009,0.39419980121815,2026-01-16
139,321,95,0,11,9,2026-01-16 15:35:00,0.34502835203713,0.36864798300527,0.43962602143381,0.4271990836771,0.30910221353199,0.36489296363148,0.3749572654393,0.78723404255319,0.84112578061146,1.003072843207,0.97471891696004,0.70526315789474,0.83255813953488,0.85552135676289,"4,8,14,13,7,12,2",0.80285714285714,0.52142857142857,7,affektiv,1.003072843207,1,2.2816502978962,0.2454739360268,0.099940135796914,1,0.79706175925735,Koordinativ,"{'kognition': 0.34502835203713, 'sozial': 0.36864798300527, 'affektiv': 0.43962602143381, 'motivation': 0.4271990836771, 'methodik': 0.30910221353199, 'performanz': 0.36489296363148, 'regulation': 0.3749572654393}",2.2816502978962,0.9999999995617223,Verdichtung / hohe Dichte,2026-01-16T15:35:00,0.34502835203713,0.36864798300527,0.43962602143381,0.4271990836771,0.30910221353199,0.36489296363148,0.3749572654393,2026-01-16
252,323,95,309,20,9,2026-01-16 15:35:00,0.30926050606631,0.40149609559486,0.39907004836998,0.37578609295792,0.47745481638307,0.30926050606631,0.34508197593102,0.6,0.77894736842105,0.77424056523612,0.72906708536009,0.92631578947368,0.6,0.66949766134774,13,0.88,0.65,1,methodik,0.92631578947368,1,1.9401119377399,0.073488900325272,0.0031706218152618,0,0.92170376594212,Adaptiv (resilient),"{'kognition': 0.30926050606631, 'sozial': 0.40149609559486, 'affektiv': 0.39907004836998, 'motivation': 0.37578609295792, 'methodik': 0.47745481638307, 'performanz': 0.30926050606631, 'regulation': 0.34508197593102}",1.9401119377399,0.9999999994845711,mittlere Dichte,2026-01-16T15:35:00,0.30926050606631,0.40149609559486,0.39907004836998,0.37578609295792,0.47745481638307,0.30926050606631,0.34508197593102,2026-01-16
303,322,95,308,24,9,2026-01-16 15:35:00,0.27554379730283,0.46270605309573,0.37845183779908,0.32248496250029,0.44852323769012,0.30531025562527,0.41032783453392,0.61718467413595,1.0364054186521,0.84768619898009,0.72232718879076,1.0046376329493,0.68385792920373,0.91908456414065,"28,14,12",0.72333333333333,0.41666666666667,3,sozial,1.0364054186521,1,2.2398786686608,1.1697252098095,1.1206898701818,1,0.45609725065401,Kollapsiv,"{'kognition': 0.27554379730283, 'sozial': 0.46270605309573, 'affektiv': 0.37845183779908, 'motivation': 0.32248496250029, 'methodik': 0.44852323769012, 'performanz': 0.30531025562527, 'regulation': 0.41032783453392}",2.2398786686608,0.9999999995535489,Verdichtung / hohe Dichte,2026-01-16T15:35:00,0.27554379730283,0.46270605309573,0.37845183779908,0.32248496250029,0.44852323769012,0.30531025562527,0.41032783453392,2026-01-16
