datum,gruppe_id,teilnehmer_id,has_epistemic_transition,transition_count,transition_names,d_semantisch,d_semantisch_mean,semantische_breite,dominanz_breite,dominante_dimension,polaritaet_gesamt,token_anzahl,mean_kognition,x_kognition,var_kognition,mean_sozial,x_sozial,var_sozial,mean_affektiv,x_affektiv,var_affektiv,mean_motivation,x_motivation,var_motivation,mean_methodik,x_methodik,var_methodik,mean_performanz,x_performanz,var_performanz,mean_regulation,x_regulation,var_regulation,emo_Interesse,emo_Überraschung,emo_Erwartung,emo_Erleichterung
2025-09-08,2,12,0,0,,5.8158439142778,3.8679623187760597,0.20013180466810498,2,performanz,1,51,0.53755054528027,0.42008698882792,0.003532687402265483,0.11189025316379679,0.15760799467556,0.008100432101060314,0.217988752583757,0.31722483974693,0.009453461359003254,0.35772604850251194,0.41318736762473,0.0010614668322540322,0.420790908947908,0.42156438098408,0.0016852454033915512,0.44652176693077,0.4219932582876,0.003392166005379433,0.32638667110672803,0.41416538470409,0.012827280136358466,0,0,0,0
2025-09-08,2,16,1,1,Interesse,5.8130762819462,3.8657185728282246,0.24092027882244033,3,methodik,1,46,0.49188389727464,0.42252521447642,0.011513987161278789,0.15333254098600352,0.22027891884618,0.013950960047252992,0.141250285723174,0.28118579875139,0.017511185584387433,0.3690423372703925,0.40947198078952,0.006010062868058327,0.45026204084418,0.4234167108922,0.0014175946857976798,0.42913926739266,0.41978074314843,0.0018713651139613202,0.36530979621347254,0.41317775918026,0.005767425287145847,1,0,0,0
2025-09-08,2,20,1,1,Interesse,5.9301848883586,3.8023831622579003,0.2583296153563571,3,regulation,1,51,0.5320080773069661,0.40227157371145,0.004631582544734507,0.1551809495430666,0.26480954820107,0.016519699170079755,0.20902246131950802,0.32591134449789,0.01198438820953893,0.34973749840019797,0.40835830453926,0.004658539145862948,0.4409568892422421,0.40211216528518,0.004639141811953403,0.413121251401628,0.40770503353436,0.007196947361352029,0.3082654408384146,0.40884937862184,0.017103891926641853,1,0,0,0
2025-09-08,2,21,1,1,Erleichterung,5.8433205129343,3.449797199504475,0.23475418823275873,2,performanz,1,37,0.47635842523196,0.42753983424036,0.008105413349563426,0.13605753003213775,0.16606230857039,0.010764654341679804,0.23573257471564749,0.29732544670075,0.011033114275876206,0.40523047767610754,0.41554690997134,0.0019914031138985855,0.3374153645443775,0.41374282852262,0.002557096082459818,0.5061058321779874,0.43053256586592,0.005292539156468086,0.3311824100625125,0.41473666710314,0.015365308572875588,0,0,0,1
2025-09-09,3,3,0,0,,5.7010630423058,3.54235854973935,0.1262574599651344,3,kognition,1,43,0.483526158225995,0.44610544385923,0.003545039783030016,0.0606575526526605,0.044005005883703,0.0005424964954811813,0.13035684298975525,0.21009793773487,0.0078565188628361,0.3662116962182825,0.42209090084156,0.000502076835841352,0.41889852862341503,0.43855567854728,0.0011979333594923738,0.4736300572794675,0.44135520563726,0.0004736278410255742,0.442346852687225,0.43545678495694,0.001823253019140917,0,0,0,0
2025-09-09,4,5,1,1,Interesse,5.9588374578176,3.2994347133316198,0.8051039635229088,4,kognition,1,52,0.29010198185488,0.43983382653992,0.07259389181599642,0.1265909524588966,0.21928329392209,0.02777136069961204,0.1289570597593872,0.26693753853054,0.05062490341554819,0.26531944018438003,0.40293963788752,0.1062305023138022,0.243692565463724,0.42041418428834,0.07190993157359989,0.22926548433637803,0.41850509533187,0.16802704797101786,0.22944221842422802,0.41586906985224,0.15103475429072075,1,0,0,0
2025-09-09,4,9,0,0,,5.5219744058123,3.4355471096301335,0.07843659481937033,2,performanz,1,33,0.5274029274961733,0.4417765415297,0.0026077532916671023,0.030159143586100667,0.0,0.0002519941346018386,0.17671557709968666,0.31438030228802,0.0001783636058950068,0.32500290276989,0.3840519646779,0.0013525125886837141,0.43822045992579334,0.44603023197455,0.00091823837466651,0.51375118313079,0.45366882445351,0.0002163175592736439,0.3492071850012834,0.39209770378697,0.0006271198520702567,0,0,0,0
2025-09-10,5,6,1,1,Erleichterung,5.8568731401609,3.30168919601316,0.28853632415650554,3,kognition,1,50,0.499067502360548,0.43063058320755,0.02408647253624783,0.11638207837887579,0.18320657145829,0.012550689222581382,0.233112686211296,0.33043983583963,0.006654663712474638,0.371399091846926,0.39772517045678,0.01796019158239249,0.39163430855338405,0.4285473545283,0.012079006705084787,0.44595655581357796,0.41908489708397,0.004853779513633316,0.331049501097244,0.39284660598826,0.005068407085333595,0,0,0,1
2025-09-10,5,11,0,0,,5.9366588948123,3.5177334589033,0.2204228185514541,3,kognition,1,43,0.46495964446488997,0.42059759103157,0.005976944649929847,0.18773101513887241,0.25727068936599,0.02028508109310726,0.15279951915777712,0.27595437254476,0.0134012449299274,0.40137683078182,0.40829521001925,0.002878845879646473,0.414192071077858,0.4141344872223,0.0009580803768501854,0.43575812018759397,0.41682331301567,0.0021999417728694,0.3925380980144141,0.41085429033945,0.0028860802358366905,0,0,0,0
2025-09-10,6,7,0,0,,5.7346807287108,3.6030945057142,0.7852617282314044,3,performanz,1,45,0.36401992751605594,0.43617522696862,0.09988901685904723,0.025841714391665205,0.081911181465749,0.012926571733572801,0.08066477677481801,0.25914817789479,0.03529544813691353,0.172177284510952,0.41404943120554,0.09207486020482256,0.347472272454628,0.43241518164909,0.07603652336950732,0.235189542834848,0.44543798066419,0.17921962952993195,0.19487731941453998,0.42313786011154,0.12119393199117656,0,0,0,0
2025-09-10,6,14,0,0,,5.748769468974,3.8179817386969197,0.17642462054040678,2,kognition,1,47,0.549193527989344,0.43478584742172,0.004483523639270829,0.049463794428658,0.067318666754521,0.007588280339209783,0.1250256736645214,0.25013405094164,0.010664292674719935,0.329668601723746,0.42468076031405,0.002933340326615001,0.45620830570605203,0.43443460076791,0.0008196758317862731,0.439770045825074,0.43336285234062,0.0005387872928824911,0.37278982009009,0.43239843806065,0.004097746628342211,0,0,0,0
2025-09-10,6,22,0,0,,5.8282334252371,3.70865001692052,0.22274791776623112,3,kognition,1,42,0.4941149496577079,0.42427864551472,0.008394221088564779,0.1618335052239048,0.23513210944977,0.020663171019419807,0.12296948347491432,0.25533359214911,0.010453154947841704,0.38070904357257607,0.41201888931269,0.004338343130253236,0.39778747431899,0.42034179956247,0.0006888132761706257,0.42904101200407807,0.42126114839597,0.0010016279092655352,0.4215044894658121,0.4190394951143,0.0040773034976759725,0,0,0,0
2025-09-11,7,9,1,3,"Erwartung, Interesse, Überraschung",5.8341399234276,3.0537503740514795,0.20382935168608374,3,performanz,1,42,0.451909240559888,0.420559588558,0.001502046182688233,0.1591093326358814,0.25730898306118,0.015384004846222335,0.16012293651962423,0.24134250470237,0.0066713997030360545,0.40819516814037804,0.41960804870743,0.006186041966033381,0.34504507467934,0.40192441991309,0.0016113060928556033,0.492529391097836,0.43193641761969,0.006822664031117835,0.41833617645738597,0.41771864252709,0.0033689417868157613,1,1,1,0
2025-09-11,7,10,1,2,"Erleichterung, Interesse",5.9831527072292,3.18469568995076,0.7502952579794867,2,performanz,1,36,0.332209784963376,0.43099025209379,0.08215209470813811,0.1308849482257442,0.19052580510746,0.009020109179840575,0.0814182060995502,0.21055607588413,0.02938082890648793,0.244378499463178,0.41058094106643,0.07076424051805723,0.314120718536926,0.41240800320046,0.04933595006466985,0.212609153147106,0.49443036785328,0.30324923269470083,0.3151697128515834,0.38793254240826,0.019040518074609932,1,0,0,1
2025-09-11,7,15,0,0,,5.6566753972968,3.45426786224818,0.7836718367749609,2,kognition,1,47,0.36712084283370405,0.45501970641539,0.09782769478876063,0.0466223087473074,0.089818030914747,0.01198217474313148,0.02394726379926559,0.11176631829389,0.026261759518446837,0.18903407194302405,0.42338620982036,0.09717611804021146,0.318622588485182,0.44643808556526,0.06854262003185561,0.196923416767148,0.44104858917181,0.16648461726550562,0.268876558101696,0.44643906374252,0.14586656336632928,0,0,0,0
2025-09-11,8,10,1,1,Erleichterung,5.9831527072292,3.18469568995076,0.7502952579794867,2,performanz,1,36,0.332209784963376,0.43099025209379,0.08215209470813811,0.1308849482257442,0.19052580510746,0.009020109179840575,0.0814182060995502,0.21055607588413,0.02938082890648793,0.244378499463178,0.41058094106643,0.07076424051805723,0.314120718536926,0.41240800320046,0.04933595006466985,0.212609153147106,0.49443036785328,0.30324923269470083,0.3151697128515834,0.38793254240826,0.019040518074609932,0,0,0,1
2025-09-11,8,16,1,2,"Erwartung, Interesse",5.9113805933393,3.64828165310472,0.18579620437022984,2,kognition,1,40,0.487384044277792,0.41740230438732,0.0021840680154767964,0.128273950123987,0.24880604089479,0.014178158436086583,0.1861067681587114,0.28936261175052,0.0070435534658959825,0.35957984487093997,0.40775271952125,0.0024901694699742756,0.394638293895136,0.41653973034916,0.002370588734205381,0.49669682873329596,0.41570926553202,0.005038929324626072,0.38091488268859597,0.4093347593914,0.0012147621121191229,1,0,1,0
2025-09-11,8,18,0,0,,5.9068542645443,3.09583346455772,0.16655325903680565,2,performanz,1,42,0.48550255396057995,0.42170990758463,0.004045649317918707,0.12337067245303798,0.21522401225591,0.004177601610373706,0.1499392683243484,0.26481477067122,0.009622125561140709,0.34837266482546003,0.4131239791583,0.003895188654344893,0.429351382479518,0.42003484236016,0.0029931507627327576,0.44161021913432397,0.42654780819653,0.0021105974512110773,0.445096982490824,0.42031584089827,0.000895674738059431,0,0,0,0
2025-09-15,1,2,0,0,,5.9421199514541,3.78100172755832,0.20724569947272636,3,methodik,1,52,0.47606136982091796,0.41434759234457,0.006558720758502464,0.1498276124776462,0.25073390684332,0.01638921730440787,0.14873211664524402,0.2953313310046,0.011439704771001646,0.39036826828369203,0.41005508838345,0.0032214832615711834,0.42290617170242406,0.41435791097519,0.0015491157662040058,0.44786727328181997,0.41370722454301,0.0002903344543726296,0.39245049968271195,0.40894168077465,0.003502203633879812,0,0,0,0
2025-09-15,2,16,1,2,"Erwartung, Interesse",5.6038157851736,2.90433677982298,0.5413286356554511,3,performanz,1,44,0.4380433424021216,0.45689264311641,0.05038014111340546,0.1276787540365894,0.078667990525491,0.04956619151592588,0.19552636635409656,0.25779087598882,0.017254667127243956,0.328294541116978,0.38710431907874,0.0027609671514563826,0.383584751338196,0.44002825423088,0.01821738951984465,0.285923227227676,0.45922724201598,0.15291319160064185,0.351958088536152,0.40526099864418,0.0019441437520740339,1,0,1,0
2025-09-15,2,20,0,0,,5.7932893769356,4.087767618668179,0.16109587013687343,3,kognition,1,44,0.47049610738854397,0.42302735421053,0.0025217504663987028,0.11184877013722638,0.20428626405099,0.007595380377701168,0.1519085304159284,0.26679387269566,0.006972805238431421,0.39580175865643596,0.41979629586447,0.0011832147867798684,0.4030315364245641,0.41971823189613,0.001976874149601483,0.492115872103294,0.42256638278202,0.0017592237540980595,0.394738779064422,0.42092503498313,0.003942630602145687,0,0,0,0
2025-09-15,2,21,0,0,,5.5188620136924,2.7452409225625476,0.3604835312198468,4,kognition,1,47,0.4397536967685025,0.47278170780706,0.025083431606349692,0.10672968411851326,0.086026849889293,0.017469847974506295,0.09741529780612,0.24300132693669,0.01908301576288221,0.407799289181485,0.38300218078079,0.01830156946226706,0.40009239846010425,0.45952226955786,0.034024589260653104,0.4700528062013675,0.44621871205647,0.0026310231701633774,0.329318730666445,0.39123016671869,0.013354899043908498,0,0,0,0
2025-09-15,2,23,1,1,Interesse,6.0420763127872,3.0585259545856998,0.33188861770637873,3,kognition,1,40,0.41801609214167995,0.41165332020264,0.0065856286713122155,0.23109808275659577,0.28065360938045,0.030950207226657665,0.2839004114391198,0.35738289775301,0.025797578437984074,0.46604759800038204,0.40281559539977,0.007795979362676661,0.329148591186,0.39881029144319,0.01230023851075027,0.410685036059932,0.40055653187094,0.010433974593905871,0.2947839215786102,0.37721832154153,0.016286447759764046,1,0,0,0
2025-09-17,5,2,1,2,"Erleichterung, Interesse",5.8791610443023,3.8265341671335,0.16019034409140018,2,motivation,1,33,0.4597178677217033,0.40282849305269,0.0058790173944145456,0.15274181229601833,0.23023296799141,0.008666226620450414,0.24659535915584666,0.32690292180837,0.0023921837142544676,0.3960129429480967,0.4169541290675,0.0030208723377932625,0.39080456373074335,0.40201624461803,0.002073206660192785,0.48946157472243,0.41378722817064,0.00024516282923592775,0.3601760706222434,0.4137213876878,0.003384276783779795,1,0,0,1
2025-09-17,5,10,1,3,"Erleichterung, Interesse, Überraschung",5.8546621944983,3.758988700038425,0.2156405202437089,1,kognition,1,37,0.5463409379918925,0.4343228902273,0.002029440590300088,0.16516865863333124,0.20984523470514,0.01799609410572916,0.20125857871026476,0.28908681442931,0.015139001494214502,0.3359718640701475,0.39482064005968,0.0042508638038463616,0.4440509121677025,0.43091598459551,0.001908809253373643,0.41267089569447246,0.42714733153466,0.002207457716013436,0.326900504781395,0.39965889920385,0.0029691670075002352,1,1,0,1
2025-09-17,6,12,1,1,Erleichterung,5.7470041790636,4.306453570131767,0.12794899348568117,2,kognition,1,31,0.5025982429734633,0.44752556226866,0.00239714037993539,0.126582190454581,0.14511834392112,0.003444750896869908,0.16122607521252866,0.20412854083887,0.006338984186138823,0.38118997366152,0.4186470374915,0.0003586624919874777,0.40574101902426,0.43831565987414,0.0012465718834584274,0.43081151592286,0.42897778374141,0.0005245289485366742,0.4398549560745266,0.43079194222821,0.002060306147072181,0,0,0,1
2025-09-17,6,14,1,1,Interesse,5.7882552506736,3.6390091669143,0.2203239909740364,3,kognition,1,39,0.46670358164511494,0.43499365202788,0.006627183868560127,0.19876556881666702,0.24421215836782,0.012921585621747916,0.09831652841245175,0.15040438522167,0.015137313005357353,0.37894912516796747,0.42255234194203,0.007575994278688594,0.42014327230355003,0.42200999109534,0.0006051308556976651,0.43789701935705,0.42865952699298,0.0019404601760216072,0.4154382012820675,0.43373275838511,0.0037349931926540037,1,0,0,0
2025-09-18,7,9,1,2,"Erleichterung, Erwartung",5.8875230715492,3.402938714081425,0.19807356176924248,1,performanz,1,38,0.57340081901219,0.41995091317268,0.0016405663560853695,0.20114037200811175,0.25056744413934,0.009646434280341,0.230605190810195,0.31939904944019,0.01091320385432237,0.348902906064325,0.39759536321391,0.0019295393732118146,0.41705168694628747,0.41450716949945,0.0033207160043976108,0.4213305010461575,0.42353462032337,0.0029179711063607584,0.2552479046864875,0.38672754704814,0.008864704897235,0,0,1,1
2025-09-18,7,10,1,3,"Erwartung, Interesse, Überraschung",5.7661516320947,4.31709168933226,0.1496631480412716,2,regulation,1,47,0.512127012074882,0.42829925418172,0.0027928342441873506,0.0792794417363826,0.11323890311166,0.003984307227526485,0.15291107926544698,0.25713198964135,0.005993531120965084,0.36553490623856594,0.4283432821955,0.001975046281502539,0.43900415772192,0.42874131380082,0.0008438711241220394,0.458043373721276,0.42856726603078,0.001317203494616182,0.38666655958392404,0.4320293832703,0.005492264388703897,1,1,1,0
2025-09-18,8,19,1,1,Erleichterung,5.8607290448011,4.043579197213266,0.18538082703217343,3,kognition,1,37,0.45142175575153004,0.43283048384479,0.0013373939867285106,0.153728929618563,0.19710655300501,0.011140220230794832,0.18943198531825367,0.252424304882,0.006879574849970242,0.4300294882280533,0.40986432057291,0.006299101358586371,0.3785063388774233,0.42659219329726,0.004645897841279989,0.44446718221043335,0.42379707973384,0.0016630672878299956,0.42022228841446996,0.42486669831163,0.0024007954759426554,0,0,0,1
2025-09-19,9,4,0,0,,6.0404178494685,2.86315510156418,0.9421114608125772,3,kognition,1,47,0.15228573507831392,0.58443800927355,0.3473681607112772,-0.013263737839942596,-0.0085129645696039,0.015849260823032747,0.018351829963885995,0.18604972274332,0.04372506627202547,0.08487013871602059,0.28537747305456,0.08383919578113362,0.151931408392936,0.49383253983199,0.13585351125300785,0.158492213520872,0.43535814467547,0.11451453693563333,0.18250574466027197,0.32999142221814,0.14642427281829792,0,0,0,0
2025-09-19,9,6,0,0,,6.2727849655881,2.8401783451516747,0.8208213859694931,3,performanz,1,27,0.293260553738075,0.45185815069592,0.09505030754609037,0.17948330559510775,0.19767026862077,0.022895520438858452,0.032503402211372504,0.14670721279628,0.0343391737422726,0.234539903312145,0.40602145001269,0.10226045468013968,0.26579669638984,0.40976982483493,0.06304054116826502,0.10959342783020748,0.52045652220566,0.3177900088836043,0.2632584975630915,0.36274614150352,0.038371741205649054,0,0,0,0
2025-09-19,9,11,1,1,Interesse,5.6381758034661,2.41961913075499,0.3957152437561072,4,regulation,1,28,0.36282311062788997,0.4355592005863,0.05847700230682347,0.1056051135631918,0.17589906993895,0.010346195887381612,0.049263789864374,0.076837762918215,0.012501387838141063,0.39714275414396194,0.43067729036606,0.009226482696850669,0.35266605009464563,0.42808006427888,0.05126087931442702,0.44630935859411797,0.44746178765632,0.003179495662128288,0.46571522613252797,0.45219751176797,0.011599110435203194,1,0,0,0
2025-09-19,9,20,0,0,,5.8379422163586,3.4818548430184806,0.1613424511692212,2,performanz,1,34,0.528045034614594,0.42403702670585,0.0030091531059604753,0.0811576714164466,0.11646397973362,0.006209060868736531,0.173190053051472,0.30660559239064,0.007361347743356754,0.344910942076316,0.41679780540376,0.0022360520614256143,0.426566492444974,0.42156766327094,0.000414621338517558,0.454360375614798,0.43033507915713,0.0028003652301557716,0.388823896420914,0.4195120267736,0.004000786201139818,0,0,0,0
2025-09-19,9,24,1,2,"Erleichterung, Interesse",5.8345903479819,3.5007098992720804,0.26033081913325035,3,kognition,1,40,0.474743295185876,0.42966182748493,0.017601426435454058,0.1167265415320516,0.15793612253109,0.01056385794370394,0.19187325291715557,0.31064822458708,0.007653397863057754,0.34875621970772397,0.40526340587951,0.0027281633328451885,0.396006274255522,0.42586888923283,0.008461145520598738,0.44106228675194004,0.42308120901458,0.0030415173570200417,0.42826622776509604,0.41151026664762,0.01772262693790939,1,0,0,1
2025-09-22,1,2,1,2,"Erleichterung, Interesse",5.7385340594605,3.6104835920823,0.18189358478891837,2,performanz,1,43,0.542894483891774,0.43266463240139,0.0035726484512513313,0.08104951881704839,0.13416774119697,0.010637645014051744,0.16023334433337202,0.27449163831336,0.0005016280514621938,0.329272657265898,0.41266492919998,0.0013165180510398163,0.419586832882788,0.43170039887983,0.005248055826936271,0.489553102612916,0.43433546890076,0.007184854486416538,0.340286657580886,0.41730841191583,0.004623926306205542,1,0,0,1
2025-09-22,2,13,0,0,,5.6846745131591,3.4082179349508204,0.24132627140999047,1,regulation,1,43,0.6024910272558559,0.4287193433441,0.0070458825382580925,0.08015600523148639,0.1038054291507,0.008427738415021287,0.154858166949335,0.25992729594585,0.012617605677316124,0.306731384340322,0.41976478027245,0.007473592198532672,0.42749180922471197,0.42994613979294,0.0016552630387153058,0.412341238227964,0.43366020262648,0.0023776782092203457,0.3185834139516558,0.43444345420273,0.018640609195584558,0,0,0,0
2025-09-22,2,16,1,1,Interesse,5.9672085942233,3.511106132792,0.23542612882324257,2,kognition,1,48,0.53399570879529,0.41939183702689,0.004963228018239931,0.20852110558962075,0.24195625927392,0.009213419477739664,0.295319194663634,0.31240122836645,0.014157325391631106,0.3810187800420375,0.39729103820215,0.0003944544549963634,0.38244707827448754,0.41770218584672,0.0018390961079255987,0.40912544377107996,0.40776166596948,0.002290796765054325,0.26438254937656247,0.41156398673229,0.02256714191711102,1,0,0,0
2025-09-22,2,20,0,0,,5.8611502652876,4.220917692602833,0.13898742054930252,2,kognition,1,28,0.51163337607565,0.42600281188211,0.0008431191160257976,0.14558793667197967,0.2417536603434,0.0055204303017692925,0.1867035679578,0.31750022526204,0.008351409478760835,0.3597461560298367,0.39548478071283,0.0009329897318328567,0.4429618010133333,0.41764974039734,0.0001698856049716731,0.44422270482576004,0.41362839689407,0.0012317062641097954,0.3740169854480033,0.39665980197181,0.0022679625734784345,0,0,0,0
2025-09-22,2,21,1,1,Interesse,6.0475621923164,4.131564915256225,0.12598462479960618,2,performanz,1,33,0.3955112423940875,0.39480922756465,0.0011619559978936964,0.227087763764525,0.31881025724474,0.0027077909378117535,0.20254338772681774,0.32347048200842,0.010044108971453098,0.43702545735978254,0.40149920327459,0.00014776812980310533,0.37440829505079,0.39368672377051,0.000626549037524138,0.4593378653796475,0.40243086786204,0.0002425597814348922,0.4392459341505275,0.39963456276153,0.0009413928299768587,1,0,0,0
2025-09-22,2,23,1,1,Interesse,5.9709938396431,3.5982175747206995,0.2116196772929723,4,kognition,1,41,0.473378582389432,0.42205546884134,0.00689649083790705,0.1346358360534478,0.24293008653836,0.010498765095626434,0.1651947349190514,0.29722273368672,0.012633883240205696,0.38996962783778405,0.40623112996792,0.005615970469769969,0.410782482764864,0.41631982913779,0.003683394702145566,0.46516855686860403,0.41342593949631,0.0013462409328370802,0.38536702536915396,0.40650032324821,0.004108142539089943,1,0,0,0
2025-09-23,4,8,0,0,,6.1137310402592,3.79889094010136,0.13095708287943963,3,performanz,1,39,0.46043864239795,0.39512088975467,0.004569573526254668,0.1907612136143332,0.29792686219324,0.004294375692657819,0.286819052529922,0.35890701197259,0.0005859612336783087,0.410757363581554,0.39633122243391,0.0031008142639277593,0.3756335182585,0.39212237843069,0.0008502528252053237,0.45958172915562995,0.39766870665199,0.00028552410660340037,0.362144402351322,0.39663932597629,0.0034632559079651425,0,0,0,0
2025-09-24,5,4,1,1,Erleichterung,5.581443673912,2.55271240450058,0.14307327130138414,3,kognition,1,28,0.5344745598520421,0.46900610890987,0.0038984836405376528,0.0378964431293754,0.0,0.00013024931866768394,0.12644546955627997,0.17952457081996,0.003415917336492548,0.33015671122516393,0.40510194418616,0.004002534814444174,0.46244962457432004,0.44744777563555,0.0026271556701432026,0.47238307624555603,0.45686794573445,0.0032546920430226384,0.36114390600104,0.41803731656425,0.0031409281375715734,0,0,0,1
2025-09-24,5,6,1,1,Erleichterung,5.6198046225292,3.039068395917,0.11758860232412303,3,kognition,1,27,0.5193331447722,0.45178455116066,0.0018968938858123828,0.072690614246936,0.049947014234502,0.0011342749090404235,0.114228390007445,0.13573581157103,0.0017359966838622145,0.31453959809765253,0.41832829065717,0.002907243733629272,0.4868513371173975,0.45017568996728,0.001811771322748988,0.3869755344393375,0.4413945241541,0.002492664036951696,0.46088795417015754,0.44998045420973,0.0018482348244957775,0,0,0,1
2025-09-24,5,10,1,4,"Erleichterung, Erwartung, Interesse, Überraschung",5.7537392419863,3.395407432660075,0.13983003324889742,2,kognition,1,47,0.5498718857507601,0.43187694210552,0.0044388028490378335,0.0479900310250665,0.045931368541293,0.0012202828288861234,0.2098790057466775,0.34704158229303,0.003343679986591968,0.294055341185625,0.40183622868501,0.0018208602947209385,0.42848368326433,0.43071804630455,0.0029331848049924765,0.503071967563775,0.43116650374923,0.004080346650866137,0.32951791808468756,0.3975378426995,0.0017152807832922798,1,1,1,1
2025-09-24,6,7,0,0,,5.5384610838443,3.465394127428967,0.15421173992946247,2,kognition,1,22,0.5097590336627267,0.47220535310945,0.004330623177168337,0.01672593004288667,-0.060930574698626,0.001636256255141571,0.08960864349907231,0.21032590219854,0.008568724292265595,0.3647856875745266,0.39370468493982,0.005013356849812454,0.4366144284035233,0.45401903515596,0.00011331383632134663,0.48257978603711,0.4581006680817,0.000332366677585093,0.38918531716488336,0.39758783683609,0.0037866196437777704,0,0,0,0
2025-09-24,6,13,0,0,,5.7941831080754,3.1257601185823,0.28105938461106117,1,performanz,1,44,0.579042657835394,0.42739515403426,0.0011779294628469403,0.14073990096450842,0.18631899709198,0.02090656112337194,0.24075601933355664,0.30446310003127,0.016433122326914882,0.326995094466312,0.39350376346751,0.001270864677752413,0.41173802915642,0.4230292161402,0.0014534308597315294,0.391182287188936,0.42997917080963,0.0074972458398853085,0.2801067315214844,0.41380716006356,0.030255223387445396,0,0,0,0
2025-09-24,6,14,1,1,Interesse,5.5818374363445,3.5615681914855997,0.18840368278949937,2,methodik,1,38,0.5532005635062966,0.44850270199485,0.009679435930488998,0.027401339529895635,0.0,0.00032413486506220206,0.15165034889757667,0.23532910396242,0.0001105355151287882,0.30667835195453663,0.40577471717943,0.006223102129351867,0.4047347529298633,0.45030397522202,0.008101912291388775,0.5025384549427834,0.44577260222198,0.008308554761369413,0.3525788331786967,0.42109613153899,0.0027482721958562582,1,0,0,0
2025-09-24,6,22,1,2,"Erleichterung, Interesse",5.7635567900875,3.80921575495345,0.11911954006306381,2,kognition,1,41,0.507259973413265,0.43535132929561,0.0022448236506287544,0.060626264351211254,0.066826201993388,0.0012786373076475682,0.15919354524310025,0.297966113509,0.0024669206965056353,0.32985279404185003,0.40694998951232,0.0039934166465151865,0.4253693795683025,0.43192418061116,0.0003083998729505443,0.485489829139915,0.4317478265521,0.00064344209824385,0.41717144150752,0.42266207121581,0.003253824552344324,1,0,0,1
2025-09-25,7,9,1,3,"Erleichterung, Interesse, Überraschung",5.7973533327351,4.33252055006895,0.14935932366599036,1,kognition,1,29,0.48638546275777,0.42930489416242,0.00021797450552036383,0.23905687899578,0.26080318614491,0.015647440119145282,0.1128433897243125,0.21471155957381,0.0042778316182786255,0.365983760689305,0.39852843289668,0.0005831030910576751,0.416430705657565,0.42698599897979,0.0011170902251400273,0.431856982291515,0.42213575451455,8.594713451739337e-06,0.421159631266605,0.42688868794763,0.00045617329336835943,1,1,0,1
2025-09-25,7,10,1,3,"Erleichterung, Erwartung, Interesse",5.8534003028605,3.9047615421746746,0.16039864707468554,3,performanz,1,44,0.47937162528668253,0.42386486579459,0.0040748930927181235,0.07571758889623599,0.14143188939675,0.006265660476910611,0.17275785245167674,0.3073977393959,0.004538423029882621,0.409655738295125,0.41772681086931,0.0049349501337507,0.3900436684527625,0.42227883219351,0.002284167424422625,0.47146152327010504,0.42521790021893,0.00168605490166424,0.40824457273591996,0.41498607917362,0.001943576924040603,1,0,1,1
2025-09-25,7,15,1,2,"Erleichterung, Interesse",5.7432746804809,3.74971637245355,0.12775136714069685,1,kognition,1,41,0.554990535850055,0.43721685990524,0.0001823297929226586,0.10670702795573576,0.14187083374236,0.0067755219710706254,0.173154039033875,0.25089979038483,0.003254003467569447,0.33090071780956,0.4090456665981,0.0018374862854694221,0.42409281180010505,0.43190133090378,0.0005927426304254593,0.4370471841029075,0.43583844126425,0.0009937732024161657,0.3923401173876376,0.42655320058009,0.002684554456443342,1,0,0,1
2025-09-25,8,16,1,1,Interesse,5.8300939909177,3.7352242959931004,0.13095434812612233,3,performanz,1,42,0.4666365661422525,0.42697531566543,0.0033493357759995764,0.06796029702617826,0.12787591444873,0.0013044516857822917,0.1881615601174925,0.26526911767404,0.0029690689257046055,0.36286476222328745,0.4261934277818,0.00346143701423337,0.38758330485852,0.41906035712273,0.0014154560050448045,0.5226998704848476,0.43315332431008,0.001111121710502879,0.41226881735732746,0.43138668488961,0.003538170175870114,1,0,0,0
2025-09-25,8,18,0,0,,5.7265193758452,3.30676837762842,0.2635214397716539,4,kognition,1,37,0.38291850617933404,0.44601298496945,0.009812090642146862,0.1832707158976936,0.2119511675603,0.025597147101237828,0.12181604464867132,0.16852773185805,0.01112459807487248,0.433103403418008,0.42067889392471,0.006161647114891042,0.37904012873948195,0.42230616992437,0.012536723962988763,0.453372473798742,0.43202572824115,0.0025037258041053566,0.44575731900050997,0.43102734028981,0.0017076165190830904,0,0,0,0
2025-09-25,8,19,1,1,Erleichterung,5.9173555035865,3.6436816480747667,0.12252361470368864,3,performanz,1,54,0.45215748893263674,0.41608907991463,0.004406858771548079,0.141152364420978,0.19490226630477,0.0020342216924358835,0.25833796584877994,0.35952845920273,0.0022204690940524022,0.35316979556784994,0.38666586480461,0.004109268100970262,0.3795710923675934,0.41325112600244,0.0011243991326682708,0.4683588967656133,0.41709159880844,0.0008589895328407135,0.4535530224624367,0.4066528069063,0.00025782983554233416,0,0,0,1
2025-09-26,9,4,0,0,,5.7552581951224,3.52347007907782,0.16514897217242586,3,kognition,1,37,0.4777732630042119,0.44195098605942,0.009022365049068629,0.0732381060208958,0.094114945383255,0.003659934220666927,0.12137177259067902,0.21316127834088,0.004209514885280737,0.367110995177698,0.42574998871207,0.002546406483143798,0.43233831492113206,0.43527380084108,0.003299140856208588,0.4455514571771141,0.43763382569676,0.0010811757469115818,0.451834624795596,0.43374047233085,0.0034556457683284332,0,0,0,0
2025-09-26,9,20,1,1,Interesse,5.9419365128378,3.484542836797975,0.1567736874235441,2,performanz,1,31,0.4070698566616375,0.41321999717163,0.007197927312086962,0.11995806866861375,0.22882146143743,0.00476876212007534,0.18653356592541748,0.32450591649161,0.004789591413181056,0.4071204134792225,0.40575543267362,0.0026869417279653026,0.41008860754518,0.40804709419831,0.0002793012028677879,0.5023960386987074,0.41895689439396,0.0022506273785811645,0.4173776376650475,0.40610064688381,0.002604837913617499,1,0,0,0
2025-09-26,9,24,1,1,Erwartung,5.8657158261684,3.795260454267461,0.1629607854233732,2,motivation,1,51,0.5416785713157459,0.40755451244603,0.007894316485880144,0.0637452276379952,0.18571031266966,0.004484085180515145,0.20395115137813802,0.33788686537236,0.0008977202303763216,0.31938492091982995,0.42002398458148,0.005520442854391983,0.44142550411570597,0.40702043133496,0.0023130444804892376,0.478851449566364,0.41120371099385,0.0016271071044120689,0.32893958895131997,0.41721191814727,0.0038195012497377868,0,0,1,0
2025-09-29,1,2,0,0,,5.5946308080497,3.3360192703706,0.29307235013505245,3,kognition,1,38,0.4912463275445139,0.44268823674278,0.02160172516122951,0.12397744852440817,0.1282568031468,0.021151136144372622,0.12492585918703758,0.1841419263421,0.008951654763849697,0.354637022276046,0.42246640009593,0.007106508712814047,0.393465244847622,0.4425133401751,0.00862178926618489,0.434966157547976,0.44170941723204,0.0017514529031163635,0.414757945638372,0.42925792817169,0.01670713546211566,0,0,0,0
2025-09-29,2,16,1,2,"Erleichterung, Erwartung",5.8149235686319,3.51881860037098,0.22431123302366718,2,kognition,1,35,0.529160786556656,0.42627739599796,0.01352506582945066,0.1118289405598594,0.19450299708592,0.011203085331263277,0.11536162949200421,0.24922526000857,0.0030594372914525686,0.34273696597083797,0.41839677950944,0.01137043498892227,0.428969703331138,0.42500420933623,0.001397518108221955,0.44033378441295995,0.42560591371485,0.003921096432054029,0.385325712241504,0.42604537234404,0.005838891279233159,0,0,1,1
2025-09-29,2,20,0,0,,6.4833368758959,3.76897568153802,0.8203785956009456,3,regulation,1,56,0.29369675091416003,0.3971926792848,0.1830043462509619,0.085934159540101,0.16611944682681,0.02190374888591968,0.1066184919231092,0.27266631743647,0.025907430305399513,0.216606879883752,0.39440027009195,0.06300825426180993,0.249678658118944,0.40378837674599,0.12482186933971354,0.301392093428258,0.4462436495395,0.12474029179246741,0.147879385761348,0.47176506697929,0.1296350992839081,0,0,0,0
2025-09-29,2,21,0,0,,6.0304307311649,4.10519864162645,0.25017969695934605,3,motivation,1,50,0.5043086522954325,0.38377919166497,0.01477385676310522,0.21977748228063526,0.3246103737095,0.016857113070682272,0.2561673208416975,0.36256751498852,0.007146287673128723,0.357511192551575,0.39639353115542,0.009207650611044425,0.4151625443832025,0.3864073843428,0.008506891441341018,0.4127304098745075,0.39287330153483,0.0021736725002228217,0.314059814494045,0.39382126481488,0.00392440871114576,0,0,0,0
2025-09-29,2,23,1,1,Interesse,5.6136878200746,3.2780107155462,0.18631385813226578,1,regulation,1,33,0.603329960414395,0.44235555144659,0.008239369867248075,0.07268970271673049,0.098394612502957,0.0018305316679574305,0.16793306408623426,0.22196332892864,0.006325392101071712,0.2502670504442675,0.40706899979057,0.006264013133288941,0.4292748669472925,0.42795935006777,0.0009039595308632906,0.4274702505594275,0.44465107591114,0.0034352947751825204,0.371681504133605,0.44586974446017,0.007714292656518093,1,0,0,0
2025-09-30,3,3,0,0,,5.5654917891717,3.13806054061695,0.017080553686997763,1,regulation,1,10,0.409451544464055,0.42030066081646,5.028338507263444e-07,0.0514710027222455,0.0,2.2560690335134363e-06,0.032012330633226505,0.0,2.5052619861586214e-08,0.41043428775849,0.4255761786994,0.00019881875128837382,0.463836092808495,0.46048460315849,3.5557176565307304e-07,0.456338694525545,0.45414698332024,1.1348902030146529e-05,0.48634489980713,0.47321572762623,7.843813366613802e-05,0,0,0,0
2025-09-30,4,5,0,0,,5.6905686624767,4.01865742609656,0.10591857511743878,4,kognition,1,47,0.502710908348776,0.44070070169045,0.00259536668918412,0.0591989293850058,0.0377316477393,0.0009693149436365381,0.11103617524016421,0.19206099045359,0.0006958582979979946,0.37092296112341405,0.43425568956154,0.000934825279098158,0.42955440384773,0.44021967647216,0.0020658645827603926,0.455324038840374,0.43916633513526,0.0015297248784652217,0.4368107186356319,0.43844023340756,0.0024277898837660973,0,0,0,0
2025-09-30,4,7,0,0,,5.8930380579611,3.87038369410498,0.1461405701743489,3,motivation,1,38,0.475484855363222,0.40404395269642,0.006076911907756234,0.1389829950970974,0.27979220366284,0.006629587284534805,0.17130557326648138,0.31576656377249,0.005479919549407691,0.401100600985094,0.40813688464323,0.0022014897755394513,0.39716191845868,0.403354983272,0.00016772176124842437,0.43177615374684997,0.40536128228662,0.00011938167305463399,0.44591487813632397,0.40640393959952,0.0006820542993425593,0,0,0,0
2025-09-30,4,8,1,1,Interesse,5.6963016839843,3.435516453361467,0.3202307926523746,2,performanz,1,41,0.3061188533181667,0.42550650156643,0.01097699378927032,0.12237656802927754,0.16855354793869,0.01725737576206676,0.14651192843700267,0.29592056917737,0.04492454248289018,0.4782289662835,0.42247851519741,0.0057993502820105625,0.26973810376050666,0.39637612221716,0.01057154941684346,0.5158282013510733,0.43501726585793,0.005794754476123584,0.44694014595958004,0.42204179489374,0.007223194353563281,1,0,0,0
2025-09-30,4,9,0,0,,5.5267836071981,3.40362316829085,0.12575015435302683,2,kognition,1,14,0.43789616134822,0.50136435140118,0.008710727598411424,0.0413126224443485,0.0,0.0003627602206446814,0.161415889910825,0.15507058843452,8.754853997463691e-06,0.373693306664355,0.36660915547958,0.003677494848993716,0.43797454330815,0.45913523274395,0.0009208473020080922,0.527688020814045,0.47264870911442,0.0011555289399401089,0.39337379956129004,0.39494182351248,0.0009769875558145813,0,0,0,0
2025-09-30,4,24,1,1,Interesse,5.4323406008039,3.4732793935051,0.9263320538378421,2,kognition,1,31,0.26315272076029667,0.50273730656641,0.13415134663938305,0.044760585405492,0.075900407013917,0.025272613579292735,-0.004171174521439021,0.21411982867124,0.0497259685140326,0.12385600451993001,0.36564135893328,0.1512064205696274,0.19442780568688667,0.45913223142538,0.07853641306016661,0.08573121337531998,0.46664466940732,0.24217277174163374,0.10070005930675335,0.36522607977071,0.17702553986329864,1,0,0,0
2025-10-01,5,2,1,1,Interesse,5.7277974011613,3.734354579867933,0.1218019951323768,2,kognition,1,38,0.4883442361471733,0.44923345541271,0.001224864222531882,0.047151180589166765,0.045599996588917,0.0015503093149039158,0.20602516880496,0.28479639868479,0.003501037442529899,0.3335598015940133,0.39201358515164,0.002024861043014475,0.43166810625943336,0.4408606009954,0.002199323775583873,0.5096440686652967,0.4427048999786,0.00018777267951832185,0.3803585308188901,0.41349378894032,0.004147557540145176,1,0,0,0
2025-10-01,5,6,1,1,Erleichterung,6.0461030205719,3.9190772317498253,0.26886467513831536,3,motivation,1,44,0.4329788355639625,0.396277419616,0.02160223361900284,0.136438558973217,0.28155300929081,0.011282985958863644,0.23869161147733747,0.35164125803349,0.006894315863988288,0.42162878259528247,0.40285073063972,0.01487508869822762,0.3581412123645,0.39490487697468,0.009648267741317497,0.4410979275310825,0.4012655224977,0.004745968389292681,0.40502251859229,0.40097959402201,0.0032393532665392893,0,0,0,1
2025-10-01,5,10,1,4,"Erleichterung, Erwartung, Interesse, Überraschung",5.8809566109717,3.4991276659621,0.27015979961995784,2,regulation,1,46,0.44857685454362,0.41936193254158,0.006754231135705114,0.17956201216744175,0.21826291310355,0.01334982998564586,0.20812762102844626,0.27543454075334,0.01683918310817624,0.39602488210337,0.41081658755045,0.005453619700739683,0.35186967609061753,0.41822427850374,0.008502180381918925,0.47451960370376,0.41194329607111,0.002220102217820398,0.3800124606321575,0.43272414809604,0.01986717080068956,1,1,1,1
2025-10-01,5,11,0,0,,6.0046972234922,3.3389187389380197,0.2479790717580108,3,kognition,1,46,0.45326271893872594,0.41122858346801,0.009030962264689475,0.25609619380790016,0.31760286128299,0.017391850532227825,0.1526515386450442,0.30402724163209,0.015971374749622368,0.41958685519553995,0.39631967616887,0.008399624338306818,0.39442223636623003,0.40316808445143,0.00515360751350666,0.41390508557834804,0.40281523815368,0.0011516712261858146,0.375800347966932,0.39460065147465,0.004394529405425713,0,0,0,0
2025-10-01,6,12,0,0,,6.0044636550869,3.54946969868278,0.25647560140148823,3,regulation,1,43,0.42174747880126195,0.39299932429012,0.01388344762191956,0.20673394398186756,0.31571438392393,0.01911212604018924,0.278760135560066,0.35544323333648,0.008311052848221256,0.410998846247782,0.3950265083922,0.01189844347374163,0.319261151175622,0.3902333945649,0.007687008461977616,0.47206724517030396,0.39386636070492,0.0034345107417175975,0.377096904554454,0.39506199672733,0.001453144926488183,0,0,0,0
2025-10-01,6,14,1,2,"Erleichterung, Interesse",5.8082103745856,4.0052836039854,0.1545470214423445,1,performanz,1,55,0.5500636777464974,0.4262496634921,0.002445366528756068,0.08752520997465976,0.089896387096623,0.0073752837697623665,0.18109715789848252,0.3189600914035,0.0032023285783612603,0.33744474996954754,0.41056844616928,0.0029948893883029186,0.44838360967073,0.42759532945641,0.0017902153417651383,0.43892974974256743,0.42942820849201,0.0017351765720961573,0.35426990303732253,0.41554552054825,0.004341521657656581,1,0,0,1
2025-10-01,6,22,1,1,Interesse,5.6720612282452,3.42371962060817,0.37245927026799186,4,performanz,1,45,0.32431228017592195,0.44183064215684,0.0492527611187092,0.0945035942670364,0.1481752145064,0.011723892927225695,0.025098732866183,0.12838301887728,0.016020906494355017,0.412423572417854,0.43187252216255,0.004029627981299506,0.3604717381313836,0.43714380482413,0.04475549356118459,0.46493686015802205,0.44441399704036,0.003942909102852767,0.479923857686624,0.43730044776443,0.009000316822938217,1,0,0,0
2025-10-02,7,9,1,3,"Erleichterung, Interesse, Überraschung",5.8000495752583,3.0926339246984402,0.22510200629630384,2,kognition,1,33,0.551663245119598,0.42387402701826,0.011594595699001228,0.0822391971862262,0.1613794805635,0.00642201851778325,0.16822387956385,0.30143276532769,0.004834375368868184,0.301096519925078,0.40845167899701,0.014207175945611019,0.44317393906332797,0.42271469559162,0.0038310089038311192,0.43321939938274595,0.42341968153346,0.00293916900123817,0.367676514627172,0.4226317517264,0.0068425698022882495,1,1,0,1
2025-10-02,7,10,1,2,"Erwartung, Interesse",5.9370849441388,3.82678476531705,0.17928578219545946,2,kognition,1,37,0.5197677266445825,0.42232471205671,0.004944237475227965,0.1316407824599795,0.23220466953253,0.00911773777431086,0.15885957267968376,0.28431633643705,0.006005600442816095,0.373905704985205,0.4054764484674,0.00607976455856919,0.422788691606465,0.41975360648869,0.004691463115611231,0.43772352534899,0.41783518292499,0.0002898443111218768,0.38074851733302495,0.41435878258888,0.0010147440197805094,1,0,1,0
2025-10-02,8,16,1,2,"Interesse, Überraschung",5.7989148335845,3.55724779459025,0.24650088971250572,2,performanz,1,33,0.585824773560525,0.41676604754696,0.012483142321401646,0.1553621039717135,0.24260664141614,0.010630816977203885,0.20932106862761,0.30763100814704,0.00970609179295553,0.30794948756629753,0.38612708842184,0.013701805095921813,0.407652943302365,0.41123654373649,0.0018952989790223295,0.39302444111003754,0.42301550204396,0.005189001155039764,0.3355682803276675,0.41911341517555,0.007156532307511936,1,1,0,0
2025-10-02,8,18,0,0,,5.9261477231066,3.009616930465925,0.23018415215984117,2,kognition,1,34,0.515661061923345,0.43211274116481,0.006194462870299792,0.1241260508743325,0.19810961329533,0.0063412386168573255,0.2576285337938932,0.33774836271561,0.011725871574229841,0.36875729380052746,0.39820869225368,0.0034205299156604197,0.3871218524290575,0.41099386926095,0.0009323398524089598,0.4611204151968125,0.42246883570438,0.0050243864993246585,0.31756079980951973,0.39241277803215,0.019345914576763917,0,0,0,0
2025-10-02,8,19,1,1,Erleichterung,5.9272542223482,3.6803795563036332,0.2796306712991617,2,kognition,1,44,0.5164861424247433,0.42126656456965,0.017049499031677764,0.14819250527315067,0.22866020029673,0.02651682977971349,0.21761472568099768,0.32118695453294,0.015185220245366941,0.3573208467677033,0.39421723997649,0.008459971848465671,0.38489303325966334,0.41582490424013,0.005714395566627963,0.43366947924239335,0.42053499292239,0.0009232029378656468,0.3490501403538833,0.40238948398963,0.004344192921502332,0,0,0,1
2025-10-07,4,8,0,0,,5.7621162757567,3.7392896281309596,0.7481509022113431,2,performanz,1,42,0.32066512082137805,0.42572917027067,0.08066420554660689,0.1050201766280912,0.15501736395272,0.008284298181431449,0.092651974304864,0.27811215238158,0.031977622884985686,0.25306786302752,0.41791674648482,0.07385963930196829,0.31452058845417397,0.4221264538075,0.049847258298560314,0.19473925772253803,0.44029531615224,0.2929068676761789,0.3419572248461214,0.41312145283367,0.022189880589915126,0,0,0,0
2025-10-07,4,22,1,2,"Erleichterung, Interesse",5.7928960248167,3.63953430630938,0.16869633007167123,3,regulation,1,48,0.460750814678952,0.4270237914915,0.002314482472503957,0.09901751154847518,0.18064965955153,0.0063469684690298095,0.1610183324101384,0.24702780677008,0.008373322480177742,0.378579958519052,0.4213438600634,0.001255910633297686,0.399083779700694,0.42659022954461,0.004336638924118003,0.49786213924003997,0.42576919156853,0.003741329146916387,0.415999783952728,0.42801976046195,0.002089799653606659,1,0,0,1
2025-10-20,1,2,0,0,,5.8338997731266,3.8347415388341397,0.1451682503732654,2,kognition,1,39,0.5384374393450281,0.43039890107301,0.003397116981386756,0.09610209292648679,0.17947355550609,0.0035244768503794634,0.16104005981875397,0.28094108767791,0.004254096195951113,0.309330638541182,0.40230486004681,0.003526871383596493,0.4447010958787,0.42776518208003,0.0008684595996462684,0.457775924599206,0.42747914006876,0.0007106760951170022,0.38837246569209605,0.41957602319795,0.004792123810357972,0,0,0,0
2025-10-20,2,20,0,0,,5.8818476992157,3.6240096394819004,0.20169922807097843,3,regulation,1,51,0.430795255306105,0.41594048918473,0.01009193426213833,0.21161132346299574,0.24821908918981,0.013643239240625611,0.1321439113618405,0.27585027671632,0.011228063679047962,0.42040271430264253,0.41068761216557,0.0025083690671855886,0.40244136027530747,0.41720963241921,0.0009342062115018057,0.4305915993112625,0.41516587687148,0.0015871000534963542,0.432873117120015,0.41736449331801,0.0006896660904329238,0,0,0,0
2025-10-20,2,21,0,0,,5.8587738024668,3.8286627816225405,0.15898395133275595,3,performanz,1,48,0.506736202218324,0.41007647627438,0.0040327521138850825,0.09443682814416401,0.20265223719041,0.004059816336083921,0.1821233862619732,0.34024272449374,0.0036813349640825014,0.339914792762812,0.41144884819124,0.0030060892378726382,0.44509886342440996,0.40958409733603,0.0018256166448451158,0.453748758379636,0.41218501377313,0.0020141862098408967,0.39535665821340993,0.40994518667098,0.006656101274765958,0,0,0,0
2025-10-20,2,21,0,0,,5.8587738024668,3.8286627816225405,0.15898395133275595,3,performanz,1,48,0.506736202218324,0.41007647627438,0.0040327521138850825,0.09443682814416401,0.20265223719041,0.004059816336083921,0.1821233862619732,0.34024272449374,0.0036813349640825014,0.339914792762812,0.41144884819124,0.0030060892378726382,0.44509886342440996,0.40958409733603,0.0018256166448451158,0.453748758379636,0.41218501377313,0.0020141862098408967,0.39535665821340993,0.40994518667098,0.006656101274765958,0,0,0,0
2025-10-20,2,23,1,1,Interesse,6.0341852642976,3.573101856396275,0.2292855246456326,3,kognition,1,39,0.4895669584570725,0.41639302229907,0.008570102332665284,0.17351450221895776,0.26899995583722,0.019143381185358254,0.15771583188579402,0.33099300548543,0.015054457873430916,0.3756593774313725,0.39304417901685,0.004210621595798972,0.41297807711838497,0.40708890768164,0.0009415920766522859,0.424723169828645,0.40794543484216,0.0006695086830338975,0.400879473226605,0.39758220205895,0.00398218806508338,1,0,0,0
2025-10-21,3,3,1,1,Erleichterung,5.812894724612,3.6272379157389256,0.2430725182671818,3,regulation,1,38,0.4821695428914375,0.42575128723129,0.0050338246410329395,0.18153302676686034,0.1905326239347,0.024793079119269968,0.140383548686524,0.22017583704815,0.009161159406948402,0.3899450280432775,0.42233147083214,0.0058501339544663085,0.40870049146200504,0.42634213542902,0.005429023132937048,0.44420999250211746,0.42546184657685,0.002627569692586284,0.37328946784326755,0.43909344131963,0.00618945918950848,0,0,0,1
2025-10-21,4,5,1,1,Interesse,5.9620261027886,3.43594536282894,0.17522969717760695,3,performanz,1,39,0.5255963170982341,0.40555813820619,0.005219085181269325,0.1324683142757614,0.26244874355852,0.005618052195457841,0.181200356246406,0.31582903729035,0.00684280954918039,0.333690841455722,0.40952397064543,0.005911949475222942,0.46421100885885797,0.40297180520998,0.004333077280009875,0.41572644080501,0.4128143594206,0.0016382463620751072,0.37813391667930196,0.40789712491807,0.0011422267297403472,1,0,0,0
2025-10-21,4,7,1,1,Interesse,6.001620438956,3.65812913992272,0.2632236757244455,2,kognition,1,48,0.5020422461599701,0.40681689554464,0.01733647940147852,0.1590528119211306,0.2595620764864,0.010113120968952085,0.229124887630982,0.32813136950539,0.006307965069479474,0.368402381148872,0.40573973711523,0.010364513902123873,0.42914118753126196,0.40627158804619,0.0030024430052683964,0.41155634679993,0.40578563829782,0.001054095366374841,0.334071926358494,0.40633814993711,0.021108085748210863,1,0,0,0
2025-10-21,4,8,0,0,,5.9419188730128,3.7198486624687,0.17251474381066004,2,motivation,1,29,0.505318398104645,0.40537741513,0.0050197470021227965,0.12596378988306575,0.2485080462351,0.011966699715421514,0.238694385848365,0.32874426125019,0.0020873724315068082,0.34862931569885497,0.41070345488689,0.005143480291767614,0.39694757804361247,0.40067060784567,0.0009621773728715789,0.478198301652915,0.41030981822171,0.002253106276651204,0.36641671779330504,0.41020523676555,0.002328753741716146,0,0,0,0
2025-10-22,5,6,0,0,,5.8851709592012,3.4623789312435607,0.25652967866699233,2,performanz,1,46,0.558123743297908,0.42154785445152,0.014413977272551757,0.0702552985293126,0.16217232189044,0.01603028140005387,0.1659768179520302,0.30165811818395,0.014565556051565298,0.333174835414704,0.41482205572671,0.007812440515141683,0.42158877386905197,0.42313257337392,0.0016207339385386262,0.452634924920768,0.42401903522302,0.0013813488247507904,0.31077017585609,0.41723598956894,0.009983138034388305,0,0,0,0
2025-10-22,6,7,0,0,,5.9838866569763,3.39190825664796,0.2181649401260923,2,kognition,1,46,0.46805483619199,0.40975766678566,0.007309528648388114,0.14566249339730558,0.25454487453865,0.009224753005233241,0.235037034612324,0.32575810555356,0.0028453647190459174,0.39308706376468405,0.40379632106361,0.002459148478351096,0.33714715353929003,0.40741426687291,0.007075482181504061,0.511688890471424,0.40774662569768,0.016202835569316294,0.35616154838524394,0.40729437904023,0.0024788284983827125,0,0,0,0
2025-10-22,6,14,1,1,Interesse,5.8744095087163,3.896798395427375,0.21186747925171462,4,performanz,1,36,0.40731053030023,0.41073935136067,0.008461081192435896,0.18443080744388926,0.26480739981487,0.00937584455382388,0.186832743887452,0.3000602799374,0.00760924406792271,0.43643655957536504,0.40921907749626,0.0048435038127207855,0.3660887351100325,0.4067185931103,0.012286639856961799,0.47151497100649753,0.41204581820272,0.000894814814974944,0.4164846407231925,0.41044929820297,0.0014167004656357135,1,0,0,0
2025-10-22,6,22,1,1,Interesse,5.7019271594939,3.0801650601110198,0.13266035502078086,2,performanz,1,35,0.457943055595112,0.43604444549317,0.004168369238889233,0.0571572617084502,0.063235890966728,0.0012005546777443543,0.1372722368772754,0.22688026546569,0.0036108182023966927,0.365062138626232,0.42435033751749,0.0030298818750687656,0.42159652154803,0.4330625265568,0.00023305786251028317,0.516558159365182,0.44422636658372,0.00256029681574584,0.41560309374060206,0.43524116945263,0.0027957911218844476,1,0,0,0
2025-10-23,0,10,1,3,"Erleichterung, Erwartung, Interesse",5.7837789254614,3.91870791951145,0.20538945088396107,1,performanz,1,36,0.5333343501495349,0.42229562922965,0.0023906520799697366,0.17163237719842275,0.26230767101771,0.027214287911030716,0.1340001718073085,0.22828673022494,0.0022668126269385783,0.3417921182539825,0.40755191442175,0.0017363206005911814,0.42809180779837247,0.42439756793557,0.0045698872455743,0.45300393725155,0.42856260651599,0.0015368756867283819,0.3473525144088401,0.41335823664457,0.0024699903835821713,1,0,1,1
2025-10-23,7,16,1,4,"Erleichterung, Erwartung, Interesse, Überraschung",5.888321421597,3.4752413475743,0.28077738599867463,3,methodik,1,43,0.4178996895939425,0.41684985233563,0.018306379000088534,0.17262273650384824,0.20736362813269,0.011142304597562226,0.2311231299095105,0.28132027017648,0.007000926416866358,0.42378263843126995,0.40859216865251,0.0141320418597611,0.3357317977836242,0.4274464859803,0.022785194694688312,0.4568073638895825,0.41546520656485,0.002203771100511984,0.4028901309495875,0.4264066590136,0.0032653228187702167,1,1,1,1
2025-10-23,7,18,0,0,,5.6854470008267,3.6467079835494394,0.20119095813999924,3,regulation,1,40,0.523038888486088,0.43428267687504,0.008680412039850134,0.09434266369894816,0.13592705764576,0.01182523346762621,0.1109350307916872,0.20067024176035,0.0024029903930972898,0.333721751377404,0.42707763157768,0.005023445230382583,0.48384687481935595,0.43514782933626,0.00042670646333829417,0.42843969734558396,0.43531168033129,0.0024313369617735255,0.36837639408670597,0.43749872238775,0.009687677081222888,0,0,0,0
2025-10-23,8,16,0,0,,5.888321421597,3.4752413475743,0.28077738599867463,3,methodik,1,43,0.4178996895939425,0.41684985233563,0.018306379000088534,0.17262273650384824,0.20736362813269,0.011142304597562226,0.2311231299095105,0.28132027017648,0.007000926416866358,0.42378263843126995,0.40859216865251,0.0141320418597611,0.3357317977836242,0.4274464859803,0.022785194694688312,0.4568073638895825,0.41546520656485,0.002203771100511984,0.4028901309495875,0.4264066590136,0.0032653228187702167,0,0,0,0
2025-10-23,8,17,0,0,,5.8381922114544,4.1407886866187,0.17272991217381614,2,regulation,1,56,0.518512077326728,0.42538623028861,0.004411119303240864,0.081293030989453,0.11694012277854,0.003905033519441861,0.1423392438181718,0.28322713960141,0.006394605390710312,0.36385277860918996,0.42442069491735,0.004343466551346759,0.44139154583579804,0.42583076519219,0.001378738812365964,0.44194664774914194,0.42549026042718,0.00023410642120156563,0.38974797630917796,0.42736845446609,0.009168552561266918,0,0,0,0
2025-10-23,8,18,0,0,,5.6854470008267,3.6467079835494394,0.20119095813999924,3,regulation,1,40,0.523038888486088,0.43428267687504,0.008680412039850134,0.09434266369894816,0.13592705764576,0.01182523346762621,0.1109350307916872,0.20067024176035,0.0024029903930972898,0.333721751377404,0.42707763157768,0.005023445230382583,0.48384687481935595,0.43514782933626,0.00042670646333829417,0.42843969734558396,0.43531168033129,0.0024313369617735255,0.36837639408670597,0.43749872238775,0.009687677081222888,0,0,0,0
2025-10-24,9,4,1,1,Erleichterung,6.0067070587482,3.9644063173485753,0.23728378615239068,3,performanz,1,45,0.460062254238725,0.40700204121894,0.010806386073642538,0.21114133335748275,0.2871813699118,0.02053458203434124,0.1556793511757989,0.2944910829054,0.007861174006838067,0.392526676436855,0.40811664420227,0.008145878197793095,0.41298427063112253,0.40412132061207,0.0028803891378873826,0.44428044479687,0.4105016184501,0.002265046456563813,0.375764074789535,0.40836632562818,0.0038101392637473336,0,0,0,1
2025-10-24,9,6,0,0,,5.6248260851291,4.332866968650934,0.15011561214886932,1,performanz,1,36,0.5368818879246233,0.43950521043048,0.00026809876442553815,0.07162903276589734,0.066588608842792,0.009003187152034324,0.15316617144029135,0.22648892339043,0.009673528081359557,0.3702604118183667,0.41615681300486,0.0009407545459475015,0.4348638172161167,0.43574109973717,0.00021956893046461105,0.45068643013005,0.4412238028522,0.0006745132397579719,0.3623676694088933,0.4397329824887,0.0017550462968402563,0,0,0,0
2025-10-24,9,20,0,0,,5.9770101760318,3.71955631762824,0.24685530979542372,3,motivation,1,39,0.454281579124562,0.39430799329343,0.006769390423370335,0.21858233844621977,0.32101794549356,0.029596218858463773,0.1956443599669862,0.33189693861031,0.009994972432901348,0.3830646239960259,0.40045016314753,0.007324625936363285,0.37082453585301,0.39250406853916,0.004262261691079388,0.458985483376968,0.39795618906525,0.001203897945944138,0.389503757590854,0.39814677656726,0.0017861766860723586,0,0,0,0
2025-10-27,1,4,0,0,,5.7690213415461,3.308728107182125,0.20490529758079992,2,performanz,1,38,0.425359674082515,0.43296672074616,0.0031695076576994195,0.14553729081186925,0.19249045118949,0.016954475873700026,0.088090482918949,0.2158734805798,0.008126946281168841,0.40980717851238996,0.41882716279367,0.0022110156538516796,0.42193316878278997,0.42687360168041,0.000520273393292072,0.45990664153873245,0.43810933380752,0.006655251525849806,0.4366372894490125,0.42344464343215,0.004348710591114334,0,0,0,0
2025-10-27,2,16,1,1,Interesse,5.7090104810657,3.203746383335575,0.2908594840274326,2,kognition,1,37,0.5159049360712524,0.45024767987149,0.019033213644683133,0.11220791386559426,0.104390492335,0.018892967531535666,0.2300032102646025,0.2899400062642,0.012649612094577848,0.3392615687278525,0.38991063098129,0.011705119220899146,0.39901808131785754,0.44535157773095,0.014099935092734365,0.48169572741685246,0.43588528927538,0.0021889150578497775,0.27820774513089747,0.40242592868339,0.006029476806424391,1,0,0,0
2025-10-27,2,20,0,0,,5.7849220140971,3.44668373119278,0.17750163877314198,3,kognition,1,44,0.503487648355348,0.43599931001514,0.003795795608599835,0.059560933423941996,0.10880262521766,0.0062497701956610975,0.13545936790673657,0.27205468620288,0.009854818447334681,0.33394971778716004,0.41158754789528,0.0005282036927085497,0.426313070846908,0.42972449870058,0.002478795440592635,0.473438481730006,0.43270016618034,0.0030759260411947617,0.419143657343832,0.42749560546762,0.00552352234105942,0,0,0,0
2025-10-27,2,21,1,1,Erleichterung,5.8682810016253,3.5883556736309745,0.21310541154464288,2,kognition,1,36,0.53951472615176,0.42761691420669,0.0034033896459655447,0.089782728264181,0.17911936552463,0.00951932214281467,0.18327992149010375,0.30634931441397,0.013049452115883996,0.34592886960877245,0.40356581087898,0.0008095098575391258,0.44364573447290245,0.42434731730929,0.002020471005030108,0.45113257829323,0.42678578353626,0.002057916084648401,0.31912835411570495,0.40758385952521,0.01455385557772976,0,0,0,1
2025-10-27,2,23,1,1,Interesse,1.5140812129159,2.1951954355811,0.9716549328389432,2,performanz,-1,24,0.1170219591378675,0.023654343168926,0.12610377425547292,0.046760559471798246,0.11167170254984,0.01633294475777609,-0.07858716448906876,-0.43823754020305,0.036969186600304196,0.04366273209299501,0.030308503217916,0.14111492723597735,0.07545186506192,0.15107172760597,0.0722627080779914,-0.12464619382676499,-0.83508727884497,0.389575737387583,0.10335132972581426,0.27164778025522,0.1617540301951464,1,0,0,0
2025-10-28,4,5,1,1,Interesse,5.8815744131315,2.85907667979682,0.322782349877628,4,performanz,1,39,0.41211641072295,0.4184314536265,0.029635455109927072,0.16929864092349217,0.22232683463561,0.0121407332205204,0.243381832282342,0.30644469518409,0.008884243977031834,0.396581129938538,0.40759171725601,0.01780055070707612,0.338556950803454,0.39743120791774,0.014245350813135594,0.408099839434718,0.43570210654355,0.007225988131730041,0.446793231404164,0.40945725896598,0.0142561234331024,1,0,0,0
2025-10-28,4,9,1,1,Erwartung,5.5714962362412,2.877395346750133,0.8780244997555714,1,performanz,1,29,0.16775194154117667,0.38075207974513,0.08476902420808143,0.14089409801331518,0.24723658335294,0.01642349728506715,-0.07678073801816666,0.11330709353861,0.013362468107909678,0.18479820819277334,0.42379126620982,0.11040697246536435,0.1690114774113133,0.34074619310465,0.047116969679153194,0.06746034069016997,0.55211593342318,0.4565582665634674,0.32850027801798565,0.42487742834192,0.042289823861978305,0,0,1,0
2025-10-29,5,2,1,1,Interesse,5.6637408345364,3.1276226386606503,0.1340585458786025,4,kognition,1,27,0.52334879898547,0.45662217365056,0.002239958841209012,0.06460065612407276,0.064978471036831,0.0029111184244011716,0.11696267790113327,0.18615887732918,0.000787858860506706,0.328541512694725,0.40870249613518,0.0006520119339690015,0.43836217269891753,0.43869246090181,0.005544526856022697,0.4388249201867675,0.44499442243806,0.0032259928698810726,0.44452890347993246,0.44170860122713,0.002610225937095711,1,0,0,0
2025-10-29,5,6,0,0,,6.4683110182188,2.8663255543873003,0.8086545667858557,4,performanz,1,39,0.28270438836656997,0.40799061020021,0.060505840957853205,0.10094459442852159,0.1845168184022,0.04109970889239306,0.00025441303393397563,0.056111873866351,0.03660949187380346,0.2952946160443,0.42592983719125,0.09766940546131131,0.236183525125866,0.40847724659993,0.08146651994212586,0.25094609956173997,0.47975531558057,0.17417506570314012,0.22361438517554602,0.46680887021227,0.1623961755529929,0,0,0,0
2025-10-29,5,10,1,4,"Erleichterung, Erwartung, Interesse, Überraschung",5.7504314344355,3.0141627722766247,0.3118048628292849,2,kognition,1,38,0.48797262190007495,0.4415564984479,0.01427965960304766,0.16623915356101335,0.21485207312967,0.023843337901757987,0.24108543513399322,0.28626127860674,0.013219389773325802,0.39142222453863496,0.4048247119722,0.011443528206348176,0.346941925398845,0.40520372342312,0.011390324494171933,0.45699099021613254,0.42955845692095,0.007668967227648695,0.3106045580000625,0.4053688134505,0.015377065277688912,1,1,1,1
2025-10-29,5,11,0,0,,5.5574907702058,2.7542886075985966,0.31074322025360446,3,kognition,1,22,0.36094497012425997,0.46955536922158,0.026954447616916302,0.2103103759666117,0.17316230031954,0.015388390054515555,0.1666651646194167,0.16106588744153,0.004753786692258574,0.38123207112875335,0.40601193360568,0.0053262914552059835,0.36144372627055327,0.44153430105667,0.007195767574609071,0.4065937156119233,0.44530830307685,0.007999314610585746,0.5097446886425833,0.40680344162776,0.0289433509294889,0,0,0,0
2025-10-29,6,7,0,0,,5.7824781544424,3.143684800882,0.21715019941865962,3,regulation,1,27,0.437014889123445,0.42678852362601,0.003786876371434717,0.19475129410471623,0.2136925947222,0.010833269275986717,0.1962535942467675,0.21594523261155,0.021465483384657202,0.419161389244335,0.41881879304471,0.0025776525667434674,0.4069551605140275,0.42137637130357,0.00262568514809642,0.4162163479041825,0.42826133449615,0.0021486751648483416,0.41336288805467997,0.43494393952995,0.003716567195796778,0,0,0,0
2025-10-29,6,14,1,2,"Erleichterung, Interesse",5.9579282013461,3.8168682727004204,0.26945042426131366,4,performanz,1,42,0.45240512109730197,0.40234505918481,0.007308871568525123,0.1929147140676648,0.29759730542388,0.0337732844184054,0.1431118622274224,0.30838774405969,0.008722891082986165,0.39055677305956804,0.4059505462166,0.006948261908588006,0.401254573179788,0.40079916724957,0.007896415878496064,0.43976810339398,0.40653541704365,0.0008318445105209074,0.39760202830106006,0.40464932454198,0.007121961767080258,1,0,0,1
2025-10-29,6,22,1,1,Interesse,5.9234254612694,3.43172748147664,0.24881394402809662,3,methodik,1,58,0.501914049572328,0.4197781252909,0.008085951580435858,0.135258216666151,0.24708878278038,0.016132858534116005,0.1940969692901058,0.30681250889446,0.010113302522347569,0.377747007604182,0.40123651906365,0.01014632559262104,0.387987261164478,0.41997488331328,0.007176795178322183,0.44416523961519,0.4072131976804,0.007344519511906329,0.373751031376948,0.40669882187154,0.0029086258230678103,1,0,0,0
2025-10-30,7,9,1,3,"Erleichterung, Interesse, Überraschung",6.4669111519871,3.3402770204636196,0.7667919756109643,4,performanz,1,43,0.291373436076606,0.41450240812885,0.07968310394730596,0.1385479410694884,0.15775858425599,0.010673891078824344,0.12290628614508899,0.23603703957903,0.03905094973164617,0.275870415411832,0.41825853196668,0.08497646727453574,0.271124399645136,0.4056327639105,0.04880807409170933,0.21664428813152597,0.50597948959492,0.30355367687705725,0.3102836002853814,0.38998720930944,0.021223770860286924,1,1,0,1
2025-10-30,7,10,1,3,"Erleichterung, Interesse, Überraschung",6.0530919470324,4.08783958692864,0.18873233722033247,4,performanz,1,44,0.43070114766966194,0.3972199399828,0.005536284599523761,0.1731399937901204,0.30036103209341,0.0076568269115292725,0.23179610929452604,0.34768785753227,0.007642126959605691,0.42098342093278796,0.39821347220981,0.0033946326453673853,0.36601670520639595,0.39533981120376,0.005221062229033643,0.47779222825240397,0.39847292316951,0.001559472685791137,0.394568204664702,0.39681382668055,0.004609489081798394,1,1,0,1
2025-10-30,8,18,0,0,,5.9088939724416,3.4971499008529334,0.18408500722535984,2,performanz,1,33,0.4326384280328233,0.41338353623986,0.00018567078841444642,0.228184688321638,0.24627249716679,0.017858184468037927,0.180995170545204,0.28888387410971,0.01085970024779439,0.42193003468793666,0.41482967556005,0.002311870337702837,0.34974124836702664,0.40349590727373,0.0012664471326713192,0.46959913133939996,0.42120299922985,0.001144221883132941,0.41621626252874333,0.41557437143392,0.00026119502740691916,0,0,0,0
2025-10-30,8,19,1,1,Erleichterung,5.8478046579188,3.9020961759354997,0.23550173759051868,2,regulation,1,33,0.45774257204924335,0.41761872979817,0.008445792909051644,0.166532737414368,0.22689769582724,0.017139932011941823,0.12493399190763699,0.24916040910067,0.019890878362014017,0.39289344139894333,0.41308895772676,0.003839697134095378,0.44385362500494674,0.42487823511316,0.0002117217879311778,0.40572075630555665,0.42001277382832,0.0015803685842060231,0.4191456548617433,0.42947988400053,0.0043526776189134605,0,0,0,1
2025-11-03,1,2,1,1,Interesse,6.0069344107478,3.535186847402325,0.2235186746098702,2,performanz,1,39,0.471535411487215,0.41001167915663,0.006511991120019777,0.1818770369318835,0.27090537473584,0.016362432397152793,0.2390492414943925,0.32949833554102,0.008715100811481203,0.37987456879169496,0.39816106323653,0.004865846434572062,0.396155276287765,0.4077158463438,0.005234897377409823,0.427814968295885,0.41073563351384,0.0019257076425015962,0.39140091110346,0.39555026737138,0.006344622116215787,1,0,0,0
2025-11-03,1,43,0,0,,5.7786264061616,3.337677391591067,0.28347073587040383,3,regulation,1,37,0.39447453994616666,0.40432825954484,0.022690089132378372,0.13913004829428702,0.086406945863375,0.018882871681179414,0.159288937371704,0.14069758125798,0.012299686188554877,0.42905723896884,0.45387158573461,0.009493092675430638,0.3536704270322934,0.41389888494894,0.01386004199348463,0.47379356826992,0.44915948272286,0.0008023553010273991,0.4308647400005934,0.47978879064432,0.002327521122852922,0,0,0,0
2025-11-03,2,16,1,2,"Erwartung, Interesse",6.0709468392717,3.60971178646475,0.17491148404468132,3,kognition,1,40,0.4762644037622925,0.40956399394391,0.0012564162575988563,0.13052589014457727,0.26994881390362,0.0069952733307570335,0.17216641200313676,0.31996609744052,0.014081290873486432,0.38237130982672995,0.40025663278002,0.0011820069379411718,0.4201234791820075,0.40528745554872,0.003156362809069273,0.43660156147345497,0.40756237380705,0.0004127735500684613,0.42727253453882497,0.40796199896771,0.003509903491791579,1,0,1,0
2025-11-03,2,20,0,0,,5.7060469213475,3.7921894405702594,0.24154645204312847,4,regulation,1,44,0.4524886298550159,0.43213103622959,0.006379143566962758,0.11361861110193801,0.17982527263218,0.0219599912120867,0.09073073409382461,0.18945606937445,0.014544385581945384,0.40135810274483796,0.42874875502807,0.002988793703268245,0.43674558542233805,0.42874628728131,0.004413636571790147,0.44669602205387804,0.43105853140185,0.003966343556495463,0.405450584125368,0.4376850469148,0.004092394302074658,0,0,0,0
2025-11-03,2,21,0,0,,5.8163668010805,3.68943411334876,0.2013997332261091,3,kognition,1,44,0.529715664753612,0.424729622053,0.004883237062053731,0.1449962012913604,0.22659754067185,0.011058842402674764,0.1678815622696192,0.25416127114099,0.0036488578159099617,0.35030585279502596,0.41365744437273,0.006122474828361367,0.420805621033426,0.42434739013088,0.003769704341806118,0.424870373214414,0.42023999593219,0.0026509327285036536,0.3864187461257701,0.41937104027748,0.00842780336423832,0,0,0,0
2025-11-03,2,21,0,0,,5.8163668010805,3.68943411334876,0.2013997332261091,3,kognition,1,44,0.529715664753612,0.424729622053,0.004883237062053731,0.1449962012913604,0.22659754067185,0.011058842402674764,0.1678815622696192,0.25416127114099,0.0036488578159099617,0.35030585279502596,0.41365744437273,0.006122474828361367,0.420805621033426,0.42434739013088,0.003769704341806118,0.424870373214414,0.42023999593219,0.0026509327285036536,0.3864187461257701,0.41937104027748,0.00842780336423832,0,0,0,0
2025-11-03,2,23,1,1,Interesse,5.7883447176575,3.5087209692637504,0.10523202774659465,2,regulation,1,15,0.473392842926285,0.42862877860873,0.002820587064123659,0.096547925922155,0.032994463414554,0.0003919778326591599,0.10869065033103249,0.048793270136227,0.002508477348868326,0.355322823502245,0.4317588099807,0.003927044702296721,0.41613388198847,0.45243853605093,0.001084977456577582,0.42988932677498504,0.44460017397334,0.00010338702743901802,0.50936959947114,0.47330633158086,0.00023732823169560118,1,0,0,0
2025-11-04,3,3,0,0,,5.9160835359591,4.07826599865005,0.1942929855893324,3,regulation,1,30,0.425497140342515,0.41341253168377,0.004643729244133083,0.1723318660736475,0.24355369485626,0.007024160707540526,0.19295874508394625,0.27215631103705,0.010505178853278806,0.3956301461467625,0.41398602287895,0.006052413877327427,0.39500660498807,0.41861503184316,0.0017734257591490174,0.43804772643492,0.41541220794976,0.00013296314634093904,0.45806859948712997,0.42012969853035,0.007617892661446727,0,0,0,0
2025-11-04,4,5,1,1,Interesse,5.8842888448492,3.7529152348345747,0.2820042802645152,3,kognition,1,40,0.50141977240076,0.42208929046981,0.014405733911638777,0.16015391282907,0.24145110629158,0.014672898683515685,0.2240179080838555,0.33630900424878,0.020338852291239502,0.37666646407772997,0.39971635956541,0.00688841258710602,0.4242030219554175,0.41275270673986,0.002441997552264278,0.4271091191125475,0.41220971906891,0.0016139154749350744,0.29827007986029724,0.38778864270311,0.019164603586807896,1,0,0,0
2025-11-04,4,8,0,0,,5.7920935133542,3.8139825426022247,0.8458711502665307,3,performanz,1,48,0.327084801363405,0.42074803553545,0.09758692641696004,-0.009041733645542248,-0.021086378632093,0.008012511796977624,0.032886656408814496,0.28798825458194,0.036946702651374404,0.1701647219395775,0.42203709732447,0.09854655938926606,0.2794169889252025,0.4255238872108,0.09450541974189158,0.206896267103035,0.44138145314637,0.2104848634415995,0.16282724735529502,0.43079263014988,0.16941501941515466,0,0,0,0
2025-11-04,4,9,0,0,,5.8399085906494,3.7517018152494748,0.20906367824624753,2,kognition,1,37,0.5094142279286049,0.4344640737119,0.003668037290999491,0.15161762059678374,0.18524000913361,0.009620426600535168,0.20830608507363202,0.26904733383803,0.02184488140372151,0.3698560144600625,0.4109296996585,0.0010284105837128955,0.4347670031805175,0.42692371189566,0.0006655484772770002,0.403526801236665,0.41969543093579,0.0016697430210151996,0.37650367484126745,0.42102955541572,0.005210574184589246,0,0,0,0
2025-11-06,0,10,1,4,"Erleichterung, Erwartung, Interesse, Überraschung",5.7380107387296,3.395294407617,0.7979393538683398,2,regulation,1,39,0.375087193362424,0.4203804582296,0.08483855191636389,0.049583844802211605,0.10475536950786,0.025495896745897962,0.1022968405553244,0.25246070648679,0.054839955161218826,0.223447068620818,0.41263193809134,0.08962256689370103,0.28317161871543595,0.41884022888482,0.07362798918190921,0.239349681201002,0.43154055802919,0.1600108230874981,0.149232066746632,0.4654537379475,0.14827142946523453,1,1,1,1
2025-11-06,0,15,0,0,,5.7665457393022,3.3240348983242596,0.24159773070076468,2,performanz,1,41,0.5539176493856119,0.43129797099765,0.012769127669768796,0.075182657733497,0.074972994772163,0.006322205403849208,0.171302128133176,0.28445621050497,0.012626518216894787,0.29985967027737,0.41589454971276,0.008204065593647874,0.46581325750841795,0.43077387280646,0.0007526942175504422,0.430461988080778,0.43526221689318,0.002828199294512058,0.328035334573196,0.4236209424395,0.014866653083536047,0,0,0,0
2025-11-06,7,9,1,2,"Erleichterung, Interesse",5.5891419492944,2.9333221912013,0.27300054744248947,3,kognition,1,20,0.38375155513590004,0.46975815952012,0.018765737107149655,0.14045998838072332,0.11174011399491,0.023531525495516053,0.25423722427368667,0.22762572627974,0.015506106499598169,0.41121476021489994,0.3985697400701,0.004049304823830598,0.32759391985405334,0.43142573755733,0.008104510042297603,0.5201783329735367,0.45922971551002,0.004430791054654039,0.38318631607790327,0.39893161385537,0.00014132388085281736,1,0,0,1
2025-11-06,7,10,1,4,"Erleichterung, Erwartung, Interesse, Überraschung",5.7380107387296,3.395294407617,0.7979393538683398,2,regulation,1,39,0.375087193362424,0.4203804582296,0.08483855191636389,0.049583844802211605,0.10475536950786,0.025495896745897962,0.1022968405553244,0.25246070648679,0.054839955161218826,0.223447068620818,0.41263193809134,0.08962256689370103,0.28317161871543595,0.41884022888482,0.07362798918190921,0.239349681201002,0.43154055802919,0.1600108230874981,0.149232066746632,0.4654537379475,0.14827142946523453,1,1,1,1
2025-11-06,7,15,0,0,,5.7665457393022,3.3240348983242596,0.24159773070076468,2,performanz,1,41,0.5539176493856119,0.43129797099765,0.012769127669768796,0.075182657733497,0.074972994772163,0.006322205403849208,0.171302128133176,0.28445621050497,0.012626518216894787,0.29985967027737,0.41589454971276,0.008204065593647874,0.46581325750841795,0.43077387280646,0.0007526942175504422,0.430461988080778,0.43526221689318,0.002828199294512058,0.328035334573196,0.4236209424395,0.014866653083536047,0,0,0,0
2025-11-06,8,16,1,3,"Erleichterung, Erwartung, Interesse",5.6973616677435,3.5340062905601,0.16399967213449682,3,kognition,1,41,0.480692516712415,0.44483633510626,0.0026318795777391032,0.059172108180679,0.060344715726033,0.00343306201704496,0.134700222385518,0.20252566987845,0.005140439415973437,0.33959337955539004,0.41995022144696,0.00155311882288088,0.4161660364265875,0.4392622812818,0.0021112630874524745,0.486667915146035,0.43974581472783,0.006570965218211912,0.4416152212426675,0.4413310221195,0.005455164320919683,1,0,1,1
2025-11-06,8,18,0,0,,5.9983148862917,3.86395178464376,0.14382175708952932,2,motivation,1,48,0.49876630459458793,0.40514974738655,0.0033260685823542414,0.10882215653364939,0.24017098948359,0.004657018824207547,0.2093292358332596,0.33691707721325,0.0063822119265490125,0.362828654824324,0.41052377479,0.0016976688161974107,0.41549248550548806,0.4040422198457,0.0009258657894660558,0.456068294164484,0.40772224189228,0.0011586972810269825,0.40324222877465593,0.40821295325406,0.0025371665925183287,0,0,0,0
2025-11-06,8,19,0,0,,5.6325793119759,3.7815181034461802,0.134949185941359,2,kognition,1,43,0.542487819924698,0.44176608037613,0.005078582242289105,0.020359999442027998,-0.058297306382161,0.0009652445802156068,0.10703853374411798,0.18123639678959,0.003863184627521661,0.3426604409133259,0.430891571964,0.002989916414498116,0.436282634387802,0.4410059236489,0.0006796601661414754,0.47669785858130603,0.44176488467648,0.0005115341512814818,0.374991973786576,0.43964074788229,0.0041231606042880335,0,0,0,0
2025-11-06,8,22,1,1,Interesse,5.8214267504541,3.9293475908799502,0.17761996573181385,1,methodik,1,43,0.54273794544605,0.42557868867818,0.005300119506873959,0.09356438259594,0.15901149467477,0.011896948573498777,0.20602163897961,0.31720794144029,0.004697292958664018,0.31794946184017003,0.40228702975637,0.004042758175899281,0.432778316660745,0.42560623419466,0.0016198599804468903,0.45332213637078,0.42200416211801,0.0014112998979797042,0.3588765603869375,0.41462124508514,0.00258057313320809,1,0,0,0
2025-11-07,9,6,0,0,,5.8734215380363,3.47991117086372,0.3447948772722396,2,regulation,1,49,0.564095476274908,0.4149462925685,0.01665404757855535,0.08284825596020999,0.19412228932125,0.023780477297672388,0.1709882633492714,0.28484068999349,0.01262637657198316,0.2834851195839336,0.41904323724837,0.020465238102765963,0.44395292850029,0.41757038884886,0.00022103810592476324,0.374508317998826,0.41880272449996,0.003863561669367431,0.3302890968523588,0.42853296356207,0.04127276806690972,0,0,0,0
2025-11-07,9,11,0,0,,5.6547638191933,3.786915432135233,0.12837617422497544,1,kognition,1,29,0.5467011480180767,0.44391085816395,0.0008246808645392883,0.052442344239368666,0.050122316372946,0.00033017335842599327,0.17003787679817597,0.28134997170959,0.01039198392260053,0.33952435522838664,0.40338671629428,0.0009354012915576984,0.4405857875775267,0.44022513201557,0.000776761601144414,0.44980166153217666,0.4376221373709,0.00012445566462506732,0.37583890366359335,0.41621798992254,0.0030969854057482566,0,0,0,0
2025-11-07,9,24,0,0,,5.7578793574572,3.9456202327956005,0.20444876893334185,2,regulation,1,34,0.501461565242505,0.43137227873247,0.011797727666855586,0.1443732515885055,0.18885608375411,0.012631513868946901,0.13771592727689624,0.20580507100686,0.0008675592947266099,0.36600188934443756,0.42081012122593,0.0038940406281162835,0.4267510778751,0.4259791637648,0.001915614001531771,0.44157250122737,0.43362521509589,0.003039002805852396,0.3947940737763725,0.43511136823942,0.0076538408523294564,0,0,0,0
2025-11-10,1,2,0,0,,5.7120828123164,4.1649784045348754,0.12623099483381794,3,regulation,1,39,0.4904148817314425,0.43543892011333,0.0029582001074297494,0.04353983518251475,0.0,0.00036818344340188293,0.15396448757075876,0.2118351210916,0.003721115434202759,0.3607956538725025,0.43444325721882,0.0032062300261317244,0.43410008365609004,0.43712620656033,0.00022003947004402041,0.4849928341360875,0.43681616801048,0.0017140238725468656,0.4051158209921675,0.44145973558406,0.0037464717029783694,0,0,0,0
2025-11-10,1,43,1,1,Überraschung,5.9264481705004,3.23476433535984,0.2581199845722049,3,kognition,1,40,0.478427457127436,0.4073310949988,0.009261195468868786,0.1310484749782606,0.25530478304071,0.012981564036732219,0.18588834636195056,0.35205331418347,0.020233941867573928,0.406303423065026,0.40645847951164,0.007074980822569105,0.368789343300732,0.39837543767943,0.008405276822808646,0.437790085359368,0.405073906495,0.0017169134597520158,0.39999409554173804,0.39618124822571,0.0069520539572506005,0,1,0,0
2025-11-10,2,16,1,1,Interesse,5.9371151109544,4.2031149809180395,0.15811671043272252,3,kognition,1,49,0.491867792348842,0.42048410747099,0.004959370869961328,0.1021768639842138,0.18371958393273,0.007172227368531912,0.163536918551705,0.30341116108308,0.006142808015017305,0.360963924373272,0.41338778000253,0.0019607868912574246,0.44292717479957,0.41979822092024,0.0014165995412060654,0.45872664185874196,0.42035109537189,0.0005444940531313649,0.398705855548114,0.41660950807639,0.002804607378960018,1,0,0,0
2025-11-10,2,20,0,0,,5.962580858378,3.4461608239854997,0.23938743151981648,2,kognition,1,33,0.4544220973397834,0.4158868565048,0.006996116486795147,0.19150137436136735,0.26194576246284,0.011313141467676738,0.27642594556593664,0.36810142025322,0.00983839233314073,0.4092027735177333,0.39144216142647,0.0003483301711458601,0.38245509360753,0.40343920280394,0.00043561666451337873,0.45715900353767003,0.40550728467796,0.006677258674133533,0.3168453183303033,0.37748406092166,0.021697486572249448,0,0,0,0
2025-11-10,2,21,0,0,,6.2641187774993,2.99946035356195,0.8056518073697426,2,performanz,1,28,0.32228215119582504,0.45444401678333,0.10621515298468771,0.18335955015893424,0.20098503947108,0.014026322714379239,0.07857315244518023,0.18675103462655,0.048888065776093545,0.20898541283335997,0.38985242878262,0.08259162564074889,0.27713691791190503,0.40035935179255,0.05429745317795568,0.09839548664301748,0.52651248475977,0.3243135846934936,0.2776625023347917,0.35877372311996,0.018742629730774108,0,0,0,0
2025-11-10,2,23,0,0,,5.9054123017861,3.42517812145674,0.2716282192997558,3,motivation,1,50,0.43114053654156803,0.40907323543467,0.018796302512163125,0.1348218358397642,0.22466826230107,0.012682830045756915,0.217392636198008,0.32439072012004,0.002764995485126225,0.40542088395522596,0.41341040586811,0.015549604367597319,0.3544276287524554,0.40570151740447,0.020617506264184154,0.4814720610019,0.41334685046522,0.0008512793465378993,0.39127070930114394,0.41302909129583,0.002519371498590584,0,0,0,0
2025-11-11,3,3,0,0,,5.9728328520016,2.828407646510475,0.3263395346668738,3,kognition,1,31,0.3795143359506,0.42789778589988,0.012191793241222156,0.2443561923019725,0.23881576636779,0.019396543921211498,0.271792261772775,0.27853372086809,0.013803700505562054,0.40873119105309996,0.39769574233087,0.008867903640309883,0.3047730158652975,0.40151072448346,0.010701074475257052,0.410656601766605,0.42426138820802,0.0026650637387475567,0.432775959016335,0.427686382226,0.03887141236428156,0,0,0,0
2025-11-11,4,5,1,4,"Erleichterung, Erwartung, Interesse, Überraschung",5.9739611016627,3.74475982604926,0.15550999091220155,3,kognition,1,43,0.46222920880226204,0.39893700296667,0.0011090939522133778,0.1691751486132176,0.29825689510604,0.009877001310890313,0.2233444236471756,0.35157772892986,0.008282169483195812,0.41038759024275995,0.39627712466878,0.0008019069298411972,0.387342514876538,0.39581482548942,0.0013336423620511884,0.44617891259032805,0.39702006818307,0.0016010433106121863,0.407583840869548,0.39617164802532,0.0011784999247089374,1,1,1,1
2025-11-11,4,9,1,1,Überraschung,6.0198348193749,3.96724479355032,0.13883407609601642,3,performanz,1,45,0.444201562310716,0.40946752019245,0.001422438631422921,0.1441841687788642,0.24945967836084,0.003924122628127903,0.196435156907164,0.32056200792697,0.006020345514196779,0.390213165940292,0.40802388521336,0.001070553670272174,0.383836159758728,0.40602021436037,0.0012144857037757284,0.45645910004111795,0.41097095940945,0.003632076906799836,0.4648414986381,0.40879072966444,0.0019908776308391403,0,1,0,0
2025-11-11,4,15,1,2,"Erleichterung, Interesse",5.8968494885776,3.8536684168651,0.15932650987446134,3,kognition,1,44,0.4845861178327067,0.43331466976792,0.0037441948052488387,0.14943469243949434,0.17129217597827,0.004027437587064233,0.24310192126086197,0.28892201699233,0.0105414134701132,0.40857323069618334,0.40928403553431,0.0024019077665184984,0.38411340083406004,0.42712169773725,0.0026349609883059345,0.43217330233442003,0.41785809796656,0.0004845723888531143,0.39636839171889005,0.41817018953918,0.0015504497426730047,1,0,0,1
2025-11-12,5,2,0,0,,5.9298343064268,3.9345957276703,0.1676564959463139,4,performanz,1,31,0.4345023436586475,0.41365879297997,0.0012744347031638033,0.17966133246075675,0.31041759588385,0.009138756527776373,0.17178318294297024,0.24873298126281,0.00945432484226185,0.436086994551705,0.4067259569733,0.0026990971932276796,0.3989213530969675,0.41045530394932,0.0035223482288563633,0.4342034921567025,0.4138228177626,0.0013162756898186653,0.42832633224393746,0.4068254727819,0.000703463447891642,0,0,0,0
2025-11-12,5,6,1,1,Erwartung,5.6731060467425,3.60864764826428,0.21589752366082507,3,regulation,1,43,0.5563301758538561,0.43238168694611,0.014416041394703538,0.0342484585823422,0.0,0.0002863139056979012,0.1326234392965706,0.21310047697983,0.00456745310822051,0.30700830515420197,0.43372575208116,0.010925315732322282,0.440347899213218,0.43302327959805,0.0021889969802771025,0.444897258796348,0.43840930601449,0.005624731706146517,0.37285817877542193,0.44699086099827,0.008602887895508667,0,0,1,0
2025-11-12,5,10,1,4,"Erleichterung, Erwartung, Interesse, Überraschung",5.7463699930114,4.32363683118478,0.16748158518508877,4,performanz,1,45,0.478446835355102,0.43101023698039,0.010198870169115332,0.045891685060679,0.0,0.00035539733616035153,0.1261971506853778,0.2685502234644,0.0029676786286589657,0.361567096657156,0.42969102096424,0.005590227291514843,0.451735090759444,0.43010724082177,0.001701254162733012,0.46010768805496394,0.43232201379677,0.001347058326875867,0.42250160831634603,0.43078827389845,0.005889595461051769,1,1,1,1
2025-11-12,6,5,1,3,"Erleichterung, Interesse, Überraschung",5.8009218806589,3.2282630779516603,0.8215557413782433,3,performanz,1,46,0.31844470318801,0.44100333646346,0.10300399046974482,0.10577661691171761,0.1300646045029,0.030493020549932127,0.125132405350948,0.2267861821115,0.05038254933255761,0.25015703349248597,0.40309151786909,0.12601652568257599,0.22988707112940338,0.43557844254549,0.06423510642735918,0.238269579469836,0.44307550182568,0.18247629180026267,0.1568013311795858,0.43432313323319,0.11834635192912246,1,1,0,1
2025-11-12,6,7,1,1,Interesse,5.8610640355848,3.7499820637739503,0.24714787628848187,3,performanz,1,45,0.48730869913281494,0.41247178649623,0.016110430579261797,0.148782936177284,0.23118587914152,0.0121292086548405,0.21683368947182002,0.33658867200525,0.009315955677208665,0.3761669457277725,0.40451728349595,0.0094063439248445,0.39462552726386246,0.41056775778859,0.001943201447377044,0.42704737580273,0.41268519621631,0.00128913724105803,0.39075448305970745,0.40076873706463,0.010887795229316214,1,0,0,0
2025-11-12,6,13,0,0,,5.8460166019113,2.6816283919047748,0.19187823640418156,2,kognition,1,31,0.5319723684055925,0.42280833873821,0.001074625511181142,0.08295122070872102,0.21732268675608,0.0027666092305323768,0.211583707917875,0.34589717482163,0.010586368745631129,0.3264036833625375,0.40049839603798,0.00978103297767989,0.471255555257555,0.41125268530114,0.006467925475357525,0.40923141935527996,0.41304993848763,0.0012580822918189301,0.3639231667545325,0.39270560698796,0.004882613373377993,0,0,0,0
2025-11-12,6,22,1,1,Interesse,5.9423883254308,3.6955404621301198,0.21366006940304075,4,kognition,1,41,0.4833138162218821,0.4217461879046,0.008235879970262339,0.0964977187145504,0.19612387020583,0.010539015266925949,0.169842765160622,0.31221303606811,0.011080198359322745,0.39470715445894594,0.41107590945707,0.006719739173081626,0.397326802547908,0.41570306472486,0.003482197570441885,0.46653235897004597,0.41760757706119,0.0003903680387473083,0.38894532947124394,0.41230656702799,0.005203226878530328,1,0,0,0
2025-11-13,7,9,1,4,"Erleichterung, Erwartung, Interesse, Überraschung",5.9119584716914,3.5749540023507995,0.244684761016749,3,kognition,1,40,0.45719956172854254,0.42870902893163,0.01606304393883143,0.14978199765466851,0.21628376036999,0.014977138130670442,0.200068743435395,0.27654033045146,0.004971211064098856,0.391098397948875,0.41079357262826,0.011351165814352764,0.3687616556030175,0.41855433151211,0.011749441883885279,0.49841030417511,0.42521866873819,0.0002352831994748132,0.362317445371745,0.41012432529379,0.0005233482425099925,1,1,1,1
2025-11-13,7,10,1,4,"Erleichterung, Erwartung, Interesse, Überraschung",5.9716462127461,3.8757003118551663,0.22293281322355982,3,kognition,1,32,0.43533612921247333,0.42490427085682,0.005423888931746327,0.23341178991175668,0.26458338378474,0.0015317276481112852,0.2091102049912437,0.35861107684671,0.026473629932655906,0.40452003251193,0.38797908193589,0.005238126649755187,0.3901526188691533,0.40532857368807,0.0022212355759482745,0.45451255365346,0.40825511439878,0.004275943702593189,0.37434332207789667,0.37330347030679,0.004534486770960424,1,1,1,1
2025-11-13,7,15,0,0,,5.6874941730801,3.0087785162064753,0.149403666603309,3,performanz,1,23,0.452490173461135,0.43363869461318,0.00038391172928678224,0.06777523314616375,0.060149722312089,0.0028044253968724253,0.10507763656941525,0.19788995829469,0.0027431345249849647,0.36854662106902747,0.42978043189881,0.0005399927694766228,0.41041396254165247,0.43642683655415,0.006024936755099819,0.48692702482568,0.44800819681399,0.007884951039331312,0.4646778021134275,0.43964143759195,0.0019401033794607813,0,0,0,0
2025-11-13,8,16,1,2,"Erwartung, Interesse",5.808637199226,3.2020735557558,0.30075505701083477,3,methodik,1,42,0.39191575463578204,0.43039663428475,0.00511479794710742,0.1715955980433628,0.17565932215876,0.02834907502521087,0.23316689476379038,0.24844994127791,0.016052789743709266,0.44250674729904793,0.41142762350579,0.005034675988877518,0.314341557191522,0.43905100650325,0.011751755802137234,0.5060501023617859,0.41747865175346,0.009978859571383341,0.34845358586827596,0.431097231387,0.014171650239164835,1,0,1,0
2025-11-13,8,18,0,0,,5.6947778852022,3.49675004119874,0.783752227880703,3,kognition,1,44,0.363935929662886,0.44979132079865,0.09601508136399933,0.06391402189634521,0.13698816864758,0.014993045986740231,0.024003354904947795,0.12146262233058,0.025606921485192297,0.204326785453978,0.42439219888265,0.09997615312883198,0.303007353124306,0.44314221383131,0.06548924025505523,0.207123387820258,0.43872403962726,0.16717401033580445,0.26861320773631403,0.44181759322431,0.14501310215234173,0,0,0,0
2025-11-13,8,19,0,0,,5.9806760729213,3.3443602926315,0.16314545079167472,1,performanz,1,33,0.509496199010085,0.41582527584893,0.0020903425080440654,0.12353488183024325,0.25464499945247,0.009419578334609295,0.190212259863685,0.32119159422177,0.005871710427784965,0.34088398664399,0.39726004586239,0.003216381531103812,0.4197057705138475,0.40578798706203,0.0016667716612736604,0.4461903858435,0.41588676913868,0.002369357212085551,0.41341124611432006,0.40452025993526,0.0019822964391174058,0,0,0,0
2025-11-13,8,22,1,1,Interesse,6.0662388218338,3.4032051051128605,0.250038417881387,1,methodik,1,62,0.567207273403886,0.40758341840323,0.002713098532326576,0.15999607940150679,0.25581819433149,0.015567862990282821,0.2571171857097332,0.33914861108235,0.010441288733441998,0.329905631940376,0.39796184676985,0.0060809899518384225,0.41422061455893006,0.40801736118775,0.004002965440746691,0.39137837357922206,0.4053335361503,0.005938830974460281,0.3007473135432146,0.4052908302957,0.017774173793530308,1,0,0,0
2025-11-14,9,4,0,0,,5.8343140362872,3.37345573463542,0.18916268184143956,2,performanz,1,36,0.48117787627433406,0.42147241413858,0.0006010174796104408,0.0941449542508812,0.13546426445425,0.013796695388437353,0.20823007715550762,0.32396742224043,0.013958894186903928,0.39711673654673996,0.41641236702502,0.0003543070364871821,0.398410354779252,0.41722578021721,0.0013455138949110537,0.46020796626759,0.421840154959,0.004229353887920073,0.390169452658448,0.41668500223981,0.0014967383271756516,0,0,0,0
2025-11-14,9,6,0,0,,5.7411050178347,2.578592485904358,0.28140057666821405,3,performanz,1,30,0.409171582454786,0.44209232040166,0.024208773688237966,0.1538071278992344,0.15406510530401,0.007529306188165799,0.194235949046968,0.25114852642553,0.0013132435500481426,0.33993253719085004,0.3982212081346,0.00669856535128799,0.362350231685358,0.42760477688124,0.007609896327399543,0.42548885519470403,0.4482548421968,0.014567814153345335,0.513911224409588,0.41878500239419,0.01725868529071863,0,0,0,0
2025-11-14,9,20,0,0,,5.9348576801623,3.7854525825273995,0.14055990004187208,2,performanz,1,54,0.453942146256872,0.401869221024,0.0015333503484919325,0.1106192049379258,0.25977747298922,0.004681984880914878,0.2294027803408722,0.35940346898167,0.006519331146376905,0.37561406522998,0.40176842589378,0.0009566917654653707,0.383153546456794,0.39880208742847,0.0007552394857234552,0.511872496626458,0.40205024092631,0.0032690909980352956,0.399256454995522,0.39967136635146,0.002041396874773235,0,0,0,0
2025-11-14,9,24,1,1,Erleichterung,5.9479720026904,3.786254506894933,0.1394267219510757,3,regulation,1,37,0.4167475993332433,0.40608493549203,0.0005314649509762865,0.1727279610660367,0.22479796365381,0.0008331612204481726,0.25158171857743666,0.30493572880967,0.009263399228461259,0.4299120498798266,0.40869156055463,0.0010208174422253803,0.35831280154292666,0.40247638880409,0.0009713999214258852,0.45094361556574664,0.41267395468446,0.0001269725028458528,0.44405567173232335,0.43846996639274,0.006692595527639736,0,0,0,1
2025-11-17,1,2,1,1,Interesse,5.7688780713009,4.04313166042798,0.7851526871507674,2,performanz,1,42,0.35650786870518997,0.43206079980201,0.07810198048138138,0.07568203453251021,0.20010074092823,0.023846637472982248,0.019727487694999,0.17908190624689,0.025709898391846737,0.23755111921453603,0.42607375450167,0.0926748051265385,0.28782424045447397,0.43160410779951,0.07460397573375019,0.25469859484583396,0.43570847934006,0.16337962052103508,0.21487365161336802,0.42842331125466,0.15814782441253664,1,0,0,0
2025-11-17,1,43,0,0,,5.7076904998224,3.69686740701552,0.28186865238688036,3,performanz,1,53,0.532044714044774,0.43945884107624,0.004224494382567547,0.0873646579966808,0.06059155280614,0.02002947099511639,0.15174374485143943,0.21288487408806,0.017912353075674226,0.355230596326452,0.42661227215047,0.001775612893660258,0.41402164161763205,0.43650749019801,0.0018561600935132299,0.411631252039268,0.43994453103967,0.007644885752835529,0.3738594610523906,0.43794189904357,0.026006960005028824,0,0,0,0
2025-11-17,2,20,0,0,,6.0256140472557,3.7655919287432753,0.21715120538851573,2,kognition,1,44,0.52556564887034,0.41622774767673,0.009804798888650094,0.1612234502180955,0.21855361404579,0.0055039732807571845,0.2624729078831375,0.36605254381655,0.006968950710097181,0.3478002104828875,0.39730978540761,0.002665337990834177,0.4401397898468725,0.41249743912212,0.0019261733553133055,0.42600795097897753,0.41076908518838,0.0027826635596541038,0.29251475785249725,0.38503318253359,0.017502748216379302,0,0,0,0
2025-11-17,2,21,0,0,,6.0338830930623,3.8784004442871747,0.22383032508157863,2,performanz,1,38,0.5042816765676825,0.39397657896939,0.009733495898927325,0.23415831785597502,0.31608372058684,0.0009023822044127545,0.25416681254851925,0.33807924752804,0.0147459827626708,0.37110266860580254,0.39987504420122,0.0030027161927445,0.40283504207805,0.39067103836351,0.000749981907853585,0.4229230763559425,0.40148047070478,0.002023929698110888,0.3119401080415973,0.39605828490172,0.018941525761405315,0,0,0,0
2025-11-17,2,23,1,1,Interesse,5.7132584002114,4.088785042722975,0.12139915437268317,3,methodik,1,37,0.45375142225787,0.43605115906817,0.002220200868096185,0.09123644887297924,0.091179476743737,0.0034976090541044952,0.13846721465683298,0.19203076124275,0.0015328537576843315,0.37902504550023497,0.4346139304274,0.0006055322601171229,0.4033802068183075,0.43993611189672,0.0014798864361943033,0.46628547963738,0.43592362820832,0.0030387403337358678,0.47756860869843,0.43841066947527,0.0023629319724702558,1,0,0,0
2025-11-24,1,2,0,0,,5.7527233494533,3.801498206501325,0.18825925162436116,4,kognition,1,38,0.45881595806788744,0.43972465223478,0.0057386956347069504,0.09189732143843099,0.086913936171134,0.005463029704765804,0.15124310713851324,0.24615084216543,0.008502746459696477,0.39187670412805753,0.4228248615603,0.002692812707302142,0.4104110223996575,0.43578533368863,0.008736631911143657,0.48046166777746,0.43240656209391,0.0018250790897618987,0.41215706419308495,0.42758546357288,0.0024825503147876036,0,0,0,0
2025-11-24,1,43,0,0,,5.8263745892669,2.9427261301299747,0.20294639806570908,3,performanz,1,21,0.38357020055135005,0.41502203086485,0.0017016297210336428,0.22037453049670225,0.25620050546645,0.017355972755580457,0.14120039167723214,0.21423547098962,0.012296598559671783,0.46752989461079003,0.43142781291054,0.00043371332626467284,0.34189913914742753,0.38887123313134,0.0029270583369832245,0.471199455927195,0.44521187411729,0.004732312411005727,0.43089290228188754,0.42503333827242,0.0017399553773057403,0,0,0,0
2025-11-24,1,43,0,0,,5.8263745892669,2.9427261301299747,0.20294639806570908,3,performanz,1,21,0.38357020055135005,0.41502203086485,0.0017016297210336428,0.22037453049670225,0.25620050546645,0.017355972755580457,0.14120039167723214,0.21423547098962,0.012296598559671783,0.46752989461079003,0.43142781291054,0.00043371332626467284,0.34189913914742753,0.38887123313134,0.0029270583369832245,0.471199455927195,0.44521187411729,0.004732312411005727,0.43089290228188754,0.42503333827242,0.0017399553773057403,0,0,0,0
2025-11-24,2,16,1,2,"Erleichterung, Erwartung",5.8595293595071,3.7698527940216193,0.16568621680462767,2,performanz,1,46,0.5526020055932599,0.42303495334744,0.004608524277702898,0.08155154771364817,0.15398289412563,0.005417748580973763,0.17967187627744,0.3051874352047,0.004877697890422954,0.32126699981678,0.41366922238839,0.0036014216955712955,0.44998824799122,0.42233560502519,0.0015177033751626035,0.449144613634952,0.42421488698959,0.0009783486486055412,0.34757470057622203,0.41801920237535,0.006450477970591025,0,0,1,1
2025-11-24,2,20,1,2,"Erwartung, Interesse",5.7015579578625,3.524214929100125,0.14163156903823554,3,methodik,1,31,0.5084966077113975,0.44975907471564,0.00460004583982947,0.0363947082915375,0.0,0.00023522113890180773,0.13526585473536024,0.21013084946377,0.003781448848986666,0.348618270075915,0.41653751987187,0.0017552999084722554,0.421622409936545,0.45056607023066,0.002829274903675621,0.4926483320997225,0.43797029377314,0.0026844119970120253,0.39967682611321753,0.43038009442678,0.004173798711354633,1,0,1,0
2025-11-24,2,21,0,0,,5.7716530986638,3.57789419095545,0.20601204735098777,3,kognition,1,36,0.5070172688432975,0.44590061254759,0.011279957285101115,0.0795969341328435,0.10665607924718,0.010991516127051282,0.1970123632802375,0.28042536963672,0.0017973649551223368,0.34079524449029003,0.4011842350361,0.009209666833971283,0.4168259993774925,0.43668722575359,0.003116850170923593,0.4861058642598425,0.4411795208775,0.002508800039300345,0.3593786880191675,0.40604356678948,0.003536808242275675,0,0,0,0
2025-11-24,2,23,0,0,,5.6202002198852,3.035561802753175,0.2435483901357219,3,performanz,1,21,0.391808017136815,0.44162902963009,0.008639007829497034,0.09641253622519351,0.049337502036201,0.011554735948554202,0.1637134911784125,0.20805709079626,0.0047209411524665,0.38638636941176,0.41525241302987,0.0006289136138335851,0.356959621056215,0.43553752778638,0.013197970253265776,0.4861275890748275,0.46353598497491,0.010264852915390855,0.48788414226097254,0.42690184523327,0.010309396624693847,0,0,0,0
2025-11-25,3,3,0,0,,5.7633616004439,3.1290510540392003,0.31703683565011637,3,kognition,1,31,0.4671616768119875,0.44174888197678,0.023442508841119286,0.11311354756241519,0.1847214042128,0.017551790858442877,0.19238942208005325,0.28771306559096,0.020659093096069624,0.398373341096785,0.40449479918347,0.018172962454953135,0.38966207907222,0.42551578381415,0.014452396545572824,0.4413160663896075,0.42744497310727,0.002844922104820793,0.355154385464095,0.40070527813107,0.0033886812580603614,0,0,0,0
2025-11-25,4,5,1,2,"Interesse, Überraschung",6.0669053219236,3.05484574982925,0.8596280736136551,2,performanz,1,32,0.3253388395459075,0.39537856163541,0.1009444984735508,0.08010079567800149,0.21087171751077,0.025638678971164,0.13378469476012,0.3034106861954,0.06634838976822229,0.1849644489538125,0.41292229837569,0.104495583685927,0.21023752783230748,0.3833101150966,0.0717469912453118,0.21247741393991498,0.44909245335659,0.22647485673226475,0.08552516980524977,0.43362664839361,0.14331142606828295,1,1,0,0
2025-11-25,4,8,0,0,,6.129800559192,4.0857260780566245,0.14500994171774081,2,kognition,1,40,0.4685167976999625,0.40277005670269,0.0014336935415715563,0.18408089889175874,0.30967319722038,0.008434547850370172,0.235920356215375,0.34580862836055,0.005947419638775054,0.38951045751705504,0.39285764357892,0.00085388807171183,0.40082896653952,0.39686041125137,0.0003795738221715106,0.46652538234933,0.39832572420295,0.0032623420046319243,0.37401446321842,0.38960650079114,0.0007164182677505385,0,0,0,0
2025-11-25,4,9,1,1,Erwartung,5.7594084575098,3.5809950348608335,0.19722073761092587,2,kognition,1,35,0.48993083459257997,0.44813285770737,0.014663466581028945,0.11985983137790766,0.11608277037735,0.002897605673009312,0.18601762635472865,0.24989669126444,0.005980982812144952,0.3515935596028033,0.41087871964583,0.009478155869050877,0.42221507166775335,0.4366000117365,0.0008592282987361523,0.45768933383263,0.42598645825694,0.0016234275363042712,0.40091643877953004,0.42701820601167,0.0033931525735231612,0,0,1,0
2025-11-25,4,45,1,1,Erwartung,6.0039340150547,3.21308366565638,0.9422601928529459,3,performanz,1,39,0.2073182092154,0.37315958049068,0.13133296386230325,0.09321982062545339,0.23289171665331,0.02392221244640064,0.009680820576240002,0.27909451879078,0.05215053809066973,0.076853712935564,0.4442676951533,0.11415263356872127,0.20237909855367198,0.36809210445006,0.10626053710703501,-0.03770779014057,0.48416206844395,0.33939248740433337,0.10994948375388743,0.40166877325369,0.12064289855580763,0,0,1,0
2025-11-26,5,2,0,0,,5.6434386263274,3.3478552329685667,0.34343693051752766,3,performanz,1,37,0.48543247365008674,0.45345741411223,0.013762912652204579,0.17206991063102098,0.10243568053339,0.04043827837582271,0.27861325673666665,0.26553556693088,0.01685746794056163,0.38086530111953,0.39179862131125,0.01422953669381497,0.3743581104237567,0.44365578807249,0.018382865147225536,0.43645012451669,0.4599399051776,0.0042698897847288355,0.2519415552319933,0.3892162501482,0.010007974648942883,0,0,0,0
2025-11-26,5,6,0,0,,5.9057336497755,3.3777754250664245,0.24008051542884615,2,kognition,1,42,0.4987786414435825,0.43033995475087,0.011347180058671745,0.153280184602001,0.23300017248322,0.01528244198516924,0.14332532828806224,0.30292611979416,0.014517354395695056,0.347025063911075,0.39324242943714,0.005576865190480599,0.444608707690205,0.42029423181976,0.00033199730539542607,0.40487869879505,0.41838014223824,0.001503939064286914,0.4092776224217925,0.40301616512683,0.009078875888881455,0,0,0,0
2025-11-26,5,10,1,3,"Erleichterung, Erwartung, Überraschung",5.7945534677262,3.928706740141525,0.16769289231195003,2,kognition,1,38,0.51172000485676,0.42478757876429,0.003850595125580103,0.1129429917376345,0.17557240572121,0.0044630156300067515,0.1664764034882645,0.29987554509991,0.010589267126727857,0.3612629047887825,0.40977554091039,0.002682033161079569,0.39552368340948496,0.42048975956275,0.0005204018301799096,0.4375562645490225,0.42194366119117,0.0002775901498850624,0.43719639440235997,0.41956759190244,0.005738003108488015,0,1,1,1
2025-11-26,5,11,0,0,,5.9705416303724,3.10481022771368,0.30800779700704123,3,kognition,1,46,0.4888186621064,0.42830703214782,0.027600666275933643,0.16900601861169143,0.23696794437586,0.016742454026632676,0.201157802449842,0.29607483056846,0.009535758483612617,0.361583702661392,0.39479298241475,0.018264986073055416,0.378342658885368,0.4235819774495,0.011947270141044377,0.41934925927592,0.41531025058369,0.0030354863939367977,0.383944770357462,0.40616478141215,0.007742181622915188,0,0,0,0
2025-11-26,6,5,1,2,"Interesse, Überraschung",5.7971127808173,2.753556911498167,0.20074314336060306,2,kognition,1,31,0.5056431661946367,0.43475459312619,0.002369356323185292,0.14312409305628868,0.21195455618852,0.004933153443678,0.238429889687491,0.37104235622536,0.019822869588728493,0.42739553089511334,0.41144010256933,0.0059395349858534134,0.37534537278284336,0.39940780525586,0.0013795777608274678,0.4355429956869166,0.41735525371209,0.00014491334000128582,0.33680429401663997,0.35410855548315,0.005708404164021679,1,1,0,0
2025-11-26,6,7,0,0,,5.6850688211704,2.94514253423365,0.12511468361079744,2,kognition,1,32,0.5324479278930375,0.44817862733535,0.0010103402788403334,0.044360755914622504,0.046761237549061,7.39275396837324e-05,0.13143384522374077,0.22872356220019,0.0031480347167625643,0.351311145118065,0.42027192770981,0.003289633387141112,0.4328423234086775,0.43231613933406,0.0030497976252230317,0.446168648543325,0.4438172653828,0.0026148283931924005,0.41443397844425,0.42910583330643,0.0024671221141867737,0,0,0,0
2025-11-26,6,12,1,1,Erleichterung,5.9084629536984,4.3241765735751745,0.12541955382776326,3,kognition,1,43,0.430032018891065,0.40658726083705,0.0018850230779458097,0.15701814221607477,0.26758784470041,0.003668106430325053,0.17497439669709328,0.32694568431391,0.005220080918775349,0.413164008064465,0.40570730202145,0.0003071661094916464,0.42024413668272,0.40429139326143,0.0012081793760357023,0.4514573811631325,0.40610630262601,0.0010790466178348663,0.43925349790970747,0.40399802552023,0.0023624619519467807,0,0,0,1
2025-11-26,6,14,1,1,Interesse,6.0069943682765,3.5235725885251794,0.8026365325667826,3,performanz,1,42,0.357341880713874,0.39266344272041,0.09593963041506809,0.10843685025624442,0.27271599637099,0.024322595556691994,0.165181309315102,0.34133856267148,0.05763391822485323,0.21286595248412601,0.41017530380057,0.09240213759655172,0.26611658379707,0.38854130681845,0.06875389525067949,0.22486435650133801,0.41050184682608,0.17064398360950916,0.14945934433000982,0.40890850940549,0.13452924275747416,1,0,0,0
2025-11-26,6,22,1,2,"Erwartung, Interesse",6.007835605895,3.3657988509016006,0.32308454072867016,4,kognition,1,48,0.478854746593005,0.41947924119067,0.006144714040456286,0.04477118360080425,0.21208052644698,0.06519501761213392,0.18790878999474725,0.31539547421422,0.0136212602140378,0.3962016289438425,0.40776250160816,0.0033586219810945463,0.3967858263199975,0.41113059850299,0.003433959934741439,0.40639254092315247,0.41746335864883,0.00405672158419985,0.3865548476938525,0.41231917227087,0.008573325091191884,1,0,1,0
2025-11-27,7,4,0,0,,5.6633522939758,2.77562037513024,0.1577482099623566,1,kognition,1,37,0.5735121294521239,0.45292933832881,0.0020344051728234994,0.07308565341161419,0.11961225205247,0.0016679563983208,0.132633206582848,0.23017636310966,0.005053431452628455,0.30353942935412603,0.3992196764732,0.005376427492909035,0.45248861268359,0.44304281469265,0.0012642703040779296,0.430033047593054,0.44147293809119,0.0011811453996132095,0.37609425594757406,0.42071557284775,0.008306861525954817,0,0,0,0
2025-11-27,7,9,1,3,"Erleichterung, Erwartung, Interesse",5.797689841183,2.82091480918746,0.31818385240185665,3,kognition,1,36,0.53414984697906,0.43722847872813,0.011443298716152012,0.21597051452067237,0.26301625616535,0.025784644027010067,0.239321601623328,0.29532485276811,0.022394343956315003,0.35512341193124597,0.38784875491359,0.008366529558146601,0.421377010728434,0.42787477170739,0.016294602656931556,0.385853006191948,0.42297573582662,0.0016498776123387876,0.23866991348996983,0.37419451897196,0.015307667402392497,1,0,1,1
2025-11-27,7,10,1,4,"Erleichterung, Erwartung, Interesse, Überraschung",5.9685339822822,3.72062889248405,0.26552989306143227,3,motivation,1,28,0.3834202741566825,0.38414017855163,0.007115766281384422,0.1935387715740465,0.33805873353437,0.023692132504447825,0.21873064337369777,0.34678351313403,0.019352962165857225,0.448971283442155,0.40719410496742,0.003391182436463894,0.328602645968995,0.36976470059709,0.00993922356217787,0.46727547555698,0.40111072515595,0.004797960136432833,0.41143120468215,0.39302375661106,0.0022168970224515938,1,1,1,1
2025-11-27,8,16,1,1,Erwartung,5.8522946341692,4.0326297298049,0.1576145250480095,2,regulation,1,36,0.532941914891575,0.42464324323836,0.0019845526292514774,0.11707513391683826,0.17962524106807,0.00290026651788898,0.20721509793449125,0.28095968974629,0.00915721384463631,0.32647619558524,0.41378785834627,0.003814268751046199,0.415342815536465,0.41886035820103,0.0002990931546686947,0.44742755497507,0.42459428164587,0.000606845515935498,0.39394543185557,0.42605918442545,0.006080098092682449,0,0,1,0
2025-11-27,8,18,0,0,,5.7246607685253,3.24235050496994,0.21769789631720945,2,kognition,1,41,0.530410433205394,0.42712666784053,0.004767681366882633,0.0515437743434786,0.13355962401861,0.0033998899235951285,0.17958866669586035,0.34818067621829,0.01957842155399948,0.351435452332988,0.41076211872119,0.010073381955716727,0.4398809621923361,0.4214137001609,0.0027911523823317777,0.44992400162298996,0.41890588266963,0.000503377398197831,0.341940252164348,0.39584617734309,0.006278469480214904,0,0,0,0
2025-11-27,8,19,0,0,,5.6728641519139,3.93749323079644,0.16083963504459348,3,performanz,1,47,0.49403261309430196,0.43139265556636,0.0022846939458669477,0.057957148767087,0.0766665558917,0.0061060621362938414,0.12961582936939262,0.26627589110598,0.008105962609045142,0.36747831938729,0.42669366178911,0.0015091694237280154,0.457161290512426,0.43021127107106,0.0003946774374319451,0.45345442281516196,0.43465301168068,0.001656696067640643,0.40030027731382195,0.42549239813365,0.005812126581271486,0,0,0,0
2025-11-28,9,4,0,0,,5.9120378820954,3.26979560419145,0.15142103693459794,2,kognition,1,49,0.4921516091811525,0.40792784991032,0.0011995804614609736,0.14677434443071674,0.26367643796438,0.005247069055502388,0.22409894677023998,0.33547369832152,0.0015782610631660597,0.3814099468596725,0.40399711958327,0.0063311239846012965,0.38630908634282,0.40061746234548,0.0016554506731112952,0.39773578338312254,0.40443181111618,0.00347519437054627,0.4584616057658375,0.40527830750528,0.0034416508179605843,0,0,0,0
2025-11-28,9,11,0,0,,5.7543497116915,3.3494997471542,0.14985870846623256,4,kognition,1,28,0.4517009951173675,0.43580760322827,0.000762049108898247,0.08428597965490649,0.12032354624164,0.004837556576036145,0.18095572842820248,0.2379184889601,0.005226444759477477,0.41887345910933,0.42029243519342,0.003389219670700877,0.39482156850144,0.43411500681204,0.004710062314229057,0.46049512665394,0.43022490092052,0.0012021294525139917,0.4361860669658625,0.43450000987839,0.002330170621311487,0,0,0,0
2025-11-28,9,20,0,0,,5.9088958490862,3.7019221360363,0.18751249681745463,2,kognition,1,38,0.5027790887955175,0.42900942302767,0.004169911382879271,0.11298326872895625,0.18275724386073,0.00983928966761601,0.22571643870165398,0.2966083429037,0.00834718941810455,0.3662796182181275,0.40787929372889,0.001278309941118664,0.39116240681721504,0.42429094770748,0.0030096725575462016,0.462198379383645,0.41730966418201,0.007384711240213206,0.384105920697855,0.41717517734436,0.0011318522552380402,0,0,0,0
2025-11-28,9,24,1,1,Erleichterung,5.9367846206481,3.8549064529309596,0.1661413352773878,2,regulation,1,50,0.47005266638852594,0.41818598395651,0.0033461932321284644,0.1391251408426332,0.23519531337589,0.006147339716829199,0.159013206749108,0.27201485039609,0.01046293148457694,0.385773742870932,0.41447493508794,0.001135748306973185,0.421439578002844,0.41693808437882,0.002547694753272816,0.428710262177152,0.41834687755441,0.0010576421895987364,0.443369063876702,0.41852986960639,0.002905393604374043,0,0,0,1
2025-11-28,9,42,0,0,,5.7830317066477,2.9580383582261254,0.20978979786101032,2,performanz,1,34,0.530450611703645,0.41774898807522,0.00694412109945003,0.10231083329089495,0.19344397181151,0.005049663903868856,0.16249246944896073,0.29325151570208,0.005155632518702143,0.3308020979266275,0.41862714886351,0.009927453795856429,0.4269747970144125,0.41069137694904,0.0038596904749007184,0.4187042439971,0.42486707372197,0.005743301088727888,0.413135711833295,0.42147025480659,0.007331896405057503,0,0,0,0
2025-12-02,4,5,1,3,"Erleichterung, Erwartung, Interesse",6.2801277856659,2.8585905827968503,0.47205668633150694,3,performanz,1,38,0.27883087234763,0.43206864665404,0.0800380138695528,0.16927362348709732,0.21642154938386,0.011849881653997432,0.15297452698849334,0.30251857050352,0.054002138448607774,0.44187688120505,0.40430932883112,0.005855151396849782,0.23861515478799933,0.38982950352716,0.04506041161137331,0.45890757508935337,0.45542569321378,0.0033770853665505904,0.42960622137395,0.39001549989843,0.02265483276335103,1,0,1,1
2025-12-02,4,8,1,1,Interesse,5.8018776413368,3.5416826947075997,0.2721733008980163,3,kognition,1,38,0.45376054367824503,0.43065323117997,0.022987825529434472,0.15579061970249752,0.19715517971012,0.017904747896767822,0.2466693193531275,0.30370097131527,0.017592249748327602,0.38102392218814,0.4018470155735,0.005138458967064043,0.375229097964145,0.42131706074728,0.007744851612038072,0.4641548558088975,0.42214673305782,0.0016127763005666428,0.36535563611280497,0.40771675048425,0.0010973956675234548,1,0,0,0
2025-12-02,4,9,1,3,"Erleichterung, Erwartung, Interesse",5.8921041575589,3.31752969204525,0.3188643664219046,4,kognition,1,38,0.424104123203415,0.4242201744442,0.03143829351052932,0.1759615344637985,0.20813865776626,0.013760034779220371,0.214626296104295,0.31283263793185,0.006880607383496945,0.416517025126185,0.40614309683092,0.020610090559263036,0.32515048314223427,0.41373837111883,0.02135649985079802,0.448827472842055,0.41994569470089,0.00040501910875350783,0.40096411599087245,0.40787479412268,0.007223938981581411,1,0,1,1
2025-12-02,4,45,1,2,"Interesse, Überraschung",5.9710911955216,3.66626547492746,0.14928124382179112,4,kognition,1,41,0.48496886089878605,0.39902846019171,0.0009214799884315478,0.1170201371560972,0.27841940506477,0.0048323085017331,0.192454847096648,0.35766244837851,0.004852160438194551,0.37438287426099,0.3987248375038,0.0013390375094820656,0.436859919736926,0.3988422024959,0.00522377459633346,0.436025649425532,0.39801354912656,0.0015122226235125466,0.413103482780884,0.398574663739,0.0036039060992937777,1,1,0,0
2025-12-03,5,2,0,0,,5.6893442361162,3.7473851403375664,0.3123482662561559,3,kognition,1,42,0.39834934256761007,0.46797508339359,0.023380583528255713,0.18064383741688336,0.17258099786974,0.01740017801622247,0.15736318664998333,0.21492071466311,0.005870338092348819,0.44161170790914667,0.39703615917181,0.01970298926150166,0.326937276011959,0.43886386126762,0.029942594290156544,0.46284878663831003,0.43292318527052,0.0005749300204147679,0.41257348692552664,0.40909535173353,0.000689826224326508,0,0,0,0
2025-12-03,5,6,0,0,,5.8442275222599,2.8808638388025205,0.30764174154778295,3,methodik,1,44,0.5678222239578099,0.40200052201274,0.017750434258009158,0.0626303086330676,0.25795744864028,0.01474340392805919,0.16144378536883539,0.35068901446356,0.01544104454125259,0.293371396566324,0.3979259933829,0.012218030339727612,0.42582259819619794,0.40676803794448,0.0008896741413142615,0.442589752282984,0.40273049676253,0.003072086129780777,0.2994368404971878,0.40357173095997,0.030528767804409284,0,0,0,0
2025-12-03,5,10,1,2,"Erleichterung, Interesse",5.7789331780213,3.6507900264612254,0.2108660639736179,3,kognition,1,34,0.4828579122760175,0.44154019329797,0.004998099800350142,0.135295162315754,0.20600166751247,0.017165582638745982,0.155773989307737,0.25913174288042,0.010405749835129692,0.36514366312012503,0.40077275160191,0.0035226827709059264,0.3940872749316825,0.42667755416852,0.0018758343292173566,0.49155636077279,0.42924754784796,0.005188003049919267,0.38671107075678746,0.41052022932804,0.0013085445114575532,1,0,0,1
2025-12-03,5,11,0,0,,6.5284167531833,2.98766037003442,0.7857749506910288,3,performanz,1,49,0.40746059432447,0.43565728390137,0.09373357023431873,0.0009018203205939934,0.022603653357207,0.007813810963343323,0.11316949058495199,0.28610631903464,0.04640541764034114,0.15449690065912,0.36305111551487,0.06196062890729492,0.31485028040366003,0.44043417738965,0.10010977822000884,0.252123804511176,0.47494064224483,0.1777947606364636,0.13096550364861004,0.42008918788602,0.12962430653171816,0,0,0,0
2025-12-03,6,14,1,2,"Erleichterung, Interesse",5.8881904260182,3.40751485133094,0.28229987593103445,3,performanz,1,48,0.46776237584574804,0.41466218055867,0.006697873518202625,0.16721542797340821,0.21553641824602,0.024766402957175526,0.263230398191612,0.31808563918484,0.013569083212849137,0.38458374824736596,0.40967720505582,0.009616995713198462,0.342618866163122,0.40800180678912,0.006750759901875738,0.47568274150036594,0.41674656297549,0.005391230402820189,0.335679491913056,0.41525759897963,0.012900874244555771,1,0,0,1
2025-12-03,6,22,0,0,,5.8362251632953,2.94958255327742,0.3233739460622061,3,performanz,1,39,0.5179550792960941,0.40574383136067,0.029640345238792908,0.0958778560861806,0.20857962052748,0.004384938937906068,0.1898177554034482,0.31425004477466,0.009745732351633275,0.31252077196627137,0.41876095215521,0.016410516859711823,0.453706747031484,0.40409624205119,0.0024598526360295704,0.407588227155628,0.42501232891861,0.021426872103438223,0.335072584819884,0.41691723409578,0.020502450864330713,0,0,0,0
2025-12-04,7,8,1,1,Erleichterung,5.9167095477889,3.71003009379455,0.19119310008986543,1,performanz,1,40,0.5362749490591899,0.42218491807408,0.0019508980698937511,0.17301912062763025,0.26085610016043,0.024223680292380197,0.14427266917790227,0.27086367681704,0.004760764821673038,0.35758844956735997,0.40307933367941,0.0013624351915369572,0.45382121067887005,0.41754113724142,0.0007550991276077475,0.41430576037553,0.42306326599153,0.002175443655887251,0.34587026916236496,0.40564442647803,0.0013264803629943604,0,0,0,1
2025-12-04,7,9,1,1,Erwartung,6.0689882871419,3.6104310713133754,0.18203811074959036,2,kognition,1,41,0.3838527349432125,0.40654478133336,0.01263609316971097,0.2420806703966825,0.31620251949263,0.0026612427321175366,0.2850758115903425,0.31108124342082,0.009115305909141624,0.43925325336237997,0.39852837794232,0.0018019570195320705,0.33634040830902756,0.39995312473473,0.005077276176731363,0.4855816176705875,0.40586759584565,0.0010550531860141201,0.37119300882531503,0.39299694226152,0.0007909455720324461,0,0,1,0
2025-12-04,7,10,1,3,"Erleichterung, Interesse, Überraschung",5.8389047820475,3.9491588352588503,0.1602753352473494,2,kognition,1,42,0.47294475626693494,0.43143931754233,0.008730731230932915,0.1150298026383065,0.15155823079476,0.00450497163928513,0.17176775382896575,0.25602846728798,0.006611097028733141,0.365932759835585,0.42183887962992,0.002716619744914717,0.384256879894855,0.42520727857835,0.00090718380728518,0.45781630378652755,0.42930903368715,0.0005108563756302889,0.465551127805665,0.42694343896494,0.0017067232618688695,1,1,0,1
2025-12-04,8,16,1,1,Erwartung,5.6973207784413,2.918370682770067,0.2167641853722267,2,performanz,1,37,0.5212007536796267,0.45558886415395,0.006241928049581337,0.12904945717458366,0.14829139756048,0.009200695069165333,0.2810935810496267,0.33188502385105,0.007188363436345713,0.31702433021808335,0.3820086818223,0.0013917709965951385,0.37229452515924333,0.41610198998134,2.734917369157722e-06,0.5144395106458967,0.460663227278,0.008521588936069092,0.28623974035633,0.35918680485079,0.014439630654959285,0,0,1,0
2025-12-04,8,18,1,1,Interesse,5.9315338613344,3.41414589571482,0.27614335285385155,3,kognition,1,42,0.41994184911365,0.40496032394242,0.013618394651783033,0.15452501324188322,0.27941079151338,0.011384149885967572,0.20348383897651517,0.34345673670252,0.020515823326425965,0.40468729983733204,0.39520532916279,0.008099663013419345,0.38715870658778206,0.40277074075357,0.008956707296427138,0.41088864219087606,0.40091072022097,0.001224523931963243,0.446776980976112,0.40103605378749,0.012455889219380465,1,0,0,0
2025-12-04,8,19,0,0,,5.8632480317733,3.2041285130299,0.3170825364033555,2,kognition,1,39,0.48335936897755666,0.4425642677957,0.013836767280423198,0.3015485158801167,0.27159493464052,0.013141076642239125,0.28148155384216567,0.30372524922858,0.0287952534188296,0.3900017842705867,0.37346609332946,0.013220789674622943,0.35569771017981,0.4261738809739,0.01482470086529858,0.3908545798497933,0.41986802260563,0.0012680424753134848,0.2534993413498367,0.37514046190905,0.015454704535258318,0,0,0,0
2025-12-04,8,22,1,1,Interesse,5.920141800299,3.259402469291275,0.21709254626187935,2,regulation,1,33,0.4877291587755,0.41186227843323,0.004694834530390483,0.14758519204185697,0.23643113972651,0.008281913715236958,0.262130603377995,0.33697585890921,0.005622282336153207,0.3900048079237025,0.4044896284219,0.00030865312420153175,0.34578990660008746,0.39334933178179,0.0016643715232899066,0.479874910508385,0.41198917028151,0.008495913556309916,0.3500522195541725,0.41574395876741,0.018061204856884235,1,0,0,0
2025-12-05,9,42,0,0,,5.7021701625743,3.1976393554745335,0.1773265748533005,3,kognition,1,39,0.45170194899145,0.43518846137174,0.001518078811610349,0.07258567474257334,0.13506679353597,0.011134447781113103,0.12032979855830199,0.27501790069229,0.009432631950218427,0.38954308485744,0.41761324441639,0.0012778285734750653,0.42145169757743,0.42138618526065,0.0017965980307550194,0.4601369556820833,0.43217922132994,0.004379973293263633,0.45130330606665003,0.4218810174142,0.001905155708767583,0,0,0,0
2025-12-08,1,2,0,0,,5.9779136270371,4.61772955941556,0.12110838918446341,3,regulation,1,48,0.405938227862966,0.40860422889979,0.0020762532161594164,0.147609950379974,0.27330842928342,0.0026774416114336203,0.156084328622786,0.29892584751905,0.005174343848381982,0.41677873481360395,0.40895815065433,1.1054686726966055e-05,0.406673853945386,0.40793401541756,0.0021482561194515596,0.465335522712418,0.4094370463789,0.000592279856693574,0.46772455201136004,0.40949902781765,0.001987612592008338,0,0,0,0
2025-12-08,1,43,1,1,Erleichterung,5.7485240221464,3.33267477997415,0.3035520901089089,3,regulation,1,49,0.4129746330935725,0.42400882933306,0.0011413015427295414,0.040766578577274254,0.12808323903116,0.06731236899129983,0.15396403405433376,0.27423108119651,0.013693689328043813,0.42289625834133504,0.42039003085403,0.001640024628931522,0.401690026973325,0.42254270524545,0.0026527055284866373,0.41780196103654,0.42646029052685,0.0013098987199004692,0.444050101477125,0.43756889319739,0.004393882670095333,0,0,0,1
2025-12-08,1,43,1,1,Erleichterung,5.7485240221464,3.33267477997415,0.3035520901089089,3,regulation,1,49,0.4129746330935725,0.42400882933306,0.0011413015427295414,0.040766578577274254,0.12808323903116,0.06731236899129983,0.15396403405433376,0.27423108119651,0.013693689328043813,0.42289625834133504,0.42039003085403,0.001640024628931522,0.401690026973325,0.42254270524545,0.0026527055284866373,0.41780196103654,0.42646029052685,0.0013098987199004692,0.444050101477125,0.43756889319739,0.004393882670095333,0,0,0,1
2025-12-08,2,16,1,1,Interesse,5.9836790480882,3.1865075223551003,0.21396819553277444,2,performanz,1,45,0.4416729472093475,0.41403395401517,0.011713772823992542,0.23455565542892498,0.28070696299433,0.003533990981743433,0.19771436279168,0.29446200219143,0.006004670505094827,0.4048629986636975,0.39508801996416,0.0010618966537001915,0.3661499111108925,0.4034022478761,0.0035119106710289486,0.401401042135815,0.41659162310593,0.00837522142636193,0.453790552203435,0.41314861145219,0.011580925637629722,1,0,0,0
2025-12-08,2,20,1,1,Interesse,5.9604597147619,4.08921089269532,0.1995545378233323,3,kognition,1,61,0.46615545388970203,0.41978303613614,0.009130167678984983,0.0810787187767952,0.19317308826806,0.008408610176817408,0.192941361797913,0.32940730650402,0.004978024459303556,0.358361556774892,0.4069499430043,0.0065945879741185235,0.40688212265741797,0.41664545075717,0.0027331083306357967,0.500544711193356,0.41290162905728,0.004577677815372568,0.393129661973876,0.41020042479211,0.0033998371306509143,1,0,0,0
2025-12-08,2,21,0,0,,6.0074893764951,3.7465718435278,0.189932647775507,2,performanz,1,48,0.5460720900956619,0.40119225035104,0.0032202920092654548,0.182206202573925,0.31123514065945,0.004710037319432156,0.25381680724892003,0.33656163425625,0.008661237733983754,0.35670557517095197,0.39683382179917,0.0030728732328325634,0.40491896186691606,0.3999278840645,0.0033071188664531605,0.448341045175858,0.4038947482958,0.004108436105744203,0.275491301296498,0.38516235586738,0.008994415423303512,0,0,0,0
2025-12-08,2,23,1,1,Interesse,5.761691667955,3.2953157933593205,0.16537114018205565,3,regulation,1,51,0.48553512877650806,0.43520378232726,0.004068853130535817,0.0667138661587654,0.1224425969067,0.0005676424901904483,0.1442023728664664,0.23374886493128,0.013863702595848487,0.335223084997902,0.42242454254168,0.0016354240482360943,0.408138352138652,0.43074159895283,0.0016706970129660857,0.48830958505630806,0.4326315772564,0.00410044905764021,0.440748415495428,0.43567484941301,0.0014408456696959507,1,0,0,0
2025-12-09,4,8,1,1,Erwartung,5.7834503332979,3.5303522639883504,0.1800084501972599,4,kognition,1,40,0.487507039374525,0.4309227031593,0.001484995848196139,0.09174675040438177,0.12969694604117,0.006749812409970881,0.14722820381464397,0.2771462949312,0.006619504666503541,0.344436555400215,0.41806075418495,0.0031808878368484094,0.40633114164622003,0.42146930213365,0.0018908003584790344,0.4577359241308775,0.42964652669605,0.006111124684245623,0.45450051067764746,0.4285597909608,0.006365916338175774,0,0,1,0
2025-12-09,4,9,1,3,"Erleichterung, Erwartung, Interesse",5.8659446654828,3.3575729421441,0.25251200332936813,2,performanz,1,48,0.516007899260974,0.41212781006831,0.013391814292942616,0.10877913510453138,0.16722081945223,0.008866706741971766,0.21686627838713196,0.34378243711073,0.01217991251360628,0.346864738099016,0.41764440653152,0.002967407002478589,0.408509773375832,0.40582657264236,0.0026036397716191198,0.47781345874094205,0.42143431543978,0.009880981462904611,0.309196535011296,0.4089855162992,0.013871850039887817,1,0,1,1
2025-12-09,4,45,0,0,,5.7625738679712,3.2633179014366,0.1685471535987,2,kognition,1,35,0.513238279535265,0.43656588810158,0.00265456259302913,0.12364896187432173,0.1799582326162,0.009604705095679737,0.12406496736448624,0.26269813630949,0.008072558844546369,0.37636293797702997,0.40915704383989,0.00423076671418369,0.4165480551596925,0.42973692685393,0.0026349108431314703,0.4534338829354675,0.42713066401554,0.0002263570893114945,0.3958877813308675,0.41651838063755,0.0009842818063418835,0,0,0,0
2025-12-09,4,47,1,1,Erleichterung,5.7584792643226,3.1323149863272,0.20843498194051932,2,kognition,1,57,0.5571630131780225,0.44228810366318,0.011337356362324883,0.0557558911606885,0.084856831711987,0.0013648641799905458,0.1855784296762125,0.3063122829036,0.007105451600570915,0.28421998002682,0.39307876098273,0.005421744377615481,0.42307583669606,0.439000535241,0.003776115029157353,0.48550323254377503,0.43590751641377,0.008468295045277047,0.33627687063278,0.40755627652932,0.005971315101608386,0,0,0,1
2025-12-10,5,2,0,0,,5.7308505511929,3.638278471464925,0.2785483075335026,1,kognition,1,46,0.6075257743409349,0.44159940881233,0.01566380089945603,0.07933208867459099,0.11975951063553,0.0054023020273214414,0.18681313453966,0.27613490249807,0.0035143618793516663,0.2670461185652493,0.39559870770122,0.015123698367733841,0.44754580924978504,0.43780736787729,0.00333992756001369,0.37112788184337503,0.4363274480609,0.016662524715496254,0.32058904840143254,0.4193308677682,0.01788254418040584,0,0,0,0
2025-12-10,5,6,1,1,Erleichterung,5.7948998006978,3.0737608270892602,0.2204961628141083,2,kognition,1,43,0.4877761903388079,0.44381989486888,0.01079651154196223,0.091870042476888,0.1620075436766,0.009431684641327202,0.13605418808956898,0.27681690528929,0.010034492333168636,0.342399368322412,0.39490515113354,0.004780466895395799,0.431388915675996,0.43388186249743,0.0016732433614268685,0.428313239160952,0.43042417234287,0.0008643316195930999,0.446891039751414,0.41313180611229,0.011037827422871932,0,0,0,1
2025-12-10,5,10,1,1,Überraschung,5.9900937846703,3.72936262306766,0.1550323132663411,2,performanz,1,56,0.451797028219434,0.40683173652774,0.004665244370794065,0.1069402722819798,0.21784785632055,0.0030125708278096346,0.203187992250986,0.34981678617498,0.0033752767227301778,0.37260562421737004,0.41041943435947,0.00200027621444535,0.364540364421426,0.40200507522224,0.0014952136552431586,0.5072244824755361,0.41071299632012,0.0073458918640891754,0.43602308258221595,0.40733004918912,0.0021405445016013575,0,1,0,0
2025-12-10,5,11,0,0,,5.6917787495447,2.774971018849125,0.42167982422372835,2,performanz,1,36,0.64656206629434,0.4266647978695,0.024189739846719526,0.09978236092893175,0.24841119188498,0.010064377048635463,0.1766193730223975,0.24567042212471,0.0003612803320299831,0.16334959685662925,0.40122996720996,0.04161004824025594,0.45595137394484,0.41752767311092,0.0019983319868994505,0.3089506436412525,0.46070677899405,0.02099701825228252,0.18154758069677498,0.38513111956287,0.07859307845053154,0,0,0,0
2025-12-10,6,5,1,1,Interesse,5.9700915978827,2.8576778178646998,0.35022834131637004,3,performanz,1,42,0.45280275141216,0.42446246519315,0.006783932467891938,0.22800326610710026,0.18828707189018,0.03997804824784904,0.26844644145107,0.25797804058718,0.020821535498190172,0.4077806182816675,0.39748697815101,0.009852308444684973,0.385071337986365,0.4261230208276,0.019284451563298943,0.3725446702750425,0.4422246339129,0.008555137522579062,0.3080541386060977,0.42741574752667,0.01738447731672164,1,0,0,0
2025-12-10,6,7,0,0,,5.8215198894138,2.94616535078192,0.2586384797948001,2,performanz,1,36,0.48676396868917793,0.43254081321772,0.007044241175895448,0.1429278010164984,0.20527114110649,0.01519247369085426,0.16161202644420397,0.21609641025922,0.01689360142560281,0.35274052919977805,0.41632245584737,0.0050481027307047975,0.4448119282853121,0.42401029966259,0.005352134708999724,0.40894034741051,0.43310215472651,0.0033035622709991796,0.40012098116269995,0.42823417844831,0.014059747227508992,0,0,0,0
2025-12-10,6,14,1,3,"Erleichterung, Erwartung, Interesse",5.7319437490019,3.526235380484,0.1364950245076021,3,performanz,1,41,0.5109758207558034,0.44204310169071,0.0010062803969854287,0.08235488761041133,0.064072372089821,0.003014044784620475,0.14007607104367667,0.26590558632087,0.0006583213936749025,0.34015839983270335,0.41197445158816,0.0012885669559656284,0.4059029790961666,0.42865334681833,0.0006671869992495653,0.46991172893713334,0.44328424674138,0.005760465941566845,0.4388406995062933,0.42404692361596,0.006236025243268053,1,0,1,1
2025-12-10,6,15,0,0,,5.9074627397484,3.0929551337240664,0.30883727658911503,3,regulation,1,43,0.41764284340231334,0.40971291606008,0.0032547753628978412,0.31927660141967,0.28072774567112,0.011601981208489612,0.2185072904184663,0.3052534215219,0.03855794875998402,0.4592541549290334,0.40670414415597,0.0007262280217802747,0.3633691601364633,0.39777302989472,0.004715098668467387,0.3599267086306533,0.4078932782886,0.007778445719152768,0.328641004046598,0.41247503157793,0.028745985670209615,0,0,0,0
2025-12-10,6,22,1,1,Interesse,6.730485142754,3.693736341146475,0.8518014803629734,3,performanz,1,41,0.3378890365263325,0.42687359956939,0.10456121155987434,0.025810844766375504,0.09726626687402,0.017036481437551345,0.0601705577780445,0.25465010022391,0.0463617818054052,0.15404000720632002,0.3886847261599,0.09656161808668885,0.2651326363784825,0.41946912639991,0.09023237695066014,0.19127931045447502,0.47266254740109,0.20127343159329064,0.15925269893154753,0.43935009976016,0.16953886051508243,1,0,0,0
2025-12-11,7,9,0,0,,5.7265083483035,4.284138938899501,0.13708523011517332,3,performanz,1,41,0.48166115656534503,0.43156697643599,0.0026590920661956462,0.127246320157066,0.22877177614021,0.0070757856573096245,0.1134796442199825,0.14891997477553,0.0011830592184143228,0.38636604528071,0.42727701516012,0.0026999866506838004,0.41020007561342753,0.43122935543181,0.0008203047943991242,0.4842703917335425,0.43205244086841,0.002602931783041443,0.40996996143403,0.4289977290771,0.0017512001456860614,0,0,0,0
2025-12-11,7,10,1,3,"Erleichterung, Erwartung, Überraschung",6.0348863989165,4.063426377742375,0.22519988230382174,3,performanz,1,44,0.4310304942801175,0.39629956828411,0.0071845117450419285,0.24917139854201,0.31689383680592,0.013732250456697993,0.289493542849675,0.35166471709951,0.01299190600196648,0.38817669949753997,0.38531127909766,0.006064525752199438,0.35900722001648255,0.39362716606778,0.0029434265823873196,0.392392854995315,0.39943943330881,0.002206898331325272,0.42902259622326255,0.39483486740064,0.00559146812003673,0,1,1,1
2025-12-11,7,15,1,1,Erwartung,5.9391237431354,3.9766397142146004,0.18294689574072306,2,kognition,1,51,0.5020074437625525,0.4271593089107,0.007535649546327551,0.11029664850234075,0.18673937332491,0.007720640300120301,0.22578187721272502,0.32207113032206,0.005077399528429154,0.3489715372386525,0.39768033412036,0.0055899275910157135,0.38746537157296,0.42291203155089,0.0032602764333247384,0.4777991139351775,0.41890376875354,0.0014715071599889964,0.38880402424711,0.407977387523,0.002814166101960538,0,0,1,0
2025-12-11,8,19,1,1,Erleichterung,5.8655835363577,3.7694993629654,0.14947859183083495,3,performanz,1,37,0.4685199340043825,0.41832972641897,0.0029057424681079385,0.121824963765085,0.1765090394104,0.0030711457369022696,0.184745627822815,0.32639847804928,0.004876446367274947,0.383318970040215,0.4110504670712,0.0012470906920537686,0.443918478847095,0.41378869760811,0.0033300114718914117,0.4285375147332575,0.41893473305467,0.0010646940340583446,0.4260586952106975,0.41426505948342,0.005848718645440678,0,0,0,1
2025-12-11,8,22,1,1,Interesse,5.8280328795949,3.984427712745121,0.1636893164517535,3,performanz,1,43,0.42491189568630805,0.42503475036046,0.006030150493689871,0.14183807097090678,0.23502358221075,0.007130087247779769,0.1252565551882054,0.20458971713867,0.0025710361772689596,0.39789158161638005,0.42421153260339,0.0006393405224745566,0.376778759216874,0.42196499432465,0.0016531933170614982,0.473109786147078,0.42806637630255,0.00301281974449315,0.482421341030458,0.42543893733561,0.005757564817674493,1,0,0,0
2026-01-12,1,43,1,2,"Erleichterung, Interesse",5.7210968996632,3.8828165103436802,0.12097341059252371,3,methodik,1,40,0.511010034937202,0.43769927253223,0.002807263428334236,0.0481867858910428,0.0,0.00017256193082581845,0.1194427852367392,0.22852507521417,0.0029934954681214245,0.34821219790969204,0.42994618050561,0.0026226536808786143,0.45456713046408803,0.43820073781711,0.0006206439247575374,0.457440592172898,0.43595425069714,0.0012998949616701563,0.412922983079258,0.43504301803779,0.004118052675799543,1,0,0,1
2026-01-15,8,16,1,2,"Interesse, Überraschung",5.8823025137537,3.9616713636280667,0.12298795821379409,2,performanz,1,44,0.43619962512057997,0.41841206924745,0.0001495304307254307,0.10200062349627999,0.12963638651716,0.0036151932681909144,0.19363726968306336,0.31753847516522,0.0039066442512630415,0.39565091250465007,0.42497152385065,0.0008595814262754396,0.36933851274605667,0.41013717818083,0.0009553848060079826,0.5187167042489299,0.42668502059696,0.004847791015286253,0.42974588312418,0.42002173343317,0.0007919126678488957,1,1,0,0
2026-01-15,8,18,1,1,Erleichterung,5.9906782983215,3.5439308536400205,0.13813940615122472,1,motivation,1,44,0.5058566980047801,0.39763881597713,0.0008724508281311478,0.1762703203206118,0.31342188601728,0.00644401586196167,0.19454340543481838,0.3371307698627,0.007192014957100153,0.37872475928947,0.39767221073624,0.0008739169719133811,0.423668092481756,0.39527892993597,0.001170941228243917,0.44081517692847194,0.39703551324631,0.0010268596973694209,0.372635596376536,0.39744657561963,0.0015022959870933275,0,0,0,1
2026-01-15,8,19,1,1,Erleichterung,5.7993528162224,3.07302778639854,0.284132151858233,4,regulation,1,41,0.44936092492634405,0.42426009406879,0.020936487901427048,0.16539067705714122,0.23586883738185,0.011361011760623808,0.183841404776973,0.22344478251613,0.016518184559071798,0.386515839775528,0.41668227450038,0.0032099272964071337,0.35869337374915194,0.41737729395323,0.0031409514094905278,0.46663009955234597,0.42535779931724,0.0034635468786623873,0.4004823934139701,0.4309072566306,0.022100969913907285,0,0,0,1
2026-01-16,9,6,1,2,"Erwartung, Interesse",5.7957756560771,2.963101652267425,0.3111674246314674,3,kognition,1,33,0.48999422484491006,0.45283774591782,0.010592571218314861,0.23378014907135297,0.18490731555311,0.038697548544152964,0.13957262264166215,0.16705503916303,0.01216552987976084,0.41086576941401,0.40075435314393,0.00613461647977016,0.3858202087618075,0.43471316140007,0.0026361906316560435,0.34887864617574854,0.44681093861823,0.022249227359905154,0.38672262280234504,0.42850533778454,0.004349482038219912,1,0,1,0
2026-01-16,9,11,0,0,,5.7544471615401,3.1885836542489,0.2322953962253213,2,regulation,1,35,0.37087331282051,0.43331735696752,0.009962092932853866,0.152620102440663,0.15826414559631,0.006766109151177311,0.16399669098199549,0.20969762396693,0.010983623622908724,0.406012613166885,0.42593081212189,0.002048935171935057,0.3356500334313125,0.4251094137223,0.004692388717583412,0.46186447120181995,0.43092957082014,0.0042456963778746346,0.5171758346381751,0.44201424632118,0.015262305133146015,0,0,0,0
2026-01-16,9,20,0,0,,5.6766351627023,3.18727159966775,0.25287816516760037,3,performanz,1,38,0.5142183826441524,0.43435310964003,0.013041829321327005,0.0655656650553275,0.13862532404938,0.0054714091570641455,0.15680246980377,0.17856692929381,0.0027602566999836756,0.3175328136529525,0.42598775628015,0.007024172300495868,0.39012260435429,0.43534248094755,0.011785455621430931,0.5388338369847174,0.4468730671355,0.01746965171708336,0.3152371882103575,0.43536943150267,0.006394591601147192,0,0,0,0
2026-01-16,9,24,1,1,Erleichterung,5.8557849903068,3.1121959499199994,0.28438557965334144,2,performanz,1,46,0.526126753032728,0.41476239247259,0.003131919059233143,0.15806758642068758,0.16799947387906,0.022315278149592548,0.20160066488108858,0.31442013472601,0.013615119231990025,0.390345318698474,0.42014131229068,0.0011233222643893027,0.382406024615418,0.40932831983807,0.002594028679636932,0.41322230830251006,0.4285875805904,0.020035806850009295,0.3276029578647152,0.41608795714047,0.018059683679915742,0,0,0,1
2026-01-19,1,2,0,0,,5.8757492001262,3.1624642948331503,0.23641936853576953,2,kognition,1,39,0.42015203516467503,0.42880093141155,0.02010728132920711,0.14383402329175224,0.19034326903199,0.012404742760621113,0.2601118922415075,0.31476131013114,0.012717455895116905,0.39694699139517253,0.40764498269361,0.004263092875967467,0.336845177772985,0.39771161950895,0.004725601692105194,0.480640106544875,0.4237043180091,0.0006245777370450685,0.4209260400538475,0.4206504507064,0.0010513655287891523,0,0,0,0
2026-01-19,1,43,1,1,Erleichterung,5.9225152622786,3.4993772670429,0.13469887919316686,2,kognition,1,41,0.5455936764267,0.42530784139938,0.0022774791582021022,0.0663460992439854,0.18623210257689,0.004208742005303185,0.14670964111465218,0.29532976222458,0.0039041643461218273,0.33072429312148205,0.4090080536335,0.0019941482349637198,0.42108127328391404,0.42222986145358,0.0013300165320504782,0.45744262318538,0.42196437316954,0.0010239072947014838,0.40287803383486204,0.41663919949854,0.0034053304845525676,0,0,0,1
2026-01-21,5,2,1,1,Interesse,6.0167121965807,3.51212317150165,0.2369077531524297,2,performanz,1,42,0.42947104032130995,0.41698229079498,0.01850370854568843,0.1916794392700325,0.24817144458703,0.012908144806620347,0.2843512034618675,0.35647233148454,0.009364610969667201,0.40172995919977,0.39394918781063,0.0043297918864407675,0.36563551395451,0.40165401634047,0.007305511946452383,0.4670473231333025,0.41707747209738,0.002082966062168708,0.35863240276728,0.38338665459876,0.0016305492866947318,1,0,0,0
2026-01-21,5,6,1,1,Überraschung,6.070404535791,3.7248327736415208,0.195438821116207,3,kognition,1,50,0.454592071410302,0.3961116360077,0.009559371636953454,0.1741812451724974,0.33919236703708,0.005074041586299577,0.197370939026338,0.32895374510057,0.0053706433927235885,0.38177259491045207,0.39483974315415,0.00418655384125714,0.417733167813672,0.39324969464576,0.0009957670751069546,0.47378053153302,0.39382119222201,0.0057962701025859814,0.37567337237298004,0.39267209262438,0.0072136851643660686,0,1,0,0
2026-01-21,5,11,0,0,,6.9439912534279,3.5915881469857496,0.7785287510355954,3,performanz,1,36,0.28985774292908,0.42003471490644,0.08156527772333795,0.1691145515518075,0.17732704518395,0.001259295808651395,0.11984082583673748,0.22736026148516,0.017107730902726496,0.23421735299892996,0.37589912217034,0.051813585828925486,0.2799573039758125,0.39204588575014,0.05211002133533194,0.08743945721651747,0.53962432322513,0.34727606273529643,0.3550047604664745,0.39272872550558,0.054975041854774316,0,0,0,0
2026-01-29,8,17,1,2,"Erwartung, Interesse",5.7722331859923,3.38550514506178,0.19472548615929547,3,kognition,1,48,0.45917717201718594,0.43379069500979,0.007284731394321548,0.087920773593054,0.14989358787906,0.0027640951647734387,0.14316219845593162,0.2427138752566,0.006162494147156587,0.37048478808504604,0.42247211014415,0.0066132015287445525,0.44442281264201206,0.43082848701241,0.005350157865113789,0.44987438706523,0.42855135919787,0.0028016280085907228,0.43110147000977,0.42742475197128,0.006941706851273337,1,0,1,0
2026-01-29,8,18,0,0,,5.6091091994459,3.8083255865519,0.14225037616338249,2,performanz,1,43,0.44859038418591335,0.4441350851655,0.005614401539518241,0.058723988867955344,0.011155903839004,0.0058272422390845515,0.09334868748854434,0.15862525465851,0.0021130611539568046,0.3657581715057967,0.42796827526717,0.0005083358504794585,0.4583674613769833,0.43855859238884,0.00044686315391273025,0.4262701969682667,0.45368206862796,0.00035570300621462297,0.49069100812031,0.4428725910601,0.00536956257545741,0,0,0,0
2026-01-29,8,19,0,0,,5.8325033922306,3.5393878844884403,0.15892484582720334,3,performanz,1,47,0.48458979253282397,0.41652254654908,0.0026335956919164493,0.1021941231496026,0.26317617192982,0.00758014133066103,0.15694812102346262,0.25937335154468,0.0023923324215233454,0.35915350818051806,0.41642998504406,0.0011698653909708802,0.38568589741460196,0.41501390358427,0.0029590905657528193,0.495261006316616,0.41851739607648,0.004955666075870374,0.42638601354054206,0.41129311053304,0.0035664151445054548,0,0,0,0
2026-01-29,8,22,1,1,Interesse,6.0061418300124,4.15034165443804,0.14530530058144356,2,kognition,1,46,0.484542343093098,0.41047742754417,0.001645304748202026,0.119094243847003,0.23872360397523,0.00534805060172133,0.18847625363193,0.32641175043831,0.005459699128189059,0.377740639282144,0.40565690043482,0.0003862012683358195,0.415256445065344,0.41024141275736,0.0013439233465182647,0.46450671202736593,0.40950496559209,0.004312796176019715,0.404352613330352,0.40917173312083,0.002617655108077447,1,0,0,0
