gruppe_id,datum,n_lehrkraft_records,satzanzahl_sum,semantische_breite,d_semantisch_mean,d_semantisch_std,polaritaet_index,dominanz_breite,mean_kognition,var_kognition,range_kognition,mean_sozial,var_sozial,range_sozial,mean_affektiv,var_affektiv,range_affektiv,mean_motivation,var_motivation,range_motivation,mean_methodik,var_methodik,range_methodik,mean_performanz,var_performanz,range_performanz,mean_regulation,var_regulation,range_regulation,varianzlast,dominante_dimension_calc,drift,dominanzwechsel,z_affektiv,kohaerenz,stabilitaet,dynamik,n_teilnehmer_records,tn_mean_kognition,tn_mean_sozial,tn_mean_affektiv,tn_mean_motivation,tn_mean_methodik,tn_mean_performanz,tn_mean_regulation,tn_d_semantisch_mean,emotion_valenz_mean,emotion_aktivierung_mean,emotion_anzahl_mean,tn_polaritaet_mean,tn_dominanz_breite,polaritaet_negativ,kohaerenzverlust,instabilitaet_group,risiko_score,risiko_klasse
0,2025-09-01,2,10,0.5163771794160038,2.9654634393259602,0.4313387257155502,0.80000000,3.0000,0.394237969209574,0.15263893407139073,0.83454853787009,0.1116128478561076,0.019016641118641434,0.3377524396162715,0.12968574951085265,0.013871818477319225,0.30883552559626715,0.286179662725919,0.02615546675333244,0.41270408298915,0.35894944945752505,0.05060129464029025,0.496811550018515,0.362615503467146,0.04797222464434108,0.45265085457476495,0.287703540810704,0.0369795911036869,0.43306325770377,0.04960513868700029,kognition,0.0,0,,,,,,,,,,,,,,,,,,,-0.8,,0.0,0.13050456783396663,latent
0,2025-09-02,1,3,0.2604949755294218,2.804232950146233,0.3265262952635309,1.00000000,3.0000,0.5198702902734634,0.004158798803055524,0.15768795139167002,0.11580849557311566,0.010106372584084889,0.21527665459187298,0.16383389968415898,0.021869308261469808,0.339948327096933,0.35577727767868333,0.0010585585337061195,0.0766709643529,0.4587362695092733,0.005920999143414137,0.18754498303585004,0.4184552491540667,0.0017068004713038088,0.09232566410429,0.33090122986652665,0.023036794479039766,0.35100300466683,0.00969394746801058,kognition,0.19170950606900242,0,,,,,,,,,,,,,,,,,,,-1.0,,0.0,-0.2514862746493981,niedrig
0,2025-09-03,1,2,0.1747920042332535,3.98524947257735,0.21378146302835022,1.00000000,2.0000,0.44255428971491995,0.006632342317872779,0.16287838798161997,0.1244069508262345,0.010494715982942186,0.204887442103631,0.256707749315355,0.005340530981836983,0.14615787329921,0.368751224204965,0.0031287870926631034,0.11187112393576998,0.40716843328984,0.0035661033406763827,0.1194337195381,0.49286760721452505,0.00012225743699461453,0.022114017002310027,0.384096847561445,0.00126750759089166,0.07120414569087002,0.00436460639198253,performanz,0.1608470923433479,1,,,,,,,,,,,,,,,,,,,-1.0,,0.0,-0.420469448937681,niedrig
0,2025-09-04,1,5,0.18241767778710863,3.7818685070429594,0.7488015766184756,1.00000000,3.0000,0.4931462911382719,0.010637123482820279,0.27474436028337,0.0581601917168986,0.0011517658914531736,0.093471286468145,0.132044904290417,0.003948729615592252,0.181982375248988,0.36195457965336597,0.006800194650716689,0.21454260935942,0.42754282868598203,0.001840396892028616,0.10901046063771996,0.46816248950349604,0.0024555528837397872,0.13755953165884993,0.41197870789434,0.006442445752890595,0.23100519522092,0.004753744167034483,kognition,0.15600660233426186,1,,,,,,,,,,,,,,,,,,,-1.0,,0.0,-0.0785444579783299,niedrig
0,2025-09-08,1,5,0.20013180466810498,3.8679623187760597,0.5578754120708701,1.00000000,2.0000,0.53755054528027,0.003532687402265483,0.16273827491405002,0.11189025316379679,0.008100432101060314,0.22697392070818798,0.217988752583757,0.009453461359003254,0.272455225231305,0.35772604850251194,0.0010614668322540322,0.09591991706995001,0.420790908947908,0.0016852454033915512,0.11881619031052004,0.44652176693077,0.003392166005379433,0.13732687044264996,0.32638667110672803,0.012827280136358466,0.34516927984463,0.005721819891387504,kognition,0.14178430406511153,0,,,,,,,,,,,,,,,,,,,-1.0,,0.0,-0.3077157876729061,niedrig
0,2025-09-10,1,4,0.09801457393611038,4.18868351277585,0.5096205796843184,1.00000000,1.0000,0.5419861361768925,0.0009356091807626216,0.07620620797721006,0.08051257969720176,0.004774290083222786,0.16390963381997,0.11720765663334175,0.0010914105139831218,0.089652323223903,0.3496922752018675,0.0007721247873410354,0.07777770391858002,0.45303372917059,0.0007617628362704482,0.07688024663169002,0.43807764354249,0.00037641188742435676,0.04715878999789003,0.3962109731931525,0.0008952474148728769,0.08279767661975002,0.0013724081005538923,kognition,0.13119428154746823,0,,,,,,,,,,,,,,,,,,,-1.0,,0.0,-0.4988687575322893,niedrig
0,2025-09-11,1,5,0.2391674768462218,3.8918184162903997,0.39153357429601016,1.00000000,3.0000,0.5118854992352221,0.011208952914527706,0.25806913379379004,0.0798407686536282,0.011932020554530633,0.27722315102093803,0.226706110036152,0.002390773183453816,0.12809080822848,0.3799299222010021,0.017376366621648383,0.31020378678175,0.397643475385902,0.007478539394621439,0.21610920120494997,0.44699171575195995,0.002623755023773617,0.14667871199775007,0.34745946547998996,0.004190674288432448,0.18287401307312,0.008171583140141148,kognition,0.1390502667024358,0,,,,,,,,,,,,,,,,,,,-1.0,,0.0,-0.36238224086994186,niedrig
0,2025-09-15,2,10,0.5076858316172097,3.651786137346794,1.752260631294667,0.80000000,2.5000,0.433188832842442,0.08202467580144915,0.649344670905875,0.05674098700092781,0.012366475067372016,0.293017284168432,0.08744651902515782,0.011318948276541948,0.2957023306110075,0.290401169959372,0.04459910187487595,0.51152405725654,0.327869222001942,0.05261256897025413,0.485800331944925,0.352547456363964,0.08527225537290402,0.593344290090565,0.298048197100692,0.06098666891783297,0.60949453920884,0.04988295632589003,kognition,0.22442155509157008,0,,,,,,,,,,,,,,,,,,,-0.8,,0.0,1.4778063452962849,hoch
0,2025-09-16,1,5,0.1786116007867955,3.53644938225258,1.1795787607779697,1.00000000,3.0000,0.49033699465168007,0.0016428996320939668,0.11203702484190997,0.0988515430832172,0.003959362020784694,0.177903792304381,0.181402370917,0.009174929004770686,0.27046307322725,0.382746601222556,0.004279565659879756,0.17357004770421997,0.44522880086173605,0.005121381131967695,0.20874439005834,0.44528640306107603,0.0016019060656912655,0.10939128521045005,0.37680094797025,0.006122060420433546,0.24007062727127,0.004557443419374516,kognition,0.2257661862764227,0,,,,,,,,,,,,,,,,,,,-1.0,,0.0,0.24993526439601568,latent
0,2025-09-17,1,4,0.8541569114231593,3.252247039672375,0.5615522058422646,0.50000000,3.0000,0.25796472575018503,0.0762412379012659,0.70622316623945,0.042991218257686,0.015155269482422306,0.30982021713077,0.0023774949174115018,0.030271349157839963,0.42334896763733,0.20103242704868,0.10976315249977293,0.7709274518031699,0.25146364943079746,0.08399933648364954,0.6804801650413099,0.18665932237227,0.20553081507130871,1.0868814375054,0.2520321764819375,0.2086228687356915,1.1035374279003198,0.10422628990456441,kognition,0.4921253312722033,0,,,,,,,,,,,,,,,,,,,-0.5,,0.0,2.369020531760634,hoch
0,2025-09-18,1,5,0.6468506511227063,3.499214005632036,1.3720919721752083,0.60000000,3.0000,0.4246270343426309,0.046095255301860524,0.632401805632556,-0.013377662366457993,0.04291735002986426,0.58304051844743,0.1448911304407664,0.013728246004251854,0.326642878064048,0.23639410970694677,0.03245025084072248,0.515526451250646,0.307794063132004,0.061172533771600125,0.66468355966304,0.45318028662877996,0.000916439726399677,0.07783986905331003,0.155254216576674,0.22113568918317023,1.23724294691517,0.059773680693981306,performanz,0.36889954477890585,1,,,,,,,,,,,,,,,,,,,-0.6,,0.0,2.070070650653148,hoch
0,2025-09-22,2,9,0.22982883610935267,3.7214321530887475,0.5085015893583881,1.00000000,2.0000,0.5580494675333342,0.008415420293635949,0.25989595136647997,0.09420417521807782,0.01098712796383947,0.2621077728582815,0.12631266428293775,0.010808702359408506,0.284211572023801,0.331000659659376,0.006356482783315216,0.23579679470313503,0.44070829308295223,0.0014796098488323375,0.10237367666754499,0.420353028723522,0.002912298982838988,0.13364243534083498,0.35390380653269665,0.011993842694001574,0.2942713649813155,0.007564783560838864,kognition,0.3112497986023445,1,,,,,,,,,,,,,,,,,,,-1.0,,0.0,0.1890501127994727,latent
0,2025-09-24,1,4,0.4480844186340993,2.9747449310608127,1.390197679906834,1.00000000,2.0000,0.4006358737765875,0.08428991082382191,0.69074851535586,0.10522291489727151,0.0052933844336200304,0.166283414289388,0.115783454566975,0.032001807246476166,0.45475374300455,0.3526814998545975,0.011316549166305988,0.29484348983090003,0.3208838291027945,0.04810881041204932,0.513402080056402,0.43894889553407,0.003908481594376064,0.17178780152219997,0.4406776795803975,0.015860702546009298,0.3412164184572,0.028682806603236966,regulation,0.2184371504268714,1,,,,,,,,,,,,,,,,,,,-1.0,,0.0,0.9217161106103889,hoch
0,2025-09-25,1,5,0.7948190241471862,3.8346324031087398,0.7434111363616662,0.60000000,2.0000,0.352891143057652,0.0872472034035042,0.86467631175141,0.0530996815597526,0.019594637501905814,0.43948819159064,0.0770715435651526,0.04084730291964811,0.6091279104053999,0.210895419408838,0.09004868646442518,0.79053750235986,0.30062904343380004,0.07728000485312522,0.72473167436457,0.230734187951874,0.17213293763478113,1.08437078899845,0.216500607648174,0.1445865083688958,1.00800087053043,0.0902481830208979,kognition,0.3472999795604761,1,,,,,,,,,,,,,,,,,,,-0.6,,0.0,1.996189671534076,hoch
0,2025-09-29,1,5,0.15573486640265377,3.1749999369246,0.5176329209456206,1.00000000,2.0000,0.47114685559323,0.007768096431110154,0.23145538449545006,0.0577955702926752,0.004515277808575905,0.173868752799004,0.16143526424347798,0.00018115468255819057,0.03827999700897,0.37126487346768805,0.0031749573480006586,0.15584986807787,0.380134577899482,0.0038034261371369268,0.18929483027677002,0.540512310600422,0.0025663487195856575,0.13651651609035997,0.387124901287792,0.002244087486484928,0.12440232747128999,0.00346476408763606,performanz,0.4221828145986814,1,,,,,,,,,,,,,,,,,,,-1.0,,0.0,0.34064348766839,latent
0,2025-09-30,1,5,0.7517285999832238,3.5322280985440004,1.0430276382610406,0.60000000,4.0000,0.268229112817916,0.06628961179329791,0.7153049065408099,0.20275481193572942,0.02585178007861922,0.365582333759277,0.068042090771638,0.04490878617033269,0.65437570288625,0.285740987025598,0.08362462658165443,0.76438815635596,0.29745502675178803,0.05201886452509474,0.6354157780809501,0.14842930824314202,0.2671513693790609,1.3212671489860601,0.3536284694136234,0.025250849504677698,0.44146318122051303,0.08072798400467682,regulation,0.4898085462074364,1,,,,,,,,,,,,,,,,,,,-0.6,,0.0,2.396453090626113,hoch
0,2025-10-01,1,4,0.15461041394079675,3.4608878818200752,0.4076317752701997,1.00000000,2.0000,0.5133658295859725,0.004371764219077129,0.18347510656895005,0.080184274212419,0.005587675590230402,0.175723463360367,0.21127983623983,0.0038938385248055538,0.17067833781694,0.36867985314385504,0.002895265986802144,0.14382307497073,0.39451127321622,0.00207048187927414,0.11576664438001,0.483888172386965,0.0009982751919607943,0.08053194008676001,0.3684628225819625,0.004087078706794354,0.17386107179805,0.0034149114427063595,kognition,0.47400851934300503,1,,,,,,,,,,,,,,,,,,,-1.0,,0.0,0.38632456565016127,latent
0,2025-10-02,1,3,0.2731283168892189,3.4291251954921997,1.0035595342762003,1.00000000,2.0000,0.5181510385243367,0.008093756922805418,0.20438384838447998,0.210505117990084,0.016651683388471655,0.315839970329298,0.29247399202703,0.009560140760368265,0.23936307171086002,0.39284076629064996,0.003979717905885908,0.15449588608261,0.39024173649959,0.004962909650714136,0.15841182435284,0.39774560473413995,0.012983947229603518,0.27526367837911,0.24949252304233763,0.018366921628888675,0.301881290321437,0.01065701106953394,kognition,0.21395178027708417,0,,,,,,,,,,,,,,,,,,,-1.0,,0.0,0.25208503915751623,latent
0,2025-10-09,1,4,0.21086147629961713,3.969960168715275,0.3051591060060083,1.00000000,2.0000,0.4618222593445775,0.01274537782373463,0.27766596939896004,0.11215779423379324,0.007076641432830339,0.180083524609238,0.2234627471758725,0.006673521635659182,0.18437267480051,0.3762889905752175,0.008139488504965908,0.23620347149939003,0.3791620064798125,0.0032860636224996843,0.15095791504030998,0.509702528899775,0.002890462702209084,0.13921706443726,0.36685651619822,0.0036510064653551763,0.1367027425329,0.006351794598179143,performanz,0.21050667643707185,1,,,,,,,,,,,,,,,,,,,-1.0,,0.0,-0.19788098953001784,niedrig
0,2025-10-20,1,4,0.11957815100515004,4.07920344072925,0.46311936939865755,1.00000000,1.0000,0.57708326378654,0.0030261268320044246,0.14103688296300004,0.0782013158736555,0.004999392338546292,0.173717275014616,0.1538530532048275,0.000694378350565555,0.06937566956233,0.31185951936419,0.0025665389717844608,0.13404037406977004,0.4736144862815725,0.000116742353046125,0.02793408618742005,0.4398525379589375,0.00026730292628803463,0.04154383308363002,0.328401433345075,0.0026284524255755755,0.12935469648519,0.002042704885401495,kognition,0.19675846460888782,1,,,,,,,,,,,,,,,,,,,-1.0,,0.0,-0.25295947170043986,niedrig
0,2025-10-22,1,5,0.24331682177249578,3.2909833178659,0.8943714121001323,1.00000000,2.0000,0.47933370691151406,0.003740671355722816,0.14641899051861007,0.1306768429200038,0.025184912540803055,0.41675861150909,0.25000105295978,0.010545472431804983,0.25240956472247,0.41762897574535407,0.008944440594734893,0.24792150963475995,0.373071614964008,0.004114921641559849,0.16942730780425003,0.41845856583989194,0.0004943464060598054,0.06043764869352003,0.37782083045836795,0.006178310786783077,0.24043246002036,0.008457582251066924,kognition,0.21389044016728156,0,,,,,,,,,,,,,,,,,,,-1.0,,0.0,0.13540230759225316,latent
0,2025-10-23,3,10,0.17647548964984316,2.8768121292355233,0.6066640339215406,1.00000000,2.0000,0.4580297548988947,0.004184208051223287,0.14851832431927334,0.12737748118712375,0.007021134978699393,0.20148114261515368,0.14580320305575886,0.00915174210721467,0.23504319254006534,0.39368033973957006,0.0021756664232892515,0.10632079454672334,0.3896044625376483,0.0031441334366151402,0.11765199585770332,0.452630387846177,0.0022664319238483812,0.10949351794603664,0.45080968571021135,0.0032600963771532653,0.13519810736884333,0.004457630471149055,kognition,0.13661586551149843,0,,,,,,,,,,,,,,,,,,,-1.0,,0.0,-0.32170542073034875,niedrig
0,2025-10-27,3,14,0.5779243675858706,3.467906531459835,0.7328865546671031,0.73333333,2.0000,0.3823432234712543,0.0601146127677217,0.59866375659922,0.09529232819465448,0.01128492063059581,0.27523525730258597,0.06643784115058239,0.02407598696510029,0.4021586674513336,0.29020781898596804,0.054579322367082315,0.5393582660479533,0.32854212159897334,0.038121191496170874,0.43186603134394,0.30155244003733217,0.1594570484555743,0.8976316175711799,0.3310384792713346,0.056138556606635255,0.5209019038375976,0.05768166275555436,kognition,0.2542865096508437,0,,,,,,,,,,,,,,,,,,,-0.73333333,,0.0,1.0871277643575332,hoch
0,2025-10-28,1,5,0.15348964060197998,3.7866782467556597,0.8071050008139619,1.00000000,3.0000,0.501714625430158,0.0036356745754327472,0.17349281795636,0.0841159722250652,0.0038669494819277075,0.17107216424528798,0.18680938540152803,0.005345350168478114,0.22415112700502,0.34062513502311,0.0015633828793626778,0.10838234383169998,0.4383660469592,0.005511175732063938,0.23001625586373003,0.458302339257072,0.0021287118040552626,0.12876276510034002,0.405602283966702,0.0015078251308045297,0.10991812013151003,0.003365581396017854,kognition,0.2712881188288858,0,,,,,,,,,,,,,,,,,,,-1.0,,0.0,0.08049996818914668,niedrig
0,2025-10-29,1,5,0.18943143399821702,3.6375504354958403,0.9021795799492095,1.00000000,3.0000,0.48227651679458,0.004850171502606833,0.18523007347701997,0.1251546996759074,0.009045504470655963,0.24140513710716302,0.20261666257585062,0.009412165580309365,0.24845213003267702,0.385678469420934,0.0059979953328630955,0.20451309748313,0.41778314477657,0.002154398670652103,0.11285277414716,0.47022648932822,0.0014285885438257767,0.10226963862461996,0.361107058005458,0.0029954440857077056,0.13482582384665004,0.005126324026660121,kognition,0.08299009893151223,0,,,,,,,,,,,,,,,,,,,-1.0,,0.0,-0.23615422521189086,niedrig
0,2025-10-30,2,8,0.23971622551742502,3.3984136495470434,0.9008849236381953,1.00000000,2.5000,0.5657853566676707,0.01563743064433338,0.31814016593599004,0.007507252763107229,0.008370709668295175,0.183986734663783,0.13475043242237483,0.002701977099435235,0.10998588572453849,0.29112103031456416,0.013090501359378639,0.2356269649312285,0.4402371892467104,0.0004983280521528778,0.048090319772270046,0.449110545031729,0.006154773332060057,0.18408990384306,0.3151912951599845,0.020334300578144872,0.2952682547846065,0.009541145819114319,kognition,0.1934422577461562,0,,,,,,,,,,,,,,,,,,,-1.0,,0.0,0.09758153226868946,niedrig
0,2025-11-03,3,16,0.36622386094450277,3.6103266839819064,0.4766459833223977,0.86666667,3.0000,0.43713593964141545,0.027276531806112045,0.3511651731749866,0.07275832895991832,0.009009871419763676,0.26606615051211835,0.1044207304661584,0.016294456322889526,0.3408798813362483,0.33022126776102634,0.0344190911534857,0.36852676475582996,0.38017698615019185,0.023802183023767243,0.29247478106120667,0.3963177097635755,0.06134130896015019,0.41535507558394996,0.34810511161518337,0.05384496715754982,0.4529970376116533,0.0322840585491026,kognition,0.17531322140800445,0,,,,,,,,,,,,,,,,,,,-0.86666667,,0.0,0.21135209692801948,latent
0,2025-11-04,2,10,0.23546116777514378,3.458883347919021,0.3940329498480212,1.00000000,2.0000,0.535080077529333,0.005204988271327532,0.18321044392644997,0.17132240301455304,0.014086566440283822,0.27208515885582296,0.21255716352086718,0.01082610949321815,0.2980456467143695,0.35546360272848787,0.0037887399949090494,0.13827177082721498,0.40959969752176795,0.0018252757635046708,0.12621778997001,0.42933859986161793,0.002736719153184226,0.139953920409315,0.312789002122799,0.017316569781724196,0.368499933503731,0.007969281271164521,kognition,0.18665984352897147,0,,,,,,,,,,,,,,,,,,,-1.0,,0.0,-0.25806005702350915,niedrig
0,2025-11-05,2,9,0.27354080312529516,2.8395533543048326,0.6885588111075679,1.00000000,2.5000,0.4717365046369637,0.013217941556942715,0.324244264252125,0.14762845122983348,0.01681318702207998,0.3225455604369044,0.16669300938408418,0.013659876791347149,0.3010738765467835,0.3663968306600155,0.007933535958773653,0.221448305988675,0.39460079686245225,0.006903530589752828,0.225881704239355,0.443930190209256,0.005603004919103557,0.19217880019548997,0.401131660950992,0.010769359163495657,0.28509525974153005,0.010700062285927934,kognition,0.1226343124265336,0,,,,,,,,,,,,,,,,,,,-1.0,,0.0,-0.15582860594831552,niedrig
0,2025-11-06,1,3,0.23548111082906484,3.9435615431896665,0.5286908832689726,1.00000000,2.0000,0.5444136699518867,0.00974838185889189,0.23901422610741002,0.122726840980728,0.015527437263600619,0.27722315102093803,0.21154799100425334,0.0035792980760984646,0.12809080822848,0.3576704052148833,0.016960481265878114,0.31020378678175,0.4168060334801733,0.008499901059291626,0.20250397814105003,0.4180639257781533,0.0001665854648891671,0.029640293981670007,0.3345294852085334,0.0009692685686404351,0.06980653744090998,0.007921621936755758,kognition,0.11656829076084205,0,,,,,,,,,,,,,,,,,,,-1.0,,0.0,-0.33125254732730486,niedrig
0,2025-11-10,2,8,0.14315688590368608,3.7188775857318497,0.26791558321010045,1.00000000,1.5000,0.5091300004724788,0.0061452355275031425,0.20000575613879001,0.089887005515653,0.006489314015132332,0.155660195491196,0.1427853800187786,0.0018077626249068603,0.1020465843515905,0.35661418684845875,0.0029261247003816875,0.14419855947256,0.4398770053279263,0.00039104233985841954,0.04844933316666997,0.4634308136385975,0.0008842177845438217,0.073696424760125,0.3841137066207775,0.0025546202461151257,0.13020084360457998,0.0030283310340630558,kognition,0.11000828905715684,0,,,,,,,,,,,,,,,,,,,-1.0,,0.0,-0.6432947356207896,niedrig
0,2025-11-11,2,9,0.2569286714230007,3.3941327173594775,0.9711054433106565,1.00000000,3.5000,0.4595697721354802,0.005298438288696318,0.18568409362821503,0.14077862116741802,0.011768663821602517,0.2656435498140295,0.19722431498990226,0.011556807054752394,0.288600789016482,0.39320232017539103,0.001742905478043038,0.11470051087101499,0.38710662306806,0.009467879767459894,0.284627199763335,0.47287478616917494,0.01725348073141443,0.32609691153516995,0.3543981930164518,0.0139438168067619,0.2853119728483135,0.010147427421247213,performanz,0.11447871211444331,1,,,,,,,,,,,,,,,,,,,-1.0,,0.0,0.08540128114692033,niedrig
0,2025-11-12,1,3,0.31331880980568527,3.414444859286433,0.39544123346130067,1.00000000,2.0000,0.45943115412158336,0.01928916322652151,0.31822854183734,0.2560713799736007,0.029521898231738026,0.405860354242848,0.29040853745517997,0.012382302752212021,0.26923739945683,0.4374064772394067,0.02313953494899539,0.3438696239079,0.32006202477326,0.012041449476668293,0.24472038481845998,0.40583662340046,0.00033017168274698713,0.044044989479819996,0.28700389512907004,0.001464156259168961,0.09350156559783998,0.014024096654007312,kognition,0.19354800717636408,1,,,,,,,,,,,,,,,,,,,-1.0,,0.0,-0.017267855180629177,niedrig
0,2025-11-17,2,9,0.2708420642156025,3.2575756570352334,0.598661159890618,1.00000000,3.5000,0.4887290572871733,0.023111110627396653,0.384825403412425,0.09423837017910691,0.005189120976208994,0.17438092918423198,0.16615047141108683,0.008516783748463354,0.237194529467117,0.3592558280870792,0.014854760778843144,0.306238850854175,0.42126241383288754,0.00892330602983889,0.26795345789768,0.4228002429032383,0.00518692625537716,0.19174396296886997,0.40050979922548663,0.007600013986805278,0.19869828525134,0.010483146057561924,kognition,0.26834446990052424,0,,,,,,,,,,,,,,,,,,,-1.0,,0.0,0.11283929192768799,niedrig
0,2025-11-18,1,4,0.28652957497498416,3.9503881747222,0.46476694495973686,1.00000000,3.0000,0.4070799327896425,0.005854555415576987,0.19827620553556002,0.2021666160312675,0.02574096028797005,0.384766858554465,0.145142711050666,0.03126778001171036,0.474340889349584,0.41873331571647254,0.0039969202455342355,0.16638263091518996,0.4126193448975075,0.008151574484726653,0.21255015980389003,0.414243314598145,0.003031777049810555,0.13190340456521998,0.41599761690236003,0.004055629840016222,0.13837993953254002,0.011728456762192153,motivation,0.15060471265214623,1,,,,,,,,,,,,,,,,,,,-1.0,,0.0,-0.11467158089771495,niedrig
0,2025-11-24,2,9,0.5164963647485178,3.7329868795983,0.40905729126693136,0.80000000,2.5000,0.4084615087316815,0.07405336848974595,0.617104810386765,0.08576999921550763,0.010430481440882891,0.2830200213403364,0.1335165269128655,0.01389425041290118,0.32811610911900646,0.2744872368252945,0.04618036830734105,0.48800714523101496,0.3644859903188987,0.06660726912873619,0.50561303553845,0.356745639256669,0.07047812614574579,0.563049909763695,0.2940204248778755,0.06670283132103123,0.58064551259051,0.04976381360662633,kognition,0.23450675567703008,1,,,,,,,,,,,,,,,,,,,-0.8,,0.0,0.7495178604322509,hoch
0,2025-11-25,2,7,0.23856404267772052,3.792359977866275,0.8408942289710857,1.00000000,3.0000,0.48523098424548916,0.006569754644855034,0.21151357359552997,0.17713271058115881,0.015520505967879572,0.277880627085551,0.20178041347561107,0.014272241012410682,0.2898995475801245,0.3858196001345396,0.0024887010626675104,0.12302999378704499,0.40136181571141294,0.0028491608868706432,0.121987272242425,0.43779891115643915,0.0018652449013625508,0.09707518940014498,0.3541360208579073,0.013434249235213302,0.23394241510099048,0.008142836815894184,kognition,0.20697559032768384,0,,,,,,,,,,,,,,,,,,,-1.0,,0.0,0.0783295942350645,niedrig
0,2025-11-26,1,5,0.2441053380622292,3.2616011963618803,0.5808441179048316,1.00000000,4.0000,0.414443508812114,0.009564398915710029,0.27276378746540003,0.18705401273774863,0.012024839667376733,0.273217772632507,0.14731357996651837,0.01632930291586436,0.352215834335144,0.411740349848304,0.006643657639243174,0.2235611132159,0.36806508712926,0.009422354451982811,0.27362879127603,0.44076298573457,0.0030666067997643263,0.14709323948480002,0.4611705845347,0.0025362556805337668,0.15477323008945998,0.008512488010067886,regulation,0.14601943646927132,1,,,,,,,,,,,,,,,,,,,-1.0,,0.0,-0.11791105253712714,niedrig
0,2025-11-27,1,5,0.1577482099623566,2.77562037513024,0.9822547008582001,1.00000000,1.0000,0.5735121294521239,0.0020344051728234994,0.13475795981068994,0.07308565341161419,0.0016679563983208,0.11174275425682499,0.132633206582848,0.005053431452628455,0.17955771119041203,0.30353942935412603,0.005376427492909035,0.19259930096470002,0.45248861268359,0.0012642703040779296,0.09560874007038,0.430033047593054,0.0011811453996132095,0.09420772624763002,0.37609425594757406,0.008306861525954817,0.25444213384127,0.003554928249475392,kognition,0.254352138744076,1,,,,,,,,,,,,,,,,,,,-1.0,,0.0,0.25986631546428723,latent
0,2025-11-28,1,4,0.20978979786101032,2.9580383582261254,0.7705269928754048,1.00000000,2.0000,0.530450611703645,0.00694412109945003,0.21864777146631997,0.10231083329089495,0.005049663903868856,0.19213597184956918,0.16249246944896073,0.005155632518702143,0.18703921032451698,0.3308020979266275,0.009927453795856429,0.23968152455145,0.4269747970144125,0.0038596904749007184,0.16211678557811998,0.4187042439971,0.005743301088727888,0.21287393590713,0.413135711833295,0.007331896405057503,0.23651148087576995,0.006287394183794795,kognition,0.0805890821478371,0,,,,,,,,,,,,,,,,,,,-1.0,,0.0,-0.29646616477458054,niedrig
0,2025-12-01,2,9,0.1874337261783613,3.52073360039686,0.5258369644711124,1.00000000,2.5000,0.5113239163527243,0.004618741870722745,0.14926880373654,0.07966546764005145,0.012994704885704988,0.30942066699258153,0.1548361956720573,0.006359539238924459,0.200586352109771,0.3303095279772915,0.004365802388956837,0.16735517904602,0.45746868576826505,0.0040570351927933,0.13292816056243,0.44298055117491625,0.0011702642406506507,0.09319255431624501,0.3922344617232285,0.0028113268004011723,0.12900891162353503,0.0051967735168791645,kognition,0.05379203297419429,0,,,,,,,,,,,,,,,,,,,-1.0,,0.0,-0.5446424007981862,niedrig
0,2025-12-02,2,9,0.17542571801992063,3.7434798165471124,0.7003950771935359,1.00000000,3.0000,0.4729901747355645,0.004983131742620154,0.18791291951428,0.10102158595980928,0.006499446615287206,0.209456481549335,0.16517916644596653,0.008196568948860238,0.2200598873959315,0.3802294943794922,0.0035122871528946013,0.14923569539104,0.433900707115804,0.0010894059990610334,0.08433219381911,0.455958541426443,0.0025533931844510774,0.12731108183834502,0.40635622721524,0.004792933793000318,0.153480602321395,0.004518166776596375,kognition,0.07380949624152984,0,,,,,,,,,,,,,,,,,,,-1.0,,0.0,-0.40483619398594545,niedrig
0,2025-12-03,1,4,0.2297541950947844,3.2007420661453247,0.25757136656533053,1.00000000,2.0000,0.46557498973079997,0.008097333974363572,0.23087596571036,0.13357635037285776,0.011994323552114182,0.26800343337325605,0.19265731538540976,0.016309580251520118,0.356595204857091,0.386527291407695,0.003346924657660861,0.15537922308678004,0.3844797261885275,0.00012466386208682625,0.028569182938269988,0.47609160134608497,0.006739078059740742,0.22006389925346997,0.38935323954384504,0.006175085806165943,0.18069366960358002,0.007540998594807465,performanz,0.07103790268924305,1,,,,,,,,,,,,,,,,,,,-1.0,,0.0,-0.5166289847142573,niedrig
0,2025-12-04,1,5,0.13316888969388263,4.030094807275581,0.5143498982918444,1.00000000,2.0000,0.438455258638822,0.004044921771755934,0.18916012964778,0.1357452441898024,0.006353138939231462,0.18601740658591198,0.12162813556643699,0.0017878979208275393,0.10208261666171,0.408342901672276,0.0012170544172636656,0.09949584341619,0.41849110226335196,0.002376706686272371,0.13644559613448998,0.48142878197847594,0.0010246245432850634,0.08520592451964998,0.42795491967827604,0.0009296089036654433,0.09197378607954998,0.0025334218831859255,performanz,0.09453358165577602,0,,,,,,,,,,,,,,,,,,,-1.0,,0.0,-0.5345993758619517,niedrig
0,2025-12-05,1,3,0.1773265748533005,3.1976393554745335,0.7222052190291645,1.00000000,3.0000,0.45170194899145,0.001518078811610349,0.08691450201850998,0.07258567474257334,0.011134447781113103,0.250468766857079,0.12032979855830199,0.009432631950218427,0.226298414133637,0.38954308485744,0.0012778285734750653,0.08178713914505997,0.42145169757743,0.0017965980307550194,0.09330808820565001,0.4601369556820833,0.004379973293263633,0.14501590997041997,0.45130330606665003,0.001905155708767583,0.10557147807081002,0.00449210202131474,performanz,0.07434365438896684,0,,,,,,,,,,,,,,,,,,,-1.0,,0.0,-0.3879324171211589,niedrig
0,2025-12-08,2,7,0.22948108017452495,3.6937083671540663,0.6708163466513846,1.00000000,3.0000,0.45240316281454707,0.014471650698381001,0.28343998521,0.16257748614219186,0.012003616480152947,0.27261303964489103,0.16943828703984948,0.0034869553453331604,0.14122972047687699,0.3670204658207408,0.0057490474690832976,0.160711162852605,0.38683778800131585,0.0033456874576820984,0.132856656873205,0.45340067047979665,0.0018403157223958813,0.10933301264095999,0.43165956801246497,0.012407885561714937,0.26370474937428007,0.007615022676391904,performanz,0.1124602443009803,0,,,,,,,,,,,,,,,,,,,-1.0,,0.0,-0.2580400429096478,niedrig
0,2025-12-09,2,8,0.18483236485655363,3.364700249503713,0.3921206852388037,1.00000000,2.5000,0.5362928243248187,0.007481070928169756,0.22153681633476502,0.078356606669926,0.004045284881030974,0.1467082186828885,0.1734934125387529,0.005860861362688836,0.21058148067939347,0.30199898876259246,0.0034835143566309896,0.14166568660352502,0.4148431351241725,0.0019183581804603496,0.09737414754269502,0.45486611526450627,0.006653070071232123,0.19377877796164503,0.40506328706502376,0.005277926851465436,0.18619799380900998,0.004960012375954066,kognition,0.14095629650763747,1,,,,,,,,,,,,,,,,,,,-1.0,,0.0,-0.3368616930128089,niedrig
0,2025-12-10,2,5,0.3119981591949369,2.7966901096626082,1.02814188359877,1.00000000,2.0000,0.5612032692314192,0.007905408042579009,0.17926735306255998,0.17915488488632025,0.005801976382829264,0.13031015108428048,0.18512570299629066,0.020532909032052054,0.2902408896469555,0.32096508380339017,0.009257794819622408,0.165001981485548,0.4134862148985542,0.004216057683157279,0.14438471969701502,0.3145280641678977,0.019226313190538937,0.282779521368763,0.28545508518706775,0.03041238336909801,0.36992594515760546,0.013907548931410996,kognition,0.2127876356224449,0,,,,,,,,,,,,,,,,,,,-1.0,,0.0,0.32890254049026885,latent
0,2025-12-11,1,4,0.19275897286604757,3.51093656921945,0.7827712873254205,1.00000000,2.0000,0.4828762515910875,0.00634766183471428,0.22206278351704,0.10066344531576675,0.005648125641888318,0.198086335931203,0.216174957938752,0.007503779190375057,0.215701498085682,0.3608641883219075,0.007851427106165161,0.24567785101244002,0.37590584261391,0.005213784186236852,0.17559046000276002,0.5182402688281824,0.0022711902053511703,0.11065049222286999,0.36428380202035,0.0023200534556428254,0.11991509806170003,0.005308003088624809,performanz,0.2529366241933662,1,,,,,,,,,,,,,,,,,,,-1.0,,0.0,0.17771169915268945,latent
0,2025-12-12,1,4,0.16082202701170645,3.761393072269,0.49420597866010396,1.00000000,2.0000,0.5250391075989925,0.003011594453802288,0.14253573886519,0.13509949501473426,0.0047425099208571065,0.16549243682222298,0.22545875202989502,0.005024654925142746,0.17936750564680998,0.3122324524995375,0.0027028466288805063,0.14232482890934003,0.429693736602845,0.000713204523906772,0.07385976872478,0.44282014289631,0.0010170642091551824,0.06615731360345001,0.3888004365371075,0.00865184971040943,0.23703235696898,0.003694817767450576,kognition,0.12081879328485814,1,,,,,,,,,,,,,,,,,,,-1.0,,0.0,-0.3510816981879856,niedrig
0,2025-12-15,2,9,0.24318888757380014,3.256131523523993,0.5686056300799901,1.00000000,2.5000,0.46163578317971976,0.013875918864296354,0.339942633273135,0.16726503442518906,0.00884891053863673,0.23911700049478551,0.18451037882228138,0.009266950520125031,0.2301502895265335,0.37195610443264704,0.006486146043246925,0.20445308263602002,0.39622792233159626,0.0029684730777301944,0.14517641635081002,0.43900088889828826,0.0036449551524577245,0.15358398217191,0.4125103163898415,0.014865845111948653,0.337336735680145,0.00856531418692023,kognition,0.10952165616958365,0,,,,,,,,,,,,,,,,,,,-1.0,,0.0,-0.30907252217940856,niedrig
0,2025-12-16,3,12,0.18827335632829592,3.5437680565822696,0.5721618491881507,1.00000000,3.0000,0.431927239066038,0.009907209027593301,0.23295851010309,0.16331021329403225,0.008901352395037964,0.2018706361413213,0.17209356755134522,0.0015501140919778839,0.08505563647988235,0.391254798530179,0.002885244997348094,0.12207222217078999,0.382861214630591,0.002031628642923981,0.10316819486509665,0.44601646670478007,0.002590088466391693,0.12429241537183335,0.4653939324936143,0.008562452750645521,0.23944645425366337,0.005204012910274064,regulation,0.06670396583769557,1,,,,,,,,,,,,,,,,,,,-1.0,,0.0,-0.384810335489692,niedrig
0,2025-12-17,1,4,0.17131654757839676,3.5682858547616005,0.471993335805985,1.00000000,2.0000,0.4533350159171175,0.002439226421375616,0.12173454985094007,0.18751904484317,0.002684803663592049,0.13815893530162998,0.2299127276101,0.014000388721051471,0.28643565027994,0.3703599696378625,0.00280087284807606,0.13717409587,0.3850731844065825,0.0015011447615371895,0.10807479826624,0.4674561611976975,0.0056349684090735395,0.20318093533124998,0.416108053394525,0.0002879546494751551,0.044579378414009996,0.004192765639168726,performanz,0.08785021780182913,1,,,,,,,,,,,,,,,,,,,-1.0,,0.0,-0.42569570239872134,niedrig
0,2025-12-18,1,4,0.19339718013930646,3.41070902152225,0.4920926814085761,1.00000000,3.0000,0.44453875593684,0.004389043062288334,0.18703683131622,0.18680165762918124,0.016602546285343953,0.33960539003892504,0.099530463488432,0.009395696327352397,0.251383486821104,0.37189602703046504,0.004458159476652968,0.1610825302737,0.40406555521268506,0.0003016833710888106,0.03973247145653003,0.410085484538545,0.001036620848421141,0.08630154486376995,0.5004297231230925,0.001218719914687756,0.09594699515878996,0.0053432098979764794,regulation,0.16685931732702353,1,,,,,,,,,,,,,,,,,,,-1.0,,0.0,-0.2025848343177352,niedrig
0,2025-12-22,1,5,0.19965584394166938,3.5380664760893397,0.559286858815689,1.00000000,4.0000,0.42310329285450204,0.00508481711871899,0.21833166439081003,0.1863190493816306,0.009336160423122002,0.302752349326337,0.22790189547964176,0.00845283312368909,0.24639440401830098,0.4126683681217839,0.006576942567236956,0.23677738216098998,0.34989434942458597,0.005641161157812246,0.21137156093623,0.451170360995636,0.0010877564207182203,0.08613214347773002,0.44518010411595804,0.0036827852087627302,0.17064185583943997,0.005694636574294319,performanz,0.16209974505926913,1,,,,,,,,,,,,,,,,,,,-1.0,,0.0,-0.16141501868108019,niedrig
0,2025-12-23,1,4,0.18414785116980192,3.770784075801525,0.4098342581224718,1.00000000,3.0000,0.38933169331400996,0.004427640910021489,0.18707566404165,0.22937747560184502,0.0041543128087826705,0.15432813019063002,0.16709177840631526,0.016567967478568674,0.31867558255723905,0.41816732068776497,0.0006724696471206282,0.06303632962201,0.369686725934665,0.0038681278662316214,0.16101657447419998,0.44885163919936755,0.001863513419353351,0.11542299674828,0.47007591037721247,0.0023563989603770886,0.13579748037592998,0.004844347298636502,regulation,0.08797484657538615,1,,,,,,,,,,,,,,,,,,,-1.0,,0.0,-0.4472727004691369,niedrig
0,2026-01-05,2,8,0.18809638613900995,3.554756261226723,0.6117431626111076,1.00000000,2.5000,0.47210581448923167,0.00562354687917127,0.168304318433635,0.19572974340155608,0.01267277803985117,0.297213795282788,0.2806113478512313,0.00689123856721787,0.20898628257657498,0.39890789735280396,0.004775934191559426,0.15540559909958,0.359366568028032,0.0050607769144583505,0.1600359134681,0.43616103853339994,0.0024193511494543163,0.11819914148044999,0.36372811628349366,0.007544757460667816,0.198377235283805,0.006426911886054318,kognition,0.1811594694344955,1,,,,,,,,,,,,,,,,,,,-1.0,,0.0,-0.09093645291451252,niedrig
0,2026-01-06,1,4,0.10807213583240007,3.725193249255625,0.5066466973807624,1.00000000,2.0000,0.5150072927304375,0.0031195914665307,0.15741055910105,0.041400606666626254,0.0001007410865371789,0.024829330460628997,0.1255630169768475,0.000904698759831975,0.07473359457045,0.3608665438939625,0.0011189387275516306,0.09436738319436999,0.38868023537349006,0.0012070314672355895,0.08861295867045998,0.4886327305086975,0.004435967957475555,0.16414980777795002,0.430747514978705,0.0007926170782141012,0.07651367497987999,0.001668512363339533,kognition,0.2434118282130115,0,,,,,,,,,,,,,,,,,,,-1.0,,0.0,-0.23377581694613983,niedrig
0,2026-01-07,1,5,0.18147934276011812,3.5577834568658604,0.5400014690581352,1.00000000,2.0000,0.5068966665672561,0.011522730591550076,0.28812785342514,0.1302544368884188,0.004099406999907736,0.158573808702833,0.177353240078916,0.005289950906697599,0.17251138289508,0.33499327988379,0.005215857009119936,0.19913302846168998,0.40866698990107403,0.0018319816284263321,0.11525193935528999,0.423828277151464,0.002080048067532239,0.11808358435475996,0.450372328263066,0.0028947766454105214,0.15511937442533003,0.004704964549806348,kognition,0.12765836920964452,0,,,,,,,,,,,,,,,,,,,-1.0,,0.0,-0.377737409604409,niedrig
0,2026-01-08,1,5,0.25525366675989,3.70153048666754,0.9619373136651911,1.00000000,4.0000,0.40309544986719203,0.01491946976552536,0.37310726387321,0.149096891049882,0.013437598273370982,0.308814780456023,0.21864815713199998,0.012971855888786766,0.30164428941961996,0.42341562084250006,0.00730470248079837,0.24722556676046004,0.38485254587025597,0.01189693674010075,0.31263297066613005,0.451384196848164,0.0012404790056201758,0.08619003563577998,0.41373536218542,0.003383392240166548,0.14806554800852,0.009307776342052708,performanz,0.15271619089174035,1,,,,,,,,,,,,,,,,,,,-1.0,,0.0,0.1583247361677332,latent
0,2026-01-12,3,14,0.2081927296949376,3.354273450827613,0.7793753335547553,1.00000000,2.3333,0.4807312451757845,0.006190829711723189,0.21313986121150338,0.15246159924312885,0.00975373868408691,0.244766819025196,0.16188757347663998,0.010986720541676811,0.2692622361527763,0.37924500050810933,0.0032019183524710794,0.1557138459144267,0.41524816120287383,0.0033136054595891973,0.16392350043412998,0.4367380863608013,0.0013539486606687903,0.09596454594199332,0.3962654029588936,0.01026501327817429,0.2542739585870633,0.006437967812627182,kognition,0.1124946531675101,1,,,,,,,,,,,,,,,,,,,-1.0,,0.0,-0.11893471148071483,niedrig
0,2026-01-13,2,6,0.13451456789233637,3.609605582051525,0.5136256433594546,1.00000000,2.5000,0.5094610594722875,0.005454404003769649,0.15837527709840002,0.09712872751829212,0.0036043071578722263,0.126748106906646,0.14766716615021874,0.003890558399512028,0.12693945482213753,0.34379633508776253,0.004444606319321703,0.13604225717636498,0.43446226306553,0.0009222417208409068,0.06991519392311499,0.4409248211693525,0.001150372735789733,0.069288777853695,0.424929170384325,0.0018576995311755848,0.09623212641128501,0.003046312838325975,kognition,0.08095850053704484,0,,,,,,,,,,,,,,,,,,,-1.0,,0.0,-0.5606719026119976,niedrig
0,2026-01-14,1,4,0.2694149144995547,2.826673570396875,1.2376275132505543,1.00000000,3.0000,0.36129348029019,0.01422084614352249,0.32845540347139,0.2284458708714635,0.008701744140019963,0.25614636705133603,0.103299568449854,0.008882013542679543,0.23108365475392403,0.45943970930626743,0.009442330265930773,0.23945482991325995,0.33035948253098424,0.0209405574684326,0.361889636323723,0.3988445182880025,0.0008869457806350839,0.08042342017771004,0.5046941512559124,0.00950995881358191,0.24845333632539002,0.010369199450686052,regulation,0.27112781186097035,1,,,,,,,,,,,,,,,,,,,-1.0,,0.0,0.6255987104863455,hoch
0,2026-01-19,3,14,0.25596673369249495,3.160750452406138,0.498211495739344,1.00000000,3.0000,0.47613190690365076,0.005791005408914232,0.20029583494142,0.16028003564080096,0.020448847724280465,0.3466295376423843,0.2064943091620408,0.013383729757067107,0.317669161662989,0.39710300393629644,0.002157544137237928,0.11174989666734668,0.36677800810574906,0.0018253350484798015,0.10388723763662999,0.4558697704917091,0.010741746476271144,0.2436934459021233,0.36485332008993504,0.012652365673261797,0.24018349458448138,0.009571510603644638,kognition,0.2377038306841407,1,,,,,,,,,,,,,,,,,,,-1.0,,0.0,0.05715750191654779,niedrig
0,2026-01-20,2,8,0.5613390264761465,2.7965868521959614,0.7488166052569478,0.66665000,2.0000,0.40145187946719896,0.06688739835310198,0.4493299317981201,0.09388239661011577,0.01961467990687661,0.3492451356327085,0.0858181833957664,0.027525721381539303,0.3591017147002355,0.20117422276887198,0.042833314967368544,0.39039030716481504,0.27934377375282604,0.04455083097044137,0.46074334710738496,0.3177793249603416,0.16372357134175086,0.764538574865545,0.16415184770503466,0.0813991382485598,0.551429737255355,0.06379066502423407,kognition,0.36045993548225147,0,,,,,,,,,,,,,,,,,,,-0.66665,,0.0,1.4309354282351214,hoch
0,2026-01-21,2,8,0.1529408398829027,3.68517636867805,0.49486432157182864,1.00000000,3.5000,0.45654933694428,0.003872992032360209,0.155585295915695,0.113583516790845,0.008059243687425463,0.218072214452944,0.15360780978835514,0.00558635074497498,0.19074847207561502,0.3888154698698438,0.0018139164977428067,0.10918445461669002,0.4085948319889825,0.0016682655383702303,0.09105520447011503,0.44449281156276377,0.0020725635843851444,0.11383355657566996,0.43906818513834744,0.002083560204211721,0.12277072810932,0.00359384175563865,kognition,0.3893194977736469,0,,,,,,,,,,,,,,,,,,,-1.0,,0.0,0.14964739906729477,latent
0,2026-01-22,1,4,0.2085272243894404,3.517379779360625,0.5543139156466745,1.00000000,3.0000,0.45777998161721,0.003669227302043023,0.15571054426489,0.19254168297082677,0.011041500219487868,0.286882022118353,0.1427780795042465,0.015178222292677582,0.340422811015484,0.4024499434047025,0.0013524883813684258,0.10306283257467003,0.406403420006525,0.0012315453771291499,0.09923532418909997,0.47660954763295993,0.005714993438730175,0.21262469943746998,0.36770074022705,0.005295626300127808,0.19193270913688004,0.006211943330223434,performanz,0.11255526480295137,1,,,,,,,,,,,,,,,,,,,-1.0,,0.0,-0.2641097839879546,niedrig
0,2026-01-26,1,5,0.21690955662910022,3.61352464676204,0.8607136042388309,1.00000000,4.0000,0.425657053777558,0.012578400429375802,0.3290737101309701,0.1500537607405968,0.012842685732838106,0.301066349759463,0.171407789066922,0.0056008432688875245,0.23058837489426998,0.373712156754768,0.001185812504250312,0.08872088702241998,0.392284492218508,0.004548029833045389,0.19095857856341997,0.49009965211963796,0.0049354522525530894,0.18126700913622995,0.43141404064368594,0.005358531736082612,0.22590187083537006,0.006721393679576119,performanz,0.09446342345341449,0,,,,,,,,,,,,,,,,,,,-1.0,,0.0,-0.1968277112262828,niedrig
0,2026-01-27,1,5,0.2203526084448068,3.5461338836950604,1.0378131470411918,1.00000000,4.0000,0.469921088454314,0.009433728137921949,0.24356125323815003,0.1361992245735948,0.009544605022412254,0.261162497343537,0.14895698112731162,0.009652678036560149,0.295650127662422,0.38405375120239993,0.006195870273112957,0.22928987197836997,0.420395843864884,0.0020363796797952293,0.12958685782001,0.45018983877323004,0.002286665139238594,0.137656895505,0.403699471024058,0.00940534575938921,0.28123553336384,0.0069364674354900485,kognition,0.07689849772954552,1,,,,,,,,,,,,,,,,,,,-1.0,,0.0,-0.018279149290572755,niedrig
0,2026-01-28,2,8,0.17667642197846428,3.613105188510113,0.6896727051943676,1.00000000,2.5000,0.48396629128225,0.0033371311383433313,0.13075949379485002,0.0878386442473075,0.007455412879399817,0.210159885001593,0.14419292216084137,0.005621190826149292,0.2034820339477295,0.3592552956956612,0.0004982800907922691,0.05227906692638001,0.41253717005415874,0.0013451784223538126,0.09791165763474999,0.47328743506893256,0.005801536443061316,0.202523838986205,0.42224797584677626,0.007878101642829155,0.19859958400979505,0.004562404491847,kognition,0.06413250225267904,0,,,,,,,,,,,,,,,,,,,-1.0,,0.0,-0.4320452758344512,niedrig
0,2026-01-29,1,3,0.21839447258187303,3.666884772649933,0.35970392905656917,1.00000000,1.0000,0.5608556290822501,0.007716037313211732,0.2032558796094,0.09316379122654733,0.0063800663687526675,0.18557981851201,0.15519107549256334,0.011235824770152543,0.25721142396077,0.2994555150241,0.006733500377957652,0.19776333826822998,0.4585464246671167,0.0028640683297095643,0.12698815051767998,0.41501942459127333,0.00019819321928604236,0.034274380908909996,0.36441185516248,0.012568455275244285,0.26393023908997004,0.0068137350934734985,kognition,0.13599386020560267,0,,,,,,,,,,,,,,,,,,,-1.0,,0.0,-0.42091527970367365,niedrig
1,2025-09-01,1,5,0.25654340160618455,3.5170197851158798,1.2005050556352004,1.00000000,3.0000,0.41854915928882397,0.01128637794888265,0.32837061001711004,0.19358705479895122,0.017636521748998824,0.335306441959874,0.16367336862075338,0.012612372682323843,0.276214560817238,0.40585893265774403,0.0027171992104418974,0.16223978284524,0.360363039237032,0.0077044483267339646,0.23080129039276,0.419631292273118,0.0009532324907458179,0.08146866985151002,0.47334668344048597,0.012904364499545096,0.33649483572299005,0.009402073843953156,regulation,0.0,0,,,,,,,,,,,,,,,,,,,-1.0,,0.0,-0.133477904625672,niedrig
1,2025-09-02,1,4,0.27561626209960466,3.542618356778775,0.8275895594195635,1.00000000,3.0000,0.431879611335405,0.01906254334036328,0.3615437092892301,0.09819955795612799,0.011044763725560906,0.24871526730486399,0.2162655933094725,0.007128379751336421,0.20811580601977,0.41525210902249754,0.013569505803382747,0.29877544067385997,0.3606724604297875,0.013230261716290955,0.29345972066731,0.46805992841036503,0.01006069285827582,0.2725960704294099,0.3993703973070625,0.0018681767385478408,0.10970851383726998,0.010852046276251139,performanz,0.14123940248852807,1,,,,,,,,,,,,,,,,,,,-1.0,,0.0,0.0785561160673759,niedrig
1,2025-09-09,1,4,0.1262574599651344,3.54235854973935,0.899508459181704,1.00000000,3.0000,0.483526158225995,0.003545039783030016,0.15169587335968998,0.0606575526526605,0.0005424964954811813,0.06282789144113698,0.13035684298975525,0.0078565188628361,0.242185996785949,0.3662116962182825,0.000502076835841352,0.06264469668493,0.41889852862341503,0.0011979333594923738,0.08914626717424995,0.4736300572794675,0.0004736278410255742,0.056296171735019995,0.442346852687225,0.001823253019140917,0.11571403387893997,0.0022772780281210734,kognition,0.13831240185674354,1,,,,,,,,,,,,,,,,,,,-1.0,,0.0,-0.09784250291787339,niedrig
1,2025-09-15,1,5,0.20724569947272636,3.78100172755832,0.9263406240760047,1.00000000,3.0000,0.47606136982091796,0.006558720758502464,0.21488528945236995,0.1498276124776462,0.01638921730440787,0.279520628018331,0.14873211664524402,0.011439704771001646,0.31424744611460903,0.39036826828369203,0.0032214832615711834,0.15559599265527996,0.42290617170242406,0.0015491157662040058,0.11101067480313997,0.44786727328181997,0.0002903344543726296,0.04590004327429004,0.39245049968271195,0.003502203633879812,0.17518639833284,0.006135825707134231,kognition,0.10998927937075811,0,,,,,,,,,,,,,,,,,,,-1.0,,0.0,-0.1338161122445075,niedrig
1,2025-09-16,1,5,0.18726196311859822,3.798107076789499,0.6536911884643213,1.00000000,3.0000,0.45970165312585803,0.004959452359367853,0.19611272471918,0.17791153488593642,0.007782700662342707,0.266742357749148,0.1745556767581438,0.01020117864902718,0.259365815396829,0.38301371249724603,0.0051314802801014775,0.18701255081592,0.39599305178043204,0.001322425816800447,0.10970440178863,0.42880333775179,0.0038756248547638207,0.16006335220181,0.451771421365304,0.0017941802086277464,0.12608028652629,0.005009577547290177,kognition,0.07990002620149048,0,,,,,,,,,,,,,,,,,,,-1.0,,0.0,-0.4051973502027916,niedrig
1,2025-09-22,1,5,0.18189358478891837,3.6104835920823,0.5677926837009476,1.00000000,2.0000,0.542894483891774,0.0035726484512513313,0.17112997225555998,0.08104951881704839,0.010637645014051744,0.263906973887863,0.16023334433337202,0.0005016280514621938,0.05969266195622,0.329272657265898,0.0013165180510398163,0.08628680291242002,0.419586832882788,0.005248055826936271,0.18749619894187003,0.489553102612916,0.007184854486416538,0.25662000618482994,0.340286657580886,0.004623926306205542,0.18789472171619997,0.004726468026766205,kognition,0.18992782962140065,0,,,,,,,,,,,,,,,,,,,-1.0,,0.0,-0.21812332529610903,niedrig
1,2025-09-23,1,4,0.8058782065393144,3.666293371276425,1.2249226806777607,0.50000000,3.0000,0.3071652499259825,0.10687205658068695,0.8736804072399,0.12418140963233476,0.004586371117470119,0.17030270848085102,0.08726872232689,0.03589529399522249,0.4933284344815,0.2092897933047625,0.08659416927339486,0.7190132591677301,0.28855214958576747,0.058874083866131785,0.61935684337205,0.111697463506015,0.3304742120573164,1.34567905860979,0.3059834921266017,0.026143496884799118,0.412321726754053,0.09277709768214597,kognition,0.4881291169886149,0,,,,,,,,,,,,,,,,,,,-0.5,,0.0,2.650008568400228,hoch
1,2025-09-29,1,5,0.29307235013505245,3.3360192703706,0.9306520609564388,1.00000000,3.0000,0.4912463275445139,0.02160172516122951,0.42825743662244004,0.12397744852440817,0.021151136144372622,0.35281146655220796,0.12492585918703758,0.008951654763849697,0.2716475311861431,0.354637022276046,0.007106508712814047,0.23092821618403,0.393465244847622,0.00862178926618489,0.26665853176795995,0.434966157547976,0.0017514529031163635,0.11566458806871,0.414757945638372,0.01670713546211566,0.37835696076699005,0.012270200344811827,kognition,0.42868525692548626,0,,,,,,,,,,,,,,,,,,,-1.0,,0.0,0.7248512903731908,hoch
1,2025-09-30,1,2,0.017080553686997763,3.13806054061695,0.9674695750490501,1.00000000,1.0000,0.409451544464055,5.028338507263444e-07,0.001418215569970016,0.0514710027222455,2.2560690335134363e-06,0.0030040432976329995,0.032012330633226505,2.5052619861586214e-08,0.0003165603883089965,0.41043428775849,0.00019881875128837382,0.028200620651919972,0.463836092808495,3.5557176565307304e-07,0.001192596772850052,0.456338694525545,1.1348902030146529e-05,0.006737626297189991,0.48634489980713,7.843813366613802e-05,0.017713061131959973,4.1677902036344695e-05,regulation,0.18500638754494184,1,,,,,,,,,,,,,,,,,,,-1.0,,0.0,-0.07616351253796613,niedrig
1,2025-10-07,1,5,0.23187062443583428,3.2995965981508397,0.6787477664939765,1.00000000,3.0000,0.5200630978133101,0.006037999730258476,0.20923928897788002,0.1493136801728226,0.009007213247483487,0.229601016868564,0.19191960448790257,0.013990215910265993,0.283472973523547,0.368913253249844,0.003649077892008177,0.16583337120988,0.424935041995732,0.006254550608540435,0.22714061707817002,0.434125674502534,0.002377724219309623,0.13778992978362997,0.3339228583146,0.012447204868397522,0.30502597661212,0.007680569496609102,kognition,0.27265660921563173,1,,,,,,,,,,,,,,,,,,,-1.0,,0.0,0.21334875152976351,latent
1,2025-10-13,1,3,0.16742956145942056,3.443617182357167,0.23761439086938135,1.00000000,2.0000,0.4833952111459599,0.004468677799524858,0.14214795939994002,0.07736333472100809,0.006773549629414523,0.18941456957508268,0.22271983639520668,0.005264730404601775,0.17704148023722,0.35156758245617,0.0036954357431668995,0.14585414432035998,0.4078088714748833,0.004323695543350866,0.16105087073437002,0.5168498146454134,0.00019110081313459076,0.029376158011659936,0.3544852496075233,0.0033154681173003728,0.13996404751553,0.004004665435784841,performanz,0.12381564407974677,1,,,,,,,,,,,,,,,,,,,-1.0,,0.0,-0.4993963297965138,niedrig
1,2025-10-20,1,5,0.1451682503732654,3.8347415388341397,0.4932946918804349,1.00000000,2.0000,0.5384374393450281,0.003397116981386756,0.14322767100121003,0.09610209292648679,0.0035244768503794634,0.173717275014616,0.16104005981875397,0.004254096195951113,0.18082121383254,0.309330638541182,0.003526871383596493,0.16197076241101002,0.4447010958787,0.0008684595996462684,0.08191360573950002,0.457775924599206,0.0007106760951170022,0.07235645319775003,0.38837246569209605,0.004792123810357972,0.17786025902723002,0.0030105458452050096,kognition,0.12234478466455423,1,,,,,,,,,,,,,,,,,,,-1.0,,0.0,-0.36922137073365846,niedrig
1,2025-10-21,1,4,0.2430725182671818,3.6272379157389256,0.7079727650914477,1.00000000,3.0000,0.4821695428914375,0.0050338246410329395,0.16064665747711998,0.18153302676686034,0.024793079119269968,0.4094503933152727,0.140383548686524,0.009161159406948402,0.220046548704808,0.3899450280432775,0.0058501339544663085,0.21071031095242,0.40870049146200504,0.005429023132937048,0.18954410733351001,0.44420999250211746,0.002627569692586284,0.1404452671043,0.37328946784326755,0.00618945918950848,0.20287804129184,0.008440607019535633,kognition,0.13819358426222153,0,,,,,,,,,,,,,,,,,,,-1.0,,0.0,-0.15592527820691418,niedrig
1,2025-10-27,1,4,0.13475648683316785,3.8170607476235254,0.8103153584804953,1.00000000,1.0000,0.568836318940935,0.002216228976376417,0.12655522881269,0.0737618641847082,0.005540504163103829,0.19120772324176918,0.16449816617226248,0.003260676282406736,0.14726769022113997,0.317495159269135,0.003162687070573032,0.15407199327069002,0.46929852149365503,0.0008800973084717247,0.07780244467794994,0.43293988199442246,0.000667856415995112,0.06367005774257001,0.3424598425905925,0.002431260526690886,0.13053687350159,0.0025941872490882483,kognition,0.17235386344607762,0,,,,,,,,,,,,,,,,,,,-1.0,,0.0,-0.16667269355226363,niedrig
1,2025-10-28,1,4,0.3233405520873159,3.4098885571022746,1.214019661651721,1.00000000,2.0000,0.4873181174111575,0.023586415541054086,0.38519617660364996,0.15575230002596102,0.013406090990802763,0.26450869591020404,0.22267305360342748,0.011306987476987461,0.25904344618565,0.3582491037610775,0.0047795963820285465,0.17351065173555,0.3716764839010325,0.009844127241745214,0.27477807565686996,0.41028430217005,0.0015974380887865676,0.09363984248938001,0.38639863951485254,0.040028456902725607,0.5426201726577701,0.014935587517732893,kognition,0.17431811628581337,0,,,,,,,,,,,,,,,,,,,-1.0,,0.0,0.3797314791155036,latent
1,2025-11-03,2,7,0.253494705240137,3.436432119496696,0.7518490314635927,1.00000000,2.5000,0.43300497571669083,0.014601040126199075,0.276427743901685,0.16050354261308525,0.017622652039166103,0.32225934788833,0.19916908943304823,0.010507393500018041,0.248803059849949,0.4044659038802675,0.00717946955500135,0.21333521718280002,0.3749128516600292,0.009547469685447226,0.22500439307127001,0.4508042682829025,0.0013640314717644976,0.08732760852346494,0.4111328255520267,0.004336071619534355,0.16224968311101498,0.009308303999590093,performanz,0.08902270665849402,1,,,,,,,,,,,,,,,,,,,-1.0,,0.0,-0.12233902886689357,niedrig
1,2025-11-04,1,4,0.1942929855893324,4.07826599865005,0.4990012306668612,1.00000000,3.0000,0.425497140342515,0.004643729244133083,0.18008137460170004,0.1723318660736475,0.007024160707540526,0.22205119101839998,0.19295874508394625,0.010505178853278806,0.287812108355785,0.3956301461467625,0.006052413877327427,0.21350712887517997,0.39500660498807,0.0017734257591490174,0.09684375835572001,0.43804772643492,0.00013296314634093904,0.031198598510089992,0.45806859948712997,0.007617892661446727,0.23866116968143997,0.0053928234641737885,regulation,0.05551910461424634,1,,,,,,,,,,,,,,,,,,,-1.0,,0.0,-0.4494536374160426,niedrig
1,2025-11-10,2,9,0.19217548970301143,3.699871369947358,1.0224541456536689,1.00000000,3.0000,0.48442116942943925,0.006109697788149267,0.20261008782711495,0.08729415508038768,0.006674873740067051,0.1684659487246775,0.16992641696635466,0.011977528650888343,0.278767148492045,0.3835495384687643,0.0051406054243504145,0.19697976488872498,0.40144471347841104,0.004312658146426333,0.138461508924745,0.4613914597477278,0.0017154686661494407,0.106093546739665,0.40255495826695276,0.0053492628301144846,0.20124363314670501,0.005897156463735047,kognition,0.12267039660256844,1,,,,,,,,,,,,,,,,,,,-1.0,,0.0,0.03932453543068922,niedrig
1,2025-11-11,1,4,0.3263395346668738,2.828407646510475,1.324510608716878,1.00000000,3.0000,0.3795143359506,0.012191793241222156,0.30187478239306004,0.2443561923019725,0.019396543921211498,0.33905932079393003,0.271792261772775,0.013803700505562054,0.30521992809534,0.40873119105309996,0.008867903640309883,0.26586384675895997,0.3047730158652975,0.010701074475257052,0.23625739396924003,0.410656601766605,0.0026650637387475567,0.12017223232101004,0.432775959016335,0.03887141236428156,0.5439322243084901,0.015213927412370251,regulation,0.24396197456123242,1,,,,,,,,,,,,,,,,,,,-1.0,,0.0,0.7135175601288148,hoch
1,2025-11-17,2,10,0.5335106697688239,3.86999953372175,0.7484002086261302,0.80000000,2.5000,0.44427629137498204,0.04116323743197446,0.43726172861912993,0.08152334626459551,0.02193805423404932,0.4226246723400795,0.08573561627321921,0.021811125733760484,0.41410354467612354,0.296390857770494,0.04722520901009938,0.45360398732549007,0.35092294103605304,0.03823006791363171,0.423626235594885,0.333164923442551,0.0855122531369353,0.65282984467314,0.29436655633287934,0.09207739220878274,0.7493887625982685,0.04970819138131905,kognition,0.3244040859630965,1,,,,,,,,,,,,,,,,,,,-0.8,,0.0,1.1874195777193564,hoch
1,2025-11-18,1,4,0.15670347203026816,3.875970546034575,0.5714165338944265,1.00000000,3.0000,0.47867671646940246,0.0038302203993248094,0.15731416306814,0.11444026388471924,0.0021613939189190213,0.12645781071293302,0.2063322603268875,0.003924564396603347,0.16478452154202,0.3778819497307025,0.00731517083882447,0.2105945359808,0.37833570546170503,0.0008438354837982038,0.07279717176466,0.45997518154607747,0.0003539094233270604,0.04275663194641999,0.4394632170818,0.006126883685544123,0.21460688542272,0.0035079968780487194,kognition,0.24766227712832617,0,,,,,,,,,,,,,,,,,,,-1.0,,0.0,-0.11953371463287632,niedrig
1,2025-11-24,2,8,0.1956028248450351,3.37211216831565,0.6687803623541495,1.00000000,3.5000,0.42119307930961875,0.0037201626778702967,0.154414080914845,0.15613592596756662,0.01140950123017313,0.265472247339697,0.1462217494078727,0.01039967250968413,0.2664673166743347,0.42970329936942375,0.0015632630167834074,0.09942893793826502,0.37615508077354254,0.0058318451240634405,0.19188653965086,0.4758305618523275,0.0032786957503838127,0.14126990989025998,0.4215249832374862,0.002111252846046672,0.11493981155063501,0.005473484736429271,performanz,0.10917669632805338,1,,,,,,,,,,,,,,,,,,,-1.0,,0.0,-0.21719432372837952,niedrig
1,2025-11-25,1,4,0.31703683565011637,3.1290510540392003,0.8047190339469414,1.00000000,3.0000,0.4671616768119875,0.023442508841119286,0.40387217767844996,0.11311354756241519,0.017551790858442877,0.33072339025291925,0.19238942208005325,0.020659093096069624,0.355611207501447,0.398373341096785,0.018172962454953135,0.35243919376906996,0.38966207907222,0.014452396545572824,0.30643219967971996,0.4413160663896075,0.002844922104820793,0.14623823616745996,0.355154385464095,0.0033886812580603614,0.16286615448899,0.014358907879862699,kognition,0.11338343324395145,1,,,,,,,,,,,,,,,,,,,-1.0,,0.0,0.06897161251397657,niedrig
1,2025-12-01,3,14,0.2068906168814891,3.6543149305899867,0.6154798372560643,1.00000000,2.6667,0.5020427079204056,0.009863264845533027,0.24658188774196665,0.12595291013074794,0.010324648093095927,0.24205714877791806,0.19319365861116533,0.006746783787902755,0.1902584408513467,0.35962668986807955,0.008372573379991543,0.24040457007493665,0.4136745556067487,0.0031071147912082563,0.14591064531651002,0.45467681240556584,0.0018457980388933086,0.11051519869972333,0.37763574355386,0.003291322453358706,0.14362968846844335,0.006221643627140503,kognition,0.0643739494296329,0,,,,,,,,,,,,,,,,,,,-1.0,,0.0,-0.4358716248152426,niedrig
1,2025-12-02,1,5,0.7877196647874025,3.22549737908488,0.8267436379250976,0.60000000,3.0000,0.358908632557678,0.0933796622120221,0.86054078432965,0.004277978631775999,0.006692431030393681,0.22152380561704701,0.0145778236996428,0.02498366676574297,0.42564611134841,0.204500608180684,0.08733784301912015,0.79449788499881,0.31827588783787203,0.08296101431186513,0.77691342617992,0.23946561870728003,0.17602043112802082,1.10475170867785,0.22356446851819003,0.14912722182561303,1.0361046950131398,0.08864318147039683,kognition,0.412813022665567,0,,,,,,,,,,,,,,,,,,,-0.6,,0.0,2.0789453008912173,hoch
1,2025-12-08,2,9,0.21233023964668615,3.975202169694855,0.4274067192116803,1.00000000,3.0000,0.4094564304782693,0.001608777379444479,0.101533313413845,0.09418826447862412,0.03499490530136672,0.42481623176339006,0.15502418133855989,0.009434016588212898,0.23148436311192952,0.4198374965774695,0.000825539657829244,0.05459784471486501,0.4041819404593555,0.0024004808239690987,0.131949564495045,0.44156874187447903,0.0009510892882970216,0.079697466842955,0.4558873267442425,0.0031907476310518356,0.150742207358875,0.0076293652385959,regulation,0.42300535100562814,1,,,,,,,,,,,,,,,,,,,-1.0,,0.0,0.37336081519129616,latent
1,2025-12-09,1,3,0.1658565039588822,3.3000461526292333,0.5388784887133073,1.00000000,2.0000,0.50860205218724,0.003311658461180393,0.13298534749060004,0.15059562103750465,0.006802480655575894,0.20195712379043598,0.14773585552186833,0.005271950995488672,0.173813572121305,0.33026202931615667,0.0069972995403358995,0.18650578398135,0.45439144553131333,0.0009163856882540025,0.07395981672145996,0.4299000846452066,0.002476647997861455,0.11815162109141997,0.41103008778708333,0.0017319565667663992,0.09272447821167001,0.003929768557923244,kognition,0.1604925295902481,1,,,,,,,,,,,,,,,,,,,-1.0,,0.0,-0.2256367348690481,niedrig
1,2025-12-15,1,4,0.15178787933904567,4.02853311560255,0.5849125908910917,1.00000000,2.0000,0.4846731561336525,0.0034329292923799748,0.14294873100570998,0.11782653970055976,0.005224169986860372,0.16549243682222298,0.1357147344513925,0.006818338202941214,0.2185239478841,0.349956205915175,0.0024183160515300764,0.12217912894677002,0.42761611340729244,0.0011539952217601845,0.08814107568865998,0.4337310202315075,0.0006163629932743386,0.06124752601772998,0.46507875009070754,0.0033754485654985244,0.16359237233275997,0.0032913657591778123,kognition,0.07636507759666247,0,,,,,,,,,,,,,,,,,,,-1.0,,0.0,-0.5060912528525614,niedrig
1,2026-01-05,1,4,0.2277676600222163,3.664139983955625,0.4038449724675221,1.00000000,3.0000,0.49679153612578997,0.003923742923697498,0.16611213445251,0.135998330863887,0.009388132929189719,0.22240889989442897,0.21133063061622098,0.013518113110527462,0.287267905798486,0.3841184615557175,0.0002905233698720818,0.04208748093195003,0.396524125858255,0.002481079058814678,0.12991223612638997,0.459758396541495,0.004593092557737455,0.18467278358819,0.34928812486629,0.017683423002157014,0.3242070784042,0.007411158135999416,kognition,0.1497113806234183,0,,,,,,,,,,,,,,,,,,,-1.0,,0.0,-0.3475791403837995,niedrig
1,2026-01-06,1,5,0.21034209523937472,3.3800529752229798,0.9260024163303413,1.00000000,3.0000,0.535528727002618,0.003192535826464566,0.13653492143459,0.0933948105493634,0.014040685693360635,0.310336028186538,0.1646070477536556,0.0033237739983694144,0.146031258654292,0.354577302879378,0.003467539663688449,0.17639152490282,0.409911844070316,0.002464335417378219,0.13830989137882,0.42656264459441406,0.015127663478972861,0.38592330135019004,0.39677726097731,0.0026272629514560468,0.13072218989603002,0.006320542432812884,kognition,0.09953798343598373,0,,,,,,,,,,,,,,,,,,,-1.0,,0.0,-0.15321581801204504,niedrig
1,2026-01-12,2,11,0.16410394597797173,3.495797311609132,0.8912214734546084,1.00000000,3.0000,0.4671911902791501,0.00529294165244254,0.187569490636275,0.0830055645840324,0.00518755305595605,0.1595025340602045,0.1316351043324251,0.004482528281743574,0.196324991094003,0.3548979117065444,0.002143881781811232,0.13681107775883003,0.4144325487264199,0.0013213584970722197,0.09408123205128999,0.4644094130697757,0.002586255625581407,0.14784718479751,0.45655865182416483,0.007775829273569429,0.21456309661645498,0.004112906881168064,kognition,0.10436396191383362,0,,,,,,,,,,,,,,,,,,,-1.0,,0.0,-0.22798872199159284,niedrig
1,2026-01-13,2,7,0.16059929807968043,3.694776219733925,0.6526601834003398,1.00000000,3.0000,0.47735745817138,0.0025143575846934257,0.11266164571663001,0.1465279190820827,0.013680794823454471,0.27260300691968353,0.1411047613500162,0.00641373771102223,0.1916884806414395,0.37776124636137853,0.0013169108699771623,0.08595905753382,0.39884911141914103,0.003394897184391405,0.14118513918312997,0.4745021511612875,0.002304380726541648,0.10767058406278501,0.3967599424405195,0.0008617654030964137,0.063694382439595,0.004355263471882393,kognition,0.09312057519069418,0,,,,,,,,,,,,,,,,,,,-1.0,,0.0,-0.40786364889337673,niedrig
1,2026-01-19,2,9,0.1855591238644682,3.3309207809380252,0.40723160350644516,1.00000000,2.0000,0.4828728557956875,0.011192380243704607,0.266382653339855,0.10509006126786882,0.008306742382962149,0.229003063194559,0.20341076667807984,0.008310810120619367,0.23536280393595949,0.3638356422583273,0.0031286205554655936,0.15540298200588498,0.3789632255284495,0.003027809112077836,0.13801796578729497,0.4690413648651275,0.0008242425158732762,0.08146032115697,0.4119020369443548,0.00222834800667086,0.122077074465195,0.005288421848196241,kognition,0.08048619814200349,0,,,,,,,,,,,,,,,,,,,-1.0,,0.0,-0.56118536364012,niedrig
1,2026-01-20,1,1,0.0,1.7229179248308,0.0,1.00000000,1.0000,0.80142126806034,0.0,0.0,0.039137726266037,0.0,0.0,0.19415880276327,0.0,0.0,0.085637230104267,0.0,0.0,0.52579057890913,0.0,0.0,0.14793460676579,0.0,0.0,0.11317607852982,0.0,0.0,0.0,kognition,0.630244219996003,0,,,,,,,,,,,,,,,,,,,-1.0,,0.0,0.19725504946186131,latent
1,2026-01-26,1,4,0.18344434276367522,3.853262853570925,0.5960102243920057,1.00000000,2.0000,0.49872055658006503,0.0045910425107680685,0.16961423119009994,0.14042580793811948,0.010609397375829574,0.254057064440094,0.12174257648937074,0.012890261971572827,0.29679684999961,0.36429071332673246,0.0027926875865952206,0.11442982430094001,0.4255368391926,0.0017987287451397536,0.10946387680464997,0.4259144781608125,0.0003254126832100992,0.04157676695293,0.43345996064810255,0.0006442960188812206,0.06940660512482999,0.004807403841713823,kognition,0.6121145776175744,0,,,,,,,,,,,,,,,,,,,-1.0,,0.0,0.7598133901219539,hoch
1,2026-01-27,1,4,0.2259870106150763,3.40030459212905,0.5298451023206631,1.00000000,3.0000,0.46070522279004755,0.006689714410287297,0.21398840436193006,0.13916164325859326,0.010529403370544418,0.275835905581697,0.137798744810854,0.016542358400657743,0.357550296045124,0.337111979082345,0.004841875590718175,0.17223087562516004,0.45403423918076746,0.003237565509710323,0.1607772194534,0.44943294338413,0.007045347009073504,0.22395357712148,0.4201649070126125,0.0021838646757471546,0.12510943089721005,0.007295732709534089,kognition,0.06312864892831783,0,,,,,,,,,,,,,,,,,,,-1.0,,0.0,-0.466055528961334,niedrig
2,2025-09-01,4,18,0.1990264825165446,3.8723273763512864,0.4246592528423188,1.00000000,2.7500,0.48201805629078354,0.004510141759886233,0.17187245372529253,0.10311374815842012,0.012107281481007141,0.26777352223314327,0.16321895852627674,0.008289332436391315,0.226329880373983,0.3786881397917575,0.0036069540006818165,0.15927204490136,0.4017338790742577,0.004495249612324679,0.18669157890646,0.47521808508874974,0.001960481943041534,0.10242763604933748,0.39472522187051723,0.004830412816097846,0.174211424563755,0.005685693435632938,kognition,0.0,0,,,,,,,,,,,,,,,,,,,-1.0,,0.0,-0.7159567213118212,niedrig
2,2025-09-02,4,14,0.18294786437032337,3.6542873674960914,0.5077508903790203,1.00000000,1.7500,0.5306023587735562,0.009603106213784554,0.19837338390402004,0.10203000831133027,0.009862975656750783,0.21388514793823118,0.18989066422803377,0.0057151035223013055,0.15171435493316748,0.3318933987504008,0.005176568225471947,0.1520206621771675,0.4232620248465262,0.0027794504875994336,0.11947338975160751,0.4502592015466988,0.001926552468212902,0.1027245158779625,0.36563981876656537,0.0042110001354081035,0.15658043212119999,0.005610679529932718,kognition,0.08482396015124247,0,,,,,,,,,,,,,,,,,,,-1.0,,0.0,-0.48730277693336005,niedrig
2,2025-09-08,3,13,0.24466802747051872,3.7059663115302004,0.532261484747982,1.00000000,2.6667,0.500083466604522,0.008083661018525574,0.23475720546928,0.1481903401870693,0.01374510451967085,0.2856726790554934,0.1953351072527765,0.013509562689934189,0.306689898683188,0.37467010444889937,0.004220001709273287,0.1600481317236267,0.4095447648769332,0.002871277526736967,0.1315326456723967,0.4494554503240918,0.004786950543927145,0.17958021032380667,0.3349192157047998,0.012745541928887763,0.28385734750240904,0.008566014276707968,kognition,0.0778089469016831,0,,,,,,,,,,,,,,,,,,,-1.0,,0.0,-0.40275001752271017,niedrig
2,2025-09-09,4,16,0.3179692825362655,3.494942092308251,0.531032427646656,0.90000000,2.7500,0.4563667892327808,0.020750631653618477,0.29988581455622004,0.11469991322874977,0.013461021760978175,0.2565330563041767,0.1516865809297659,0.017937951325323324,0.26618854228252775,0.33138776460952624,0.028283247241384323,0.3169005083668725,0.39016343594230557,0.01973453235633625,0.27248040968576753,0.4001216476566364,0.04257875183989561,0.32257544060498744,0.33621331953308226,0.03984805802957731,0.33703563815965,0.026084884886730497,kognition,0.09809406746607574,0,,,,,,,,,,,,,,,,,,,-0.9,,0.0,-0.056332479434744724,niedrig
2,2025-09-15,4,19,0.3486991636796375,3.1989678189098516,0.9991578859335091,1.00000000,3.2500,0.441577309675212,0.021142737964366515,0.35606299571895783,0.1443388227622312,0.026395406773697755,0.4009913889209362,0.1821876515038162,0.017277016641635418,0.363051973001744,0.39948579673882023,0.007510432690794993,0.212363263122475,0.37896431935221603,0.016629772860212378,0.30792897454686075,0.4146942353980674,0.04193435327970229,0.385554425873775,0.34269987996140727,0.008882030289473066,0.24269838619670228,0.01996739292855463,kognition,0.0839327524988525,0,,,,,,,,,,,,,,,,,,,-1.0,,0.0,0.10048895693754598,niedrig
2,2025-09-16,4,17,0.1924446900974703,3.4403483037027507,0.9611697683147764,1.00000000,2.2500,0.5087265809101521,0.008279384505360424,0.24860969453492998,0.13892281448762248,0.009003645921374707,0.22713173714027576,0.16384696072166083,0.006242373084324775,0.21210034399691924,0.35483656127637064,0.0070377949048547415,0.22071613029808002,0.4237324039868171,0.001992069219328772,0.11803512743089252,0.4359448402734454,0.0018805246563258562,0.10844549886296752,0.39147713770703,0.003035845862811119,0.14228319283394503,0.005353091164911485,kognition,0.10818171481985873,0,,,,,,,,,,,,,,,,,,,-1.0,,0.0,-0.13651955977963393,niedrig
2,2025-09-22,4,16,0.17800446286628088,3.865451578842939,0.42706509799097514,1.00000000,2.5000,0.47862972741361487,0.003466198492516619,0.14375967142235502,0.17895816051989333,0.006985101453236786,0.21090954792489602,0.21244022131682577,0.011296681770512683,0.2617680842449067,0.3919400053173602,0.0017727956966005736,0.09203938417324,0.40264991427586877,0.0015797313631417441,0.0874524898623825,0.4444636427112728,0.0012778259358590233,0.08824451453245,0.3657531235860618,0.007471159964914063,0.1730005397111125,0.00483564209668307,kognition,0.08617068136652332,0,,,,,,,,,,,,,,,,,,,-1.0,,0.0,-0.5466583657066918,niedrig
2,2025-09-23,2,10,0.1478119152452009,3.95002696095787,0.4606151174164288,1.00000000,3.0000,0.48087164653775605,0.006316123226783956,0.21212680850702506,0.13675720878363162,0.004505244479822707,0.19317706305786003,0.2163522093973396,0.0028020037863803007,0.142096763580767,0.381107270095858,0.0033961281361205133,0.17150805361965502,0.423508225024342,0.0005758120732766803,0.06664150076846004,0.442542944005464,0.0003515112113226885,0.05093611536363998,0.385195427531698,0.004185624748825522,0.17197193239969,0.003161778237504624,kognition,0.05230066658695284,0,,,,,,,,,,,,,,,,,,,-1.0,,0.0,-0.6452023837753381,niedrig
2,2025-09-29,4,18,0.3702958459290562,3.6677509097704126,0.611315456070636,0.90000000,2.2500,0.4826240375451609,0.05488565967769146,0.4915534676006075,0.12255757127433153,0.012948619738955664,0.29225840121895774,0.16152012658576131,0.010609636842763129,0.253600246258816,0.2917805222126081,0.022462588248766395,0.3640167131262675,0.3807714431951443,0.03390755960503494,0.33304280642414,0.3954816345687882,0.033567588874981694,0.38022216618302246,0.3047366041576255,0.03677817298270128,0.4051742011074575,0.029308546567270655,kognition,0.1473273477608384,0,,,,,,,,,,,,,,,,,,,-0.9,,0.0,0.18393226165670645,latent
2,2025-09-30,5,18,0.32487442922700627,3.6402920270717916,0.4297709076922803,0.86666000,2.6000,0.39707269982773624,0.032502269324801034,0.322265575562846,0.08132634007224425,0.010098330358035104,0.20254260376241467,0.11721967846660686,0.020167008739665183,0.2610145639941278,0.34956036791525863,0.032763916151053854,0.270005350675574,0.34577135501239065,0.018452479224605394,0.21445618752361,0.4032695256255325,0.050154432341843455,0.297156739173674,0.3647479203199159,0.03766711319115703,0.287912565565336,0.028829364190165862,performanz,0.1385896878274262,1,,,,,,,,,,,,,,,,,,,-0.86666,,0.0,0.13029258046388997,latent
2,2025-10-07,3,14,0.36671021318190333,3.80474404241008,0.656819216177665,0.86666667,2.6667,0.41196148124981,0.028448244843910658,0.3565385505982834,0.09053143195878215,0.007511943979284903,0.219293400579767,0.13319414077601147,0.017683437853165025,0.3692822520134717,0.33457674764399314,0.025769607029054887,0.30489303228182324,0.3823078395182244,0.019155454972717038,0.3048235943877433,0.3822301022250727,0.0992868565861146,0.5609330357030267,0.402318173200584,0.009404798614792901,0.23156355108666768,0.02960862055414857,kognition,0.0630491696215593,1,,,,,,,,,,,,,,,,,,,-0.86666667,,0.0,0.15253396920938125,latent
2,2025-10-20,4,18,0.204982920902631,3.6909624328631336,0.6471366919515997,1.00000000,3.0000,0.4902388523112799,0.009950878418669862,0.25618781830316,0.14496819878305922,0.011079672935275247,0.260269124230468,0.16652060099669502,0.009123068550668023,0.2539944310703375,0.36439025180657325,0.004880435027173913,0.1777829996348675,0.42335093698834314,0.0016494237432115686,0.10545179720043749,0.4352737947981099,0.0021364486417569527,0.11750867016675251,0.39978204844984794,0.004033397474862641,0.16610824777807004,0.006121903541659744,kognition,0.12487917153931069,0,,,,,,,,,,,,,,,,,,,-1.0,,0.0,-0.2810513397318574,niedrig
2,2025-10-21,3,14,0.20365603890423747,3.604641055073453,0.7548623863162548,1.00000000,2.3333,0.5109856537876164,0.009191770528290214,0.23296266280878997,0.13916163869331924,0.009232624293277146,0.22187801982534103,0.216339876575251,0.005079382350055557,0.19702253852403998,0.35024084610114964,0.007139981223038143,0.20955137171858,0.4300999248112441,0.0027658992193832833,0.13624398210134667,0.4351603630859517,0.0016484826683670507,0.11274214608173666,0.35954085361036703,0.008193022073222452,0.1962871253533133,0.006178737479376264,kognition,0.06936301087798245,0,,,,,,,,,,,,,,,,,,,-1.0,,0.0,-0.3390018517988014,niedrig
2,2025-10-27,4,17,0.4132803667960402,3.1084953059351075,0.6518219446342278,0.75000000,2.2500,0.418982317429057,0.038084043288680355,0.37280768889243254,0.07707803375637888,0.012748751156946882,0.2870727380314637,0.11753883379309352,0.01813076731452518,0.33879206214970803,0.26570072205419504,0.03853944000178104,0.3116811775220475,0.336107187924897,0.022715477404087126,0.29627635831163,0.3204051484033309,0.09922462364281899,0.445461210976415,0.27995777157906215,0.04696522123008999,0.43552939251592504,0.039486903434132796,kognition,0.239926087288628,0,,,,,,,,,,,,,,,,,,,-0.75,,0.0,0.6837612687961997,hoch
2,2025-10-28,2,8,0.6004034248165997,2.8682360132734765,0.711361985743036,0.66665000,2.5000,0.28993417613206335,0.05720223965900425,0.562087451052145,0.15509636946840366,0.014282115252793774,0.2760615794114567,0.08330054713208768,0.011123356042470757,0.2602806223929305,0.2906896690656557,0.06410376158622023,0.56405542324809,0.25378421410738367,0.030681160246144396,0.416750270416745,0.237780090062444,0.2318921273475987,0.86878773306639,0.3876467547110748,0.028272973647540355,0.4105641332954365,0.06250824768311035,regulation,0.22301991076517516,1,,,,,,,,,,,,,,,,,,,-0.66665,,0.0,1.2254073951016062,hoch
2,2025-11-03,4,16,0.18077242426512838,3.65001407741188,0.7057790665657109,1.00000000,3.0000,0.4829653853243014,0.003834845987684751,0.15402454227667747,0.12142215711500767,0.010101521194544414,0.22957442809356624,0.13486733967440326,0.008695752905052525,0.21914021767041947,0.37233952221720973,0.003555080042966876,0.14014223121209501,0.42345214190656044,0.00310617029481078,0.14818451842414,0.434514320879183,0.001783359215626649,0.10495259495492,0.4321278660652758,0.004066857347450039,0.14703019446438248,0.005020512426876576,kognition,0.34233166005883414,1,,,,,,,,,,,,,,,,,,,-1.0,,0.0,0.3169123612085585,latent
2,2025-11-04,3,12,0.44564636959243115,3.7728665308954246,0.6308167527393554,0.83333333,2.6667,0.44597293389758996,0.038553565873199434,0.40047168914638337,0.10090993326010382,0.010768612360342827,0.23836219049073068,0.15507021652210065,0.02637681211544514,0.3895584277161686,0.3055624001591233,0.03548779418669499,0.34875721784214336,0.37946233802037915,0.032537655257144284,0.3085557974244833,0.34584406248408256,0.07125617397918325,0.4383438526052199,0.2792003340189532,0.06459673239551728,0.5333130741621871,0.03993962088107532,kognition,0.1996018053046933,0,,,,,,,,,,,,,,,,,,,-0.83333333,,0.0,0.5349285668568982,hoch
2,2025-11-10,4,17,0.36869604215550933,3.5184785699805574,0.6571896868585121,0.87500000,2.5000,0.4249281443565046,0.034241735713401826,0.4070677447942125,0.15296490608606989,0.011298630399086202,0.261178252484932,0.18398216319020747,0.01690856540234445,0.30829883647730627,0.3461432486698978,0.025112586767687375,0.315262528981165,0.3642367037678651,0.019191793911964822,0.2852703059045657,0.3739382982603323,0.08309665419182409,0.42481396832076,0.34612109637858823,0.01144102379514354,0.23338501749436324,0.028755855740207472,kognition,0.105521579526522,0,,,,,,,,,,,,,,,,,,,-0.875,,0.0,0.1367709671905344,latent
2,2025-11-11,2,10,0.14717203350410898,3.85600230979979,0.5561439457190562,1.00000000,3.0000,0.453215385556489,0.0012657662918181493,0.09702862173287999,0.1566796586960409,0.006900561969509108,0.21430482735294898,0.2098897902771698,0.0071512574986962955,0.226579732127676,0.40030037809152597,0.0009362303000566856,0.08799450698022501,0.385589337317633,0.0012740640329134585,0.10375904381197998,0.45131900631572297,0.002616560108706011,0.147197066803895,0.436212669753824,0.0015846887777740389,0.111561582028645,0.0031041612827819635,kognition,0.1377619967263005,0,,,,,,,,,,,,,,,,,,,-1.0,,0.0,-0.3913084887241957,niedrig
2,2025-11-17,3,12,0.18746022828092582,3.9109258052511415,0.6012633712956769,1.00000000,2.3333,0.49453291589863085,0.007252831885224534,0.22371912399369334,0.16220607231568326,0.003301321513091478,0.13483869708472365,0.2183689783628299,0.007749262410150771,0.21220046177254034,0.36597597486297495,0.0020911954812319333,0.11308866734575,0.4154516795810767,0.001385347233120398,0.09784522021336335,0.4384055023241,0.0026151111971669527,0.13338506091500332,0.36067449153084147,0.012935735316751623,0.275329863862544,0.005332972148105385,kognition,0.09875360899078643,0,,,,,,,,,,,,,,,,,,,-1.0,,0.0,-0.39335930949716524,niedrig
2,2025-11-18,2,9,0.2228584862500142,3.460528802960365,0.37300636786297775,1.00000000,3.0000,0.4941082737091882,0.009005485796716763,0.24548288905561502,0.10814582519798883,0.009851796813530642,0.25926446947869974,0.14761153099962687,0.009745400655731918,0.25552290311106146,0.35211383654425876,0.0050897517167639164,0.18904552539464003,0.42320843900826954,0.005988635113413979,0.19939275637448,0.4550248455242358,0.004733190779637438,0.14296997905007,0.39946664717457797,0.006847769200247066,0.22739555587310498,0.007323147153720246,kognition,0.09981316095707034,0,,,,,,,,,,,,,,,,,,,-1.0,,0.0,-0.48614751740472206,niedrig
2,2025-11-24,4,17,0.18921955583239322,3.476880929207592,0.8093199441687149,1.00000000,2.7500,0.48998097482119246,0.007281883808032629,0.2198979595387125,0.07348893159080568,0.007049805448870263,0.18555343970479105,0.16891589636786256,0.0037943632117496138,0.16026511735772725,0.3492667209486862,0.0037988255129621047,0.150900907962565,0.4113490695903681,0.005165449675756898,0.16699010425518251,0.47850659976733617,0.004109103400077191,0.1534784955385225,0.39862858924239486,0.006117620387228795,0.19764305231506002,0.005331007349239642,kognition,0.048711976843376116,0,,,,,,,,,,,,,,,,,,,-1.0,,0.0,-0.3720070164868725,niedrig
2,2025-11-25,3,11,0.4006195843141072,3.5738556209155696,0.5287450253139451,0.83333333,2.0000,0.42792882394615,0.0390138861987171,0.3975023821099166,0.12801384198255597,0.012323610831514495,0.265826270578794,0.18524089244340788,0.026092264073047433,0.34231889981042135,0.30868948869122365,0.038275875875563234,0.3654744127193233,0.3444271886798603,0.024328597788739817,0.2583619053800667,0.3788973767072917,0.07712020875773365,0.47901206955120995,0.28681869060106663,0.04914033230318555,0.38193087586392,0.03804211083264304,kognition,0.18878146480361901,0,,,,,,,,,,,,,,,,,,,-0.83333333,,0.0,0.3851569709822159,latent
2,2025-12-01,3,12,0.2128655516908151,3.5716990966888,0.539257818172571,1.00000000,2.3333,0.44765249629650167,0.007581403537092511,0.21253341265839332,0.13322340158559265,0.0102606793943889,0.22435232816054432,0.19785411600400282,0.0081888046610864,0.22904266195389067,0.4094717549369125,0.0028078592121454347,0.10375971991756,0.36468144534592,0.0046100273678153425,0.17047271180731668,0.487730306669305,0.005421099767043108,0.17815484660698666,0.38786218189053995,0.007047252746999366,0.20690911664068,0.00655958952665301,performanz,0.1822003020020139,1,,,,,,,,,,,,,,,,,,,-1.0,,0.0,-0.10875481579762303,niedrig
2,2025-12-02,3,11,0.354364784550476,3.239267656516567,1.0806114128723314,1.00000000,3.3333,0.38556517974309673,0.04482137763650553,0.5126729235709834,0.1670085925511311,0.014504888109995208,0.30135180402856365,0.2047567141486386,0.026158331860144105,0.34575618376000666,0.41313927617312496,0.010534566974392286,0.2531239228438833,0.3129982452981262,0.02472058769140313,0.35902374533231834,0.45729663458010195,0.0017982935919569135,0.10199892342016335,0.3986419911592091,0.010325389137485298,0.21122149485180333,0.018980490714554637,performanz,0.0936532777345636,0,,,,,,,,,,,,,,,,,,,-1.0,,0.0,0.17306727151430054,latent
2,2025-12-08,4,19,0.19220663032841734,3.579401512984385,0.4966482680225505,1.00000000,2.5000,0.48485890499280493,0.007033271410694699,0.22152908318712,0.14113861073460265,0.004305070242045861,0.16573342334941624,0.19716872617624484,0.008376908823557657,0.23034790144376377,0.3637883039018609,0.003091195477221843,0.15278535348091,0.3965223369434696,0.002805708720270998,0.1411769162521975,0.4596490958903343,0.005290446101279728,0.189457169140755,0.39078998274230925,0.0063540059653200255,0.20489348107871252,0.005322372391484402,kognition,0.14165118373778335,1,,,,,,,,,,,,,,,,,,,-1.0,,0.0,-0.25822020666314127,niedrig
2,2025-12-09,2,9,0.21626022676331402,3.4439626030662254,0.5068469740299553,1.00000000,3.0000,0.5017574693177496,0.007438405070569378,0.20266300567856002,0.10026294275445657,0.007808259575971323,0.2161959299703265,0.18204724110088796,0.00939970859005491,0.23196091495307897,0.34565064674961554,0.0030741474196634994,0.145451198909115,0.407420457511026,0.002247220065049077,0.12395894822683498,0.4677746914359098,0.007996053073575118,0.23024006241663503,0.38184852284447174,0.010118883189031796,0.26419582823095,0.006868953854845016,kognition,0.052713941864595715,0,,,,,,,,,,,,,,,,,,,-1.0,,0.0,-0.5174645548283249,niedrig
2,2025-12-15,2,10,0.32122786143218973,3.3328182466806,0.7126160057090938,1.00000000,3.0000,0.486502068264408,0.016571293294181513,0.327904396802595,0.19150995657628278,0.03726921214924811,0.48126590158458105,0.1439787775557138,0.011155757815900339,0.274440217236406,0.36096681296840305,0.009885005889588046,0.298174692161075,0.383883386444047,0.009443581576591698,0.27637920578540504,0.442894281875382,0.004716943286228318,0.20551591229614502,0.35407114145158897,0.014178139776004538,0.33179413147775,0.014745704826820364,kognition,0.11039542141043672,0,,,,,,,,,,,,,,,,,,,-1.0,,0.0,-0.08958260834863922,niedrig
2,2025-12-16,2,8,0.24090903487081888,3.2086044937012965,0.7298610719722487,1.00000000,1.5000,0.430751890871902,0.007795104316957542,0.19587374825018,0.13577346451836642,0.012635939413162454,0.27000383476553447,0.237550181890901,0.009009596526528,0.239918915874845,0.39547464746611066,0.003439630441844762,0.14628143416390998,0.34878326961569367,0.007554286038709529,0.22033151077952,0.515029699675867,0.01588417016326697,0.311554017226725,0.3482148166266756,0.009499801277482204,0.22706160205731202,0.009402646882564494,performanz,0.1504356022365311,1,,,,,,,,,,,,,,,,,,,-1.0,,0.0,-0.009196904892947,niedrig
2,2025-12-23,2,7,0.2710379519675137,3.55816156983595,1.2245626168340962,1.00000000,3.0000,0.5314006304236083,0.017104627017873974,0.28888911419242,0.08890563837312362,0.004969680835249758,0.15580450286707348,0.1413733308772895,0.004440594993101124,0.173531615660001,0.3170646776147983,0.016026665240967332,0.250460640477434,0.4509856998327821,0.002463197380455384,0.11977099808607,0.3968268877975555,0.012019601129791477,0.244803602158785,0.37045118538725597,0.023765885848672837,0.3455841014805745,0.011541464635158842,kognition,0.22942661030878891,1,,,,,,,,,,,,,,,,,,,-1.0,,0.0,0.5330173202140562,hoch
2,2026-01-05,1,3,0.1637032762907485,3.4917799039022666,0.7339665092207832,1.00000000,2.0000,0.4135055441106333,0.006729852128487707,0.19340250618457,0.157011592097685,0.007752061624178782,0.21565501113123503,0.076294481634953,0.0019765968500844873,0.101528574699838,0.38260478607264997,0.00012888007062294702,0.027003809628349973,0.38153039801895,0.002638016003369373,0.11506429605133,0.46559138316039667,0.000483443367219844,0.05333062854709003,0.51284276475373,0.007089912624361994,0.20438190335086004,0.0038283946669035907,regulation,0.23852964468150545,1,,,,,,,,,,,,,,,,,,,-1.0,,0.0,0.07323821632279806,niedrig
2,2026-01-06,3,15,0.37914362147041575,3.9921836835513687,0.5977506089456349,0.88890000,3.3333,0.421019440223065,0.04876571245758816,0.49726972806868663,0.1081573922912213,0.012137672296222349,0.2883053092013811,0.14461302719673338,0.011834252868547257,0.285224070977999,0.32135854179213874,0.03923871664894389,0.41049163424841667,0.36841057047211473,0.031920317951429064,0.3593653729421,0.40157727991190423,0.03629542760698891,0.3698623453275934,0.3865625446990974,0.03160195936954104,0.4239012687722934,0.030256294171322952,kognition,0.17629051831076226,1,,,,,,,,,,,,,,,,,,,-0.8889,,0.0,0.3676953421260126,latent
2,2026-01-12,1,4,0.2513095612193324,3.527371879995,0.8387832248909035,1.00000000,2.0000,0.49705915681324503,0.0029930724110107353,0.13098938478652,0.20003559639770624,0.014152226898258827,0.334825835621125,0.2452051107545825,0.01189129138189191,0.26657514167946994,0.40509513077474,0.00017928691822417084,0.03649019996420999,0.37112636830022,0.0016397683261504706,0.09688634344309,0.45223554043807,0.014410179998139917,0.29414114434473004,0.28857577356281394,0.017890669626577343,0.328169740515454,0.009022356508607625,kognition,0.20863669076409508,0,,,,,,,,,,,,,,,,,,,-1.0,,0.0,0.10025916715096356,niedrig
2,2026-01-13,2,8,0.15976095843251376,3.5335499792964997,0.31216623744726396,1.00000000,3.0000,0.482630382356515,0.002062616723409242,0.09919765798902003,0.095055256314068,0.0050072605018503455,0.17003238395922549,0.16471229865520925,0.007132354464608734,0.212737919997678,0.37382871480529245,0.004317268406364984,0.15140347974367996,0.39538735940576375,0.0019733361381058883,0.11216910765832999,0.4531781887385288,0.0019355277469006332,0.10819094057616,0.4450005256279787,0.0031912251184225463,0.13606936498485497,0.0036599412999517677,kognition,0.20915049662271654,0,,,,,,,,,,,,,,,,,,,-1.0,,0.0,-0.36849591696238293,niedrig
2,2026-01-19,1,4,0.2336747064695989,3.1849270825221003,0.7874204590576215,1.00000000,2.0000,0.38566481447056,0.01215847626255333,0.28175021053753,0.14807106050994673,0.016296257362810457,0.310828142939462,0.23983505772771502,0.014371327657643351,0.31270154122682997,0.41934734019146,0.0018334843719134634,0.10509581028645998,0.31138604936861003,0.0041634165638641816,0.16309666719970004,0.5287453581833326,0.005266877015721316,0.19695841140255,0.4059816384428175,0.0005140292091471183,0.06303523817697998,0.007800552634807602,performanz,0.18497962531240988,1,,,,,,,,,,,,,,,,,,,-1.0,,0.0,0.0867046051930569,niedrig
2,2026-01-20,2,6,0.14114088217138043,3.2197578218382663,0.495118660824009,1.00000000,1.5000,0.5197116569247316,0.0015866104139154822,0.093169146912745,0.003561866674029166,0.0032849986429077604,0.107526327260724,0.11289131902017333,0.0006202527960084301,0.058925106920324995,0.3279862181034867,0.0012673336027974919,0.074535070888575,0.42541809434877165,0.003935497127223634,0.1502207036009,0.4832850323631233,0.0060563536176933335,0.164761812924245,0.3963903511908683,0.0031870102259638298,0.12789590214698002,0.002848293775215709,kognition,0.28013384622078263,1,,,,,,,,,,,,,,,,,,,-1.0,,0.0,-0.015424219517362586,niedrig
2,2026-01-27,2,7,0.18820193863746526,3.589918412577788,0.37691676577470296,1.00000000,2.0000,0.48883536187506504,0.0027206136797904624,0.09294755357631002,0.1515179980387167,0.005454693073380312,0.183393850779768,0.2096520943781482,0.009509959665378757,0.24979808977420398,0.3792234696835287,0.0030714802565988677,0.10610949566431001,0.38008254636459,0.0008960407490864013,0.07367014417077503,0.45143555686196,0.0026816463125146997,0.12170582926939999,0.39792312992302625,0.013667387039939907,0.26268989418757,0.005428831539527059,kognition,0.19469030898614018,0,,,,,,,,,,,,,,,,,,,-1.0,,0.0,-0.31777869262022207,niedrig
3,2025-09-03,3,15,0.37467695198729234,3.4112548538361467,1.0072193386494643,0.86666667,2.6667,0.4601658727678873,0.029998907578793674,0.3224058688713,0.06904441113836295,0.0065844866595380185,0.2154639661961412,0.12387311458139554,0.013422712359068605,0.2879692133856056,0.29588546887535533,0.02972339158508548,0.35570357251331,0.38651253738376196,0.02947821930398115,0.3806305015397733,0.381538812239466,0.06283303296329824,0.49782194292784326,0.35287415423715335,0.05147387884585419,0.4218165465542299,0.03193066132794562,kognition,0.0,0,,,,,,,,,,,,,,,,,,,-0.86666667,,0.0,0.15904256890215063,latent
3,2025-09-10,2,10,0.2544795713539798,3.40971132745823,0.7150086577358836,1.00000000,3.0000,0.482013573412719,0.015031708593088838,0.32114279950720004,0.1520565467588741,0.01641788515784432,0.3243439552755365,0.19295610268453656,0.01002795432120102,0.25999225799052716,0.38638796131437303,0.01041951873101948,0.258649687097695,0.402913189815621,0.006518543540967486,0.20063495771904497,0.44085733800058596,0.003526860643251358,0.16774284670251996,0.361793799555829,0.003977243660585142,0.164072369160845,0.009417102092565379,kognition,0.15555939713804423,0,,,,,,,,,,,,,,,,,,,-1.0,,0.0,-0.09315960981263496,niedrig
3,2025-09-17,2,7,0.18791543216755452,3.7927614335859623,0.5869011342101049,1.00000000,1.5000,0.5030294028567979,0.003954228992357317,0.14290131522976002,0.15895523546467477,0.013331160363089786,0.24475192887605499,0.2239269689330557,0.008765592604234484,0.2099716049012455,0.3659924035091221,0.0036358680708198123,0.15594394828195499,0.41742773794922294,0.0019910079567832142,0.10414228522757499,0.45106623520845124,0.001226310272624682,0.08333418995916003,0.34353828770181916,0.003176721895640015,0.135308779011785,0.005154412879364187,kognition,0.05012571924898883,0,,,,,,,,,,,,,,,,,,,-1.0,,0.0,-0.5137216310648595,niedrig
3,2025-09-24,4,17,0.1480123135715976,3.2960729113207643,0.5265069326556343,1.00000000,2.7500,0.5237770674361393,0.004907020474779179,0.18233235341906,0.05333173710410931,0.0011130858001481623,0.08273107611308342,0.1500958759750985,0.0033588450225003254,0.15311787761268097,0.3174100038026472,0.00353520052884395,0.1502636704880075,0.46449337551529873,0.0023212476912839817,0.12490856817113001,0.45376217905636906,0.002924007681036691,0.14161686269524248,0.3851693866795626,0.0044765167772387645,0.1495615223872725,0.0032337034251187224,kognition,0.1528190419903699,0,,,,,,,,,,,,,,,,,,,-1.0,,0.0,-0.3742924453908065,niedrig
3,2025-10-01,4,16,0.2272013854121652,3.6228695541294695,0.7657541494704025,1.00000000,2.5000,0.4557906612983704,0.009653072810482327,0.24058609856316496,0.15481198638443142,0.01089374394791031,0.26308303751716566,0.20137398498894699,0.010801477791079199,0.2583137652689315,0.39270008037205145,0.007688298445072148,0.219643565442445,0.3840253077701952,0.006375844853081739,0.2030927348998475,0.45979167136962185,0.002076378628204304,0.11072885149882497,0.38529846450256744,0.007912152753199935,0.21551202420923998,0.007914424175575708,performanz,0.17242364650087696,1,,,,,,,,,,,,,,,,,,,-1.0,,0.0,0.03862291154302676,niedrig
3,2025-10-07,1,3,0.228682961714701,3.4444416379738665,0.7550483580823204,1.00000000,2.0000,0.44728125898023335,0.00363291822734813,0.14692961148917005,0.22464321804517098,0.01600426527162228,0.281842392926797,0.2025044524651287,0.02323180410924688,0.34135207642076404,0.4235751159611167,0.0021151968922833993,0.11117291147410996,0.35802556541141,0.00020452362490497693,0.034918219483900004,0.4285040841107033,0.0040600060014728805,0.14043899209633004,0.40614144859463996,0.0030471828517288544,0.13360886513226,0.007470842425515344,kognition,0.08940182507912568,1,,,,,,,,,,,,,,,,,,,-1.0,,0.0,-0.15834843870701573,niedrig
3,2025-10-15,1,4,0.8644537142159755,3.6022412642775246,0.8033910328389469,0.50000000,3.0000,0.2789074454239875,0.08823488615391764,0.776451585975,0.0141052499907219,0.0161768509161848,0.35962982191537995,-0.0006360180888077549,0.03812778833936761,0.51774396303533,0.1818735226324075,0.10463733914907604,0.7813032612998,0.20918899849272998,0.07728579091531905,0.71655367847663,0.23255868404732996,0.22883756702954694,1.2071003799374,0.20929313324479748,0.1939800015183834,1.0878252104006298,0.10675431771739936,kognition,0.5212080878043684,0,,,,,,,,,,,,,,,,,,,-0.5,,0.0,2.618981917142147,hoch
3,2025-10-21,1,5,0.29780919515116744,2.97897041264038,0.9728156572522922,1.00000000,3.0000,0.5040258980271879,0.007257113243220708,0.24611931045219004,0.20419159310600996,0.031259848072504745,0.487437991676557,0.265236519882784,0.013853391183211347,0.36384983968121,0.40777702363464596,0.005940055198656255,0.23841010003945,0.3514004152077,0.007596247400348086,0.25779455208963,0.398827336872284,0.009023416442322551,0.27999519757428004,0.3104632979620222,0.013760245176322447,0.324799196968459,0.012670045245226592,kognition,0.5163685582402753,0,,,,,,,,,,,,,,,,,,,-1.0,,0.0,0.9585221616724076,hoch
3,2025-10-22,3,14,0.44732963270050385,3.561672111756287,0.7152821921937084,0.83333333,3.0000,0.4658818471675077,0.03658307755696721,0.4435536403537867,0.05353099196402897,0.010996488272281555,0.278119167991505,0.14942340834906778,0.023659594592962813,0.39626896432659625,0.29721518751678616,0.04301526225194121,0.43929445605579337,0.3414570173099998,0.023678432935912524,0.29140424541396004,0.376049430309595,0.07442442860398286,0.48908287187352667,0.2742398318986852,0.0725846122793015,0.571853036502927,0.04070598521333567,kognition,0.22742037165587156,0,,,,,,,,,,,,,,,,,,,-0.83333333,,0.0,0.6594800807031996,hoch
3,2025-10-29,4,16,0.39131529893683686,2.940599893230793,0.7454848589526277,0.90000000,3.2500,0.41374269484409376,0.02599497675475654,0.38498652975015996,0.13552369502005485,0.020810638818266947,0.3168584463927929,0.1312419226721193,0.013842631799973635,0.28346273849215853,0.34912260610160334,0.02877280926420862,0.3362073569373125,0.34573283737354543,0.02639928471673239,0.3644584533158875,0.38833893139414083,0.04826733510281391,0.4116801327972075,0.37212313382453105,0.05233170442431661,0.46873776962768243,0.030917054411581237,kognition,0.14905266302561476,0,,,,,,,,,,,,,,,,,,,-0.9,,0.0,0.3070279623349754,latent
3,2025-11-04,1,5,0.19128007171886255,3.8717199135351805,0.3173460238406882,1.00000000,4.0000,0.45712899974594395,0.006115138590921771,0.19433745335846003,0.1203981585020498,0.009937741028024381,0.21929283876704297,0.1723931070341196,0.006283633843010112,0.22058498359342202,0.393823727170904,0.004549234437413176,0.17571993817096,0.42136015493479595,0.004604681689879371,0.18064983342153007,0.43110580912636803,0.0012925050988180664,0.09202066581148999,0.43787097036957395,0.003805131148706336,0.15615791897962,0.005226866548110457,kognition,0.13294374189885214,0,,,,,,,,,,,,,,,,,,,-1.0,,0.0,-0.49432510500167615,niedrig
3,2025-11-05,5,22,0.2568227624988092,3.369602661610885,0.7011382001188045,1.00000000,2.2000,0.4932085407671756,0.010775029800096852,0.22967714569595402,0.15311766882978625,0.01892262517454737,0.3544417067394978,0.18442993393722673,0.015120455256041106,0.2946165420176994,0.39308384256748063,0.00898357601380059,0.21301170365037198,0.3754964240208678,0.004822457727380402,0.18229626501346,0.4273444593017966,0.0033690869006981726,0.1425767737714,0.35975685085743747,0.00864703896755425,0.21926984804436142,0.010091467120016963,kognition,0.10362035273302098,0,,,,,,,,,,,,,,,,,,,-1.0,,0.0,-0.21245184450731144,niedrig
3,2025-11-11,1,4,0.13163210205459222,3.128896989054775,0.5174968108857909,1.00000000,2.0000,0.534013895537195,0.0019603424770014213,0.10951560027974,0.057192277483135504,0.0008326988461270769,0.073414338918792,0.14569478709377598,0.0068239394957399875,0.20387392615147598,0.3071957077167825,0.002477966114157247,0.13923663948478002,0.48608713072917753,0.002178794724498447,0.1307473382159,0.444849062412585,0.0009326824543675256,0.08239406573201002,0.38007504543348,0.0021205861794188776,0.11764349436082999,0.00247528718447294,kognition,0.18081339984406625,0,,,,,,,,,,,,,,,,,,,-1.0,,0.0,-0.3388617414408496,niedrig
3,2025-11-12,3,14,0.1836785349307426,3.955626735706453,0.6163238081478768,1.00000000,3.6667,0.4897597849558686,0.008629782088994224,0.24396981384008667,0.08660049203459264,0.003260155923211542,0.11576561565605169,0.14353459097497287,0.005663152193047108,0.18326876122216332,0.3682207987876877,0.006404880072354935,0.20783163441454333,0.4303347810232098,0.0024708664572888257,0.13058688695621665,0.44640281300267154,0.00276268857428035,0.1450956558484067,0.40789537311190177,0.005065315601484026,0.16837829489274334,0.004893834415808715,kognition,0.10216020186305548,0,,,,,,,,,,,,,,,,,,,-1.0,,0.0,-0.383112465454967,niedrig
3,2025-11-26,4,16,0.2648045338163413,3.439786906472549,0.7049770835673823,1.00000000,2.5000,0.49618744551420735,0.014140338528097518,0.30713670653106745,0.15182477639558697,0.019231547504407843,0.30671150216584675,0.19739319774070885,0.01287496198664929,0.2773841449190457,0.36268424312019487,0.010188355279607639,0.25121944313069,0.3982082901022037,0.007795633605961312,0.17856807159100999,0.42455858678417063,0.0022717263482094022,0.11625664239160499,0.3705900856034019,0.008141758817306884,0.2387256694864225,0.010663474581462844,kognition,0.10063742433179056,0,,,,,,,,,,,,,,,,,,,-1.0,,0.0,-0.20438573477043878,niedrig
3,2025-12-03,4,17,0.4041577556171464,3.316674843908933,0.8984471802369856,0.90000000,3.0000,0.4641225182814769,0.03496567195523344,0.4442099595826725,0.09486778217157474,0.014280743886592742,0.31394363043253276,0.1469376129778769,0.01953063752726806,0.34447809028744825,0.3136559170636789,0.024351082819857532,0.37409362187067996,0.36542435738587487,0.03320447024517425,0.35801581055850323,0.412279676051315,0.0466574449591446,0.3889182354862975,0.30742172545702795,0.04053786126797788,0.39780985503718524,0.030503987523035497,kognition,0.12015656934123095,0,,,,,,,,,,,,,,,,,,,-0.9,,0.0,0.3493223297974574,latent
3,2025-12-09,1,3,0.36387039728147014,2.5812263598812,0.8261454357851526,1.00000000,2.0000,0.6063023177769299,0.029082333847060587,0.41768459776759,0.094128527890999,0.006231679249542016,0.16953415104053898,0.2034831880213277,0.00788377237883181,0.217472672025037,0.25925690916332467,0.02396119230052236,0.36860327559648604,0.41929683553663666,0.00616516886176402,0.18850196014367,0.33360711176553465,0.028780697194180842,0.369838844511646,0.3088750120100883,0.030296822185873252,0.381399920257215,0.018914523716824984,kognition,0.18832425312265477,0,,,,,,,,,,,,,,,,,,,-1.0,,0.0,0.23422251104619082,latent
3,2025-12-10,4,18,0.2689391519594201,3.304093235117742,0.837430589356524,1.00000000,1.7500,0.5484152647983792,0.013828824164732963,0.2798790734808125,0.09448119109059763,0.006977733636273436,0.2190040528388385,0.1756686719756531,0.0043213528168201155,0.16104010297695476,0.28635017699041515,0.015878622429457732,0.28454906774399075,0.42485661582301176,0.002126679140895792,0.11909292733905746,0.40390406178027893,0.011467441612865262,0.2424824179690575,0.3462626878579594,0.027413498638852667,0.38543773957343,0.011716307491413993,kognition,0.10596762893352446,0,,,,,,,,,,,,,,,,,,,-1.0,,0.0,-0.09552438754754486,niedrig
3,2025-12-16,1,4,0.27740584054282097,2.1675481258883,0.38744817682442356,1.00000000,3.0000,0.3741983289600275,0.011882082378818047,0.29045057920890005,0.11059639261338275,0.0169890239767257,0.318866229837139,0.13463068247802476,0.010464765804417846,0.22506059890830904,0.44272706473154,0.012280272909326177,0.29774543836750994,0.3329541798558742,0.02207055337044836,0.38098598172280296,0.493638823712465,0.002043511562972525,0.11520312843754998,0.44956656074872503,0.0012237903645603658,0.09269256714067997,0.010993428623895575,performanz,0.2896880450494696,1,,,,,,,,,,,,,,,,,,,-1.0,,0.0,0.13661842143129302,latent
3,2025-12-17,2,7,0.3328583638412558,3.389644526411709,1.1545776466357822,1.00000000,2.0000,0.415216709561147,0.05673004072577581,0.515386687750065,0.1718435084479425,0.01554346617925547,0.281104749276941,0.199309104868718,0.006695527605354929,0.19316774039676998,0.37343311885522834,0.011149900931936173,0.222785616551408,0.340934469533611,0.021152472187567363,0.34120792468322003,0.374099651795058,0.016107082822206166,0.213234523043692,0.434923667668785,0.026176381272436825,0.37230043826707754,0.021936410246361816,regulation,0.17025386623227956,1,,,,,,,,,,,,,,,,,,,-1.0,,0.0,0.4942566004443093,hoch
3,2026-01-07,2,10,0.17220997984084063,3.34353137799889,0.7422657588219411,1.00000000,3.0000,0.453993442552434,0.009025007431770512,0.25114014847613997,0.0981981540683036,0.009833708935953318,0.20545767697733902,0.11414108566296631,0.003012510297298923,0.154992756925733,0.377062546060286,0.002629560591047732,0.14767844532123,0.37701524283557597,0.0015840599766354286,0.10160552282346999,0.4937852377114911,0.002323086770827765,0.13289254769227998,0.45052716172379703,0.004257663658155605,0.13014844847572501,0.004666513951669897,performanz,0.17338964267049153,1,,,,,,,,,,,,,,,,,,,-1.0,,0.0,-0.05432812789874164,niedrig
3,2026-01-14,3,12,0.19318969926033278,3.715587430589233,0.44484984258495164,1.00000000,2.3333,0.498197141912523,0.004932230854668678,0.16566306032515335,0.1297676815758779,0.014838550106347367,0.291427486980192,0.1677495374204513,0.006220823426176594,0.19112174830906867,0.37810432376931824,0.005486573488533923,0.16354069531128,0.41272916380856634,0.003961522032852878,0.1560292774116767,0.43235115222677584,0.0010773409227331054,0.08694880404032335,0.40405340363051634,0.004517879368858814,0.16457741557483668,0.005862131457167337,kognition,0.11417090131342279,1,,,,,,,,,,,,,,,,,,,-1.0,,0.0,-0.3486769618835174,niedrig
3,2026-01-21,4,17,0.38102886891868865,3.4472298766415426,0.7417687447759939,0.87500000,2.5000,0.444998071766293,0.03186592627869653,0.42986686876371005,0.14306926208351997,0.004831027517386264,0.1537613088808465,0.193803619749127,0.008523608258229037,0.2330755893813475,0.3262551211880431,0.021742424036803834,0.3510617511783745,0.36992142615663615,0.016892767682017258,0.2736342807829175,0.34639191064080743,0.09310945590012351,0.505554581504065,0.3587292647850924,0.02267179640079779,0.3368737537387477,0.02851957229629346,kognition,0.13285329992784872,0,,,,,,,,,,,,,,,,,,,-0.875,,0.0,0.2636669305468871,latent
3,2026-01-28,3,14,0.30201453850680265,3.3009522812773464,0.7293191720098894,1.00000000,3.0000,0.45790337788075913,0.0399778365018331,0.45373553891571666,0.15897863295298212,0.019207342205754412,0.3106590045238633,0.13952446411734423,0.011536440591337266,0.266957590336595,0.33795526217485955,0.010778658610868977,0.250275164969559,0.3796841813782632,0.014691842595448363,0.27711337046528,0.3875042374602566,0.016702019436477818,0.23059851258832365,0.4433116108235026,0.011217385854359664,0.23830378706306332,0.017730217970868514,kognition,0.11154587894659673,0,,,,,,,,,,,,,,,,,,,-1.0,,0.0,-0.07363264036311434,niedrig
4,2025-09-02,1,5,0.30888087541627773,3.5787744637395997,1.1111833356996215,1.00000000,2.0000,0.514729261703918,0.03361248309911178,0.56397913710024,0.129224439671633,0.016173103696417092,0.339716555891001,0.2133204057952224,0.01618955319080335,0.330202224904528,0.3411972506871,0.014098678594784133,0.36083081159052,0.392564668176438,0.0075552093380681805,0.25043529626918,0.41565594402017203,0.0024858247214555275,0.13402919854277,0.366255653848628,0.005292542557286008,0.21162901402548,0.01362962788541801,kognition,0.0,0,,,,,,,,,,,,,,,,,,,-1.0,,0.0,-0.10591183165577178,niedrig
4,2025-09-03,4,18,0.19972211941341023,3.7074427411510036,0.6756654145078309,1.00000000,2.7500,0.4944301977606306,0.007671158052597147,0.241525613004975,0.11366212620890548,0.009476709158812512,0.236611599860447,0.17118965297120842,0.006141536386649841,0.201430459022182,0.37336867564287096,0.003404746492333824,0.15388490137059502,0.4173346778159567,0.0026733008920895034,0.1180279480683125,0.45113739208042963,0.0023266238998931846,0.13439806870649001,0.37690271413022847,0.009772906369187477,0.24333520280186322,0.005923854464509069,kognition,0.07382469059280553,0,,,,,,,,,,,,,,,,,,,-1.0,,0.0,-0.3854419212601775,niedrig
4,2025-09-09,1,5,0.8051039635229088,3.2994347133316198,0.7382033150934891,0.60000000,4.0000,0.29010198185488,0.07259389181599642,0.77993815240574,0.1265909524588966,0.02777136069961204,0.48335680329839,0.1289570597593872,0.05062490341554819,0.6003815240095001,0.26531944018438003,0.1062305023138022,0.92588706514829,0.243692565463724,0.07190993157359989,0.72326702480312,0.22926548433637803,0.16802704797101786,1.09660507400435,0.22944221842422802,0.15103475429072075,1.01543131576978,0.0925989131543282,kognition,0.3955992012099857,0,,,,,,,,,,,,,,,,,,,-0.6,,0.0,2.030376123571526,hoch
4,2025-09-10,5,24,0.29920951425053577,3.63063249216419,0.5431360512867933,0.92000000,2.6000,0.4700886535275046,0.023432614523496965,0.31511257797831,0.1184592225350086,0.011301871036979123,0.28537941491550384,0.14558084465705384,0.014715664292130674,0.3353952874613041,0.3358745354564272,0.02028328882584987,0.265765712459064,0.39717779282964266,0.01591529451334477,0.20972884770963202,0.40218865907250334,0.03701159626227824,0.303384097073376,0.35501761551048217,0.026575200341186385,0.310475977926224,0.02131936139932372,kognition,0.32702449210766227,0,,,,,,,,,,,,,,,,,,,-0.92,,0.0,0.3969293928067375,hoch
4,2025-09-16,1,3,0.17068902442419256,3.7932383646249335,0.47810245154633363,1.00000000,2.0000,0.47638736751513,0.0049270529936994495,0.15896478989115004,0.20750797625809667,0.005260766461262543,0.17739919953268002,0.19555965479297668,0.004373884813076379,0.16198337185649003,0.3789872163494266,0.0076509844767389925,0.21417969443316998,0.4046928315612633,0.0022400628917421425,0.11146098699908003,0.44557357140112,0.0006860281492244253,0.06394020560378,0.3958136350083266,0.0039959632731386766,0.14993537627436004,0.004162106151268944,kognition,0.1262100657066834,0,,,,,,,,,,,,,,,,,,,-1.0,,0.0,-0.43563723519736475,niedrig
4,2025-09-17,2,7,0.17413649222985877,3.9727313685230334,0.4442602479600403,1.00000000,2.5000,0.48465091230928914,0.004512162124247758,0.16825685496954002,0.16267387963562402,0.008183168259308912,0.1954320713173645,0.1297713018124902,0.010738148595748087,0.256398363605694,0.38006954941474375,0.003967328385338036,0.131709525638545,0.412942145663905,0.0009258513695780462,0.07206201068378498,0.434354267639955,0.0012324945622791408,0.084429336410765,0.42764657867829703,0.0028976496698630925,0.125884470118555,0.004636686138051868,kognition,0.08726351750882208,0,,,,,,,,,,,,,,,,,,,-1.0,,0.0,-0.5385954315015737,niedrig
4,2025-09-23,1,5,0.16466674761096217,4.10116298181438,0.32074974861341216,1.00000000,3.0000,0.501304650677562,0.008062672927313243,0.24191491991691005,0.08275320395293001,0.004716113266987595,0.19129007921701602,0.14588536626475718,0.005018046339082293,0.21336558357458402,0.351457176610162,0.0036914420083132677,0.16804870449524,0.471382931790184,0.000301371321348037,0.046732624885800045,0.425504158855298,0.0004174983160419767,0.05596695640903998,0.408246452712074,0.004907993589685902,0.18999153323009998,0.0038735911098246164,kognition,0.10776366340265389,0,,,,,,,,,,,,,,,,,,,-1.0,,0.0,-0.5864140915453123,niedrig
4,2025-09-24,4,15,0.1856985868482717,3.490484548112579,0.543718596341157,1.00000000,1.7500,0.5373155571044206,0.004358203055283258,0.150981407261425,0.06137335872212549,0.006036397387805821,0.14279384448097504,0.16030213924332648,0.006894825707703726,0.17103402476554477,0.3320779820093063,0.00412518507585798,0.1498862341994675,0.41961414751452725,0.0024942642150980487,0.09896667138876748,0.4654475893271861,0.0041954023442709164,0.142919140938475,0.35976058084314616,0.010010984944855937,0.2098312851715668,0.0054450375329822415,kognition,0.09467652361806851,0,,,,,,,,,,,,,,,,,,,-1.0,,0.0,-0.44037789433172103,niedrig
4,2025-09-30,1,5,0.10591857511743878,4.01865742609656,0.4524805813768807,1.00000000,4.0000,0.502710908348776,0.00259536668918412,0.13434575101676005,0.0591989293850058,0.0009693149436365381,0.08411897276097699,0.11103617524016421,0.0006958582979979946,0.07400693692466499,0.37092296112341405,0.000934825279098158,0.093101817757,0.42955440384773,0.0020658645827603926,0.13229833774093996,0.455324038840374,0.0015297248784652217,0.12118749999094997,0.4368107186356319,0.0024277898837660973,0.13817197539184,0.0016026777935583601,kognition,0.10618990617874123,0,,,,,,,,,,,,,,,,,,,-1.0,,0.0,-0.5823866976145483,niedrig
4,2025-10-01,3,14,0.2611606310372749,3.65949097442545,0.7696591988386761,1.00000000,2.6667,0.43204114557456047,0.02186052508979494,0.35561108214494,0.12958758274118792,0.012737100912392435,0.29043863110704865,0.1616520087749105,0.009178095973645843,0.26101668946356665,0.38695572287839447,0.006307653614448019,0.21727009858594334,0.3760388329925785,0.018077572454975783,0.3127114006039106,0.4586446183569645,0.0030375321388888404,0.15137468491757664,0.4037635550928002,0.004931661135694327,0.18439093047459335,0.010875734474262882,performanz,0.12936323873603034,1,,,,,,,,,,,,,,,,,,,-1.0,,0.0,2.5694837042580798e-05,niedrig
4,2025-10-15,1,5,0.20277046808258242,3.3758235146163798,0.7251090781160933,1.00000000,4.0000,0.46725872439695204,0.007163379245857693,0.22932487617285002,0.05616251945171352,0.002773579667972913,0.14893311901760442,0.087094546910453,0.005026202603062333,0.19394544611022102,0.337258157869142,0.001502442853367206,0.11199942319290002,0.44511316875304796,0.012342854590570102,0.31731557740196004,0.46387561950635803,0.0070958116242498285,0.23328073172804004,0.450286712429944,0.0052115921413495,0.17398759786030998,0.005873694675204225,kognition,0.1470483330986287,1,,,,,,,,,,,,,,,,,,,-1.0,,0.0,-0.08498089925729069,niedrig
4,2025-10-21,1,5,0.17522969717760695,3.43594536282894,1.0323816037909914,1.00000000,3.0000,0.5255963170982341,0.005219085181269325,0.21938907080185,0.1324683142757614,0.005618052195457841,0.16676084884030998,0.181200356246406,0.00684280954918039,0.22004018029683997,0.333690841455722,0.005911949475222942,0.22137430284544,0.46421100885885797,0.004333077280009875,0.18477828955843,0.41572644080501,0.0016382463620751072,0.12304369073580002,0.37813391667930196,0.0011422267297403472,0.08594662956235,0.004386492396136547,kognition,0.16119421510722357,0,,,,,,,,,,,,,,,,,,,-1.0,,0.0,0.00458292493515635,niedrig
4,2025-10-22,4,18,0.18368245390690432,3.5353564513258697,0.6411727463918593,1.00000000,2.7500,0.44518709246132676,0.005351428953635293,0.18491618722838749,0.14883726166040812,0.006754894321323291,0.20567028169360924,0.18071440610441072,0.006623324614072456,0.19419816024929099,0.4023403613208165,0.002609444539967621,0.1284666300359475,0.38375175277717,0.005253692771835363,0.156879273413085,0.4854056061481365,0.005208489305175029,0.16512651715628,0.3984788007818734,0.0031185462974348374,0.14543730482184752,0.004988545829063413,performanz,0.15228056623127897,1,,,,,,,,,,,,,,,,,,,-1.0,,0.0,-0.1528129015216845,niedrig
4,2025-10-28,1,5,0.322782349877628,2.85907667979682,0.8784519329738361,1.00000000,4.0000,0.41211641072295,0.029635455109927072,0.45054003145396004,0.16929864092349217,0.0121407332205204,0.246413501042879,0.243381832282342,0.008884243977031834,0.24241913975622004,0.396581129938538,0.01780055070707612,0.41300772341725,0.338556950803454,0.014245350813135594,0.31647034346924996,0.408099839434718,0.007225988131730041,0.23217672581896998,0.446793231404164,0.0142561234331024,0.32958590522549003,0.014884063627503353,regulation,0.1258004331503627,1,,,,,,,,,,,,,,,,,,,-1.0,,0.0,0.15405869073213543,latent
4,2025-10-29,3,14,0.2451381892360233,3.4640935183530206,0.7026470676235306,1.00000000,3.3333,0.463778019931025,0.006393899840131899,0.21244323289511002,0.17430807494617737,0.02024647074283604,0.35705789546860967,0.17782080858809857,0.013433892329996977,0.286796794379436,0.395821723302695,0.006557413355984171,0.22821101170840663,0.39873233161943117,0.005899632068304889,0.19995342503338334,0.43338323030445086,0.0034416797290918594,0.14931685392640665,0.394905315910896,0.0045823849286482825,0.18471857776004663,0.008650767570713447,kognition,0.11809116353871399,1,,,,,,,,,,,,,,,,,,,-1.0,,0.0,-0.10126792848803606,niedrig
4,2025-11-04,1,4,0.2820042802645152,3.7529152348345747,0.48779786863995084,1.00000000,3.0000,0.50141977240076,0.014405733911638777,0.26449456672933,0.16015391282907,0.014672898683515685,0.271609988007702,0.2240179080838555,0.020338852291239502,0.34326356137224795,0.37666646407772997,0.00688841258710602,0.2144839126277,0.4242030219554175,0.002441997552264278,0.12295662139796998,0.4271091191125475,0.0016139154749350744,0.09536132351284998,0.29827007986029724,0.019164603586807896,0.388954804614571,0.011360916298215317,kognition,0.11893202754523964,0,,,,,,,,,,,,,,,,,,,-1.0,,0.0,-0.2791252528309473,niedrig
4,2025-11-05,5,21,0.3442922027114858,3.5282640238294802,0.4978228141064253,0.86666000,2.6000,0.43753041113585633,0.025718122858734906,0.293880920253564,0.11569412241889554,0.008667502886677829,0.215498290785236,0.18132080562411443,0.018619542798377776,0.2953762349934016,0.3191738312590308,0.03360085855558129,0.264211992104456,0.3688039126703052,0.01744482146511268,0.25263661892923,0.38493425492771427,0.061069988568349956,0.38387038456973405,0.31193930681097426,0.04239962463798724,0.3904948736107742,0.029645780252974523,kognition,0.12736403368714205,0,,,,,,,,,,,,,,,,,,,-0.86666,,0.0,0.07419178363291067,niedrig
4,2025-11-11,2,7,0.15694977799751203,3.7871390271666625,0.5092316206186185,1.00000000,2.0000,0.5146604059186058,0.0030795408017382526,0.13568207376869004,0.10092969213236391,0.0023810723713118165,0.109266596192611,0.19740612082449,0.008932767469096447,0.21734933240687299,0.3656428323435267,0.0044834678213630024,0.17164865282227,0.40361519302544,0.0019161435988503293,0.10378365385148,0.45138308961579626,0.0004405367719385959,0.049907627102194985,0.39116890078069755,0.0034053528335847728,0.13918938906955,0.0035198402382690306,kognition,0.14314234647976884,0,,,,,,,,,,,,,,,,,,,-1.0,,0.0,-0.39607190763064853,niedrig
4,2025-11-12,4,18,0.21461151622586805,3.3834922171409265,0.6267077768680145,1.00000000,3.0000,0.48921091791401083,0.00784732961953177,0.21658407096793,0.1291278002984707,0.009021143661574808,0.235075001207869,0.19265567967142283,0.011169117948946686,0.28526312928311226,0.37558093753184046,0.006893850537970158,0.21921931852430498,0.41386816244143587,0.003005327598010231,0.12486732569478501,0.43988902847124545,0.0017303748678214712,0.1069046243154025,0.3857828871966725,0.006804627013610965,0.20728573925879748,0.006638824463923727,kognition,0.042783037941379866,0,,,,,,,,,,,,,,,,,,,-1.0,,0.0,-0.4667072008035035,niedrig
4,2025-11-18,1,5,0.22382180420803763,3.6242354379027804,0.6211233006610676,1.00000000,3.0000,0.548799364795906,0.011570290317669993,0.28454279021492,0.0869730162831646,0.00785951074532209,0.225795998304708,0.19632998531288798,0.005906662639177154,0.21267633732781,0.315562701604594,0.013874376615556355,0.33876249895998,0.44642149754041,0.0032061247050757325,0.15315111662472997,0.4377336768100479,0.000938287583728311,0.08088113194435997,0.334850465726518,0.00674094743241149,0.22344518637647998,0.007156600005563019,kognition,0.11225851730092487,0,,,,,,,,,,,,,,,,,,,-1.0,,0.0,-0.2994550119198869,niedrig
4,2025-11-25,2,10,0.6219612468760212,3.15568003080236,0.6493232611201659,0.60000000,3.0000,0.35077864576594503,0.08035701384398687,0.6798874807106849,0.1268703593449641,0.018823123775345486,0.3731797689330605,0.1124496126763742,0.030108350847805415,0.384972518642384,0.22656234654274798,0.06717670404896031,0.622029999540115,0.291973860484517,0.05942089197166265,0.534615831571835,0.203608657203077,0.17230711003250934,0.77935863840348,0.21891239681711475,0.061234012889233885,0.5464779524564849,0.069918172487072,kognition,0.3845402664011451,0,,,,,,,,,,,,,,,,,,,-0.6,,0.0,1.5933465015480326,hoch
4,2025-11-26,4,17,0.34406382768350335,3.539672636808901,0.60614836102763,0.90000000,3.0000,0.44966914352274534,0.02624492695307763,0.31560099898648997,0.08864673299693648,0.023314911784708674,0.31555188963893754,0.16487458530767082,0.019905823518607237,0.3283577780403475,0.3433856836526246,0.024839389768569756,0.2977612357739125,0.37899721755211624,0.019111458046669916,0.2767211520650125,0.38222073178273697,0.04459864505118407,0.3638057249235125,0.34742541709445496,0.0369830379786999,0.3658629597724725,0.027856884728788167,kognition,0.2891839903044952,0,,,,,,,,,,,,,,,,,,,-0.9,,0.0,0.4649295783901923,hoch
4,2025-12-02,1,5,0.14928124382179112,3.66626547492746,0.7485404021570714,1.00000000,4.0000,0.48496886089878605,0.0009214799884315478,0.07470869782257,0.1170201371560972,0.0048323085017331,0.156914671159041,0.192454847096648,0.004852160438194551,0.18166682473182,0.37438287426099,0.0013390375094820656,0.10618278045459001,0.436859919736926,0.00522377459633346,0.20984436215395003,0.436025649425532,0.0015122226235125466,0.09847865131163003,0.413103482780884,0.0036039060992937777,0.17151767331156004,0.0031835556795687214,kognition,0.11970499803831965,0,,,,,,,,,,,,,,,,,,,-1.0,,0.0,-0.30645736201064405,niedrig
4,2025-12-03,2,10,0.30283691099662025,3.17854870230418,1.027022861428721,1.00000000,3.0000,0.4928587275709211,0.018169109378497767,0.363207588458585,0.1315466420297944,0.014575670947540796,0.28419650454511153,0.2265240767975301,0.011657407782241206,0.3197683242961195,0.34855226010681867,0.013013756286455142,0.32090081137769644,0.39816280659730297,0.004605306268952654,0.196487858808445,0.44163548432799693,0.013409051253129207,0.319838910902475,0.33537603836647,0.01670166255444324,0.344007261167115,0.013161709210180002,kognition,0.09834477519478232,0,,,,,,,,,,,,,,,,,,,-1.0,,0.0,0.05370938328621124,niedrig
4,2025-12-09,1,4,0.1685471535987,3.2633179014366,0.6473475615966192,1.00000000,2.0000,0.513238279535265,0.00265456259302913,0.12599381318112002,0.12364896187432173,0.009604705095679737,0.21982352228490099,0.12406496736448624,0.008072558844546369,0.22954448990895698,0.37636293797702997,0.00423076671418369,0.16165177859578,0.4165480551596925,0.0026349108431314703,0.13027602180555997,0.4534338829354675,0.0002263570893114945,0.04231229859897001,0.3958877813308675,0.0009842818063418835,0.08637623371566999,0.0040583061408891105,kognition,0.1260471856508886,0,,,,,,,,,,,,,,,,,,,-1.0,,0.0,-0.33069255764052585,niedrig
4,2025-12-10,5,21,0.3517949319182851,3.510984886639421,0.8147205699308531,0.90000000,2.8000,0.46365912091748546,0.028540232205653937,0.35725756877389603,0.11292646784628327,0.01075701661626986,0.2584722724024774,0.15758898297867957,0.016222173187685728,0.297372624972353,0.31986454791501145,0.025556821471250553,0.32167240994402196,0.37540474290888814,0.02400928536301585,0.30673621141593654,0.38838656771874513,0.042778924242154924,0.319868132373424,0.34877675268373987,0.04255016030309566,0.417831150195636,0.027202087627018073,kognition,0.12260655337293452,0,,,,,,,,,,,,,,,,,,,-0.9,,0.0,0.2234762266997419,latent
4,2025-12-17,3,14,0.20938943502867194,3.582805341677997,0.8389270084586536,1.00000000,2.6667,0.5019609026407431,0.00551450032966472,0.19677720960054668,0.11266455188232294,0.007041746428548063,0.19955978897043267,0.15656673861250422,0.011655706771994035,0.2729452102417073,0.36948460227492985,0.003534160830438005,0.16418568925658003,0.41127306891475807,0.001502587868794367,0.10566418200328666,0.44621065646187796,0.004063347654417056,0.16810740913476666,0.393844682333128,0.013243153212818168,0.30313972491441804,0.006650743299524915,kognition,0.1029153545089019,0,,,,,,,,,,,,,,,,,,,-1.0,,0.0,-0.19976905845135853,niedrig
4,2026-01-07,6,24,0.20742198413685042,3.377765902150088,0.6995255230188621,1.00000000,2.6667,0.4523547958155192,0.004778372005730421,0.16650947717687337,0.17728598054602349,0.009353614785792651,0.2016327496842335,0.1766602312850187,0.009743109506447557,0.23525522384598066,0.3939217818988852,0.0033998581895578884,0.141727775164905,0.38474625361437687,0.0052059483199061,0.16884102020710334,0.4436811988333436,0.005054249390589502,0.16406382311405332,0.40948885839339105,0.010808055291376547,0.25530956877782646,0.006906172498485809,kognition,0.09269535804519402,0,,,,,,,,,,,,,,,,,,,-1.0,,0.0,-0.31222883858136036,niedrig
4,2026-01-14,4,17,0.18728599835437,3.4624129718538876,0.6008921335649238,1.00000000,2.5000,0.46584571455018187,0.006337028275300309,0.19449383534360504,0.12257591631844664,0.00801033813681783,0.19905836482055728,0.1811510194046625,0.007587606265879283,0.2202116632543193,0.35703896170586713,0.003971140073897982,0.15250979376492751,0.3981328904689636,0.001770198095111745,0.1006934023231425,0.47928158996479076,0.0020195426482719036,0.11494674482434751,0.41596846889905503,0.008719578382983678,0.24077066918054252,0.005487918839751819,performanz,0.07774497325686468,1,,,,,,,,,,,,,,,,,,,-1.0,,0.0,-0.3402781424807362,niedrig
4,2026-01-21,4,18,0.33856090120624516,3.7551272026920115,0.6388285272532318,0.90000000,2.7500,0.4190921899141917,0.031501919645581425,0.356770635865415,0.12963038727428397,0.008947492743920833,0.219251270861108,0.1441197671795248,0.008781654142668573,0.2481491296686555,0.3291211091146903,0.024876218986514615,0.26551909367387755,0.35894461453369886,0.025941253388084118,0.2823608862578875,0.3984939233518183,0.03356262186167469,0.3239538639593925,0.40224572357342003,0.05519982176220215,0.47624055399034504,0.02697299750437806,kognition,0.11241467674569369,1,,,,,,,,,,,,,,,,,,,-0.9,,0.0,0.17266898809622058,latent
4,2026-01-28,3,11,0.21644094577528836,3.479890400521008,0.7520420213385482,1.00000000,3.0000,0.41265579982036166,0.011469841099061602,0.26860684295906334,0.2345272721654081,0.011426973839919481,0.2504724788560237,0.18684674460421022,0.005911293403003504,0.18771542582145595,0.43085118689001667,0.005816712846256427,0.17673407102488,0.3458738630663781,0.009660859950086411,0.22223988424461769,0.46494553978528835,0.002010548292624065,0.10526679216789331,0.40457544372478055,0.0013543068572277005,0.08948199464243665,0.006807219469739884,performanz,0.16676773179440435,1,,,,,,,,,,,,,,,,,,,-1.0,,0.0,-0.0021648579883596503,niedrig
5,2025-09-04,2,10,0.21468513701841713,3.93664127049901,0.6066086529620083,1.00000000,3.0000,0.476617935356278,0.009343673365875715,0.241708246892035,0.16862809911854001,0.013305878369879726,0.296366837509343,0.1889149023541315,0.00649892709855039,0.2028406554710125,0.398669436879404,0.006208252861056634,0.181480327116485,0.38769942068850793,0.00717746496867492,0.20279636628283,0.440758779280082,0.0024682347477191454,0.135549382859525,0.389288018438536,0.00444086725590341,0.19208792619373002,0.007063328381094277,kognition,0.0,0,,,,,,,,,,,,,,,,,,,-1.0,,0.0,-0.5733822207573345,niedrig
5,2025-09-11,3,15,0.5792654821468438,3.2309046420834733,0.5993030765332811,0.73333333,2.3333,0.383746622785656,0.06049394522652899,0.5659215913614299,0.11220552986964433,0.012128762923064798,0.27889767557402334,0.08849613547281333,0.020771329375990275,0.402153195458043,0.28053591318219334,0.05804213350810069,0.5965894190490534,0.32592946056714933,0.03982995872979369,0.4628014076687667,0.30068732033736334,0.1588521713304414,0.9197434423727833,0.3341274824702218,0.05609200774258499,0.5287101786764444,0.05803004411950069,kognition,0.24965230119982507,0,,,,,,,,,,,,,,,,,,,-0.73333333,,0.0,0.9951187453813825,hoch
5,2025-09-18,3,14,0.21809247682842778,3.7010440140393417,0.478635562785934,1.00000000,2.0000,0.473330755324878,0.006055973444370476,0.19603107802794997,0.17062951888588485,0.012423524018065507,0.27491699724952334,0.1902116694491441,0.014462275396587078,0.30673723793207647,0.3989318611886423,0.0036338466907924563,0.15306830062593,0.39533542495049917,0.007438907457318868,0.18194680351877665,0.4435668607222252,0.002148340787070949,0.12240591755972664,0.3474450551196206,0.005703601267589464,0.20041335011334668,0.0074094955802564005,kognition,0.24740945484288746,0,,,,,,,,,,,,,,,,,,,-1.0,,0.0,-0.08797007544607452,niedrig
5,2025-09-25,3,10,0.14583644596045758,3.9956661548990584,0.304226660937509,1.00000000,1.6667,0.5069158746315026,0.0014917324637203817,0.07948217404529001,0.14049383194925058,0.009562874189042173,0.213891666238039,0.15291842706995476,0.004023419371910231,0.15647999888599265,0.36884673893132996,0.002451846503425932,0.11628486470875667,0.4101890619701442,0.001331333426662704,0.08494239977408334,0.44678856322150917,0.0008961409391773817,0.06170851693805999,0.40724810713005416,0.0016947682246174348,0.09513856483126336,0.0030645878740794626,kognition,0.09021881901156384,0,,,,,,,,,,,,,,,,,,,-1.0,,0.0,-0.6619617224855687,niedrig
5,2025-10-02,2,9,0.20219389424588163,3.459709345007745,0.7056636363965565,1.00000000,2.0000,0.5357154858820903,0.008269416587114596,0.23963412524036998,0.10693998982310285,0.007769878146047055,0.231638690534926,0.16354172612176687,0.00541998790584214,0.19331406472561852,0.33750111245514147,0.010143470252090104,0.265329103814415,0.4329813153348965,0.004261236009721175,0.176000112904035,0.435471462365868,0.0016145066561800234,0.10395553404448502,0.37421251598009847,0.003928656911034379,0.15643608874296,0.005915307495432781,kognition,0.06920689690621327,0,,,,,,,,,,,,,,,,,,,-1.0,,0.0,-0.37427591967462315,niedrig
5,2025-10-09,1,4,0.17247697777367982,3.100144324651275,0.6375315739160639,1.00000000,3.0000,0.5214103434438876,0.004075584237150921,0.16054750318523997,0.12393576224067425,0.00391973112234517,0.17475613711215301,0.204759677773505,0.0057766677456720945,0.19492333483685997,0.2976654465010125,0.004740319696114741,0.17406918771267002,0.4697016781982275,0.0026688345640312147,0.1307473382159,0.390713475412745,0.0037228015204490415,0.17240564479967002,0.42332992956307997,0.0048443689761792546,0.19156763080482997,0.004249758265991777,kognition,0.09769071584656039,0,,,,,,,,,,,,,,,,,,,-1.0,,0.0,-0.3958739116647312,niedrig
5,2025-10-23,2,9,0.26494570457177796,3.567182601881475,0.6390206789515713,1.00000000,1.0000,0.5716414203057374,0.006715540889618439,0.20757363544089005,0.10531821416124028,0.024624477130842294,0.4275529276064825,0.13862262167950906,0.005162548625018906,0.1874383769716675,0.29785656862615656,0.01000756405185569,0.24601392155531351,0.42889752455129526,0.0034684484867851637,0.15136432587601498,0.425932129940097,0.0039286687009369905,0.1370111261209,0.32566600377753574,0.019835925839305962,0.3445444847409615,0.010534739103480493,kognition,0.14031213731193,0,,,,,,,,,,,,,,,,,,,-1.0,,0.0,-0.15739227569948944,niedrig
5,2025-10-30,2,10,0.4777621564156484,3.7140583036961297,0.7221791144534172,0.80000000,4.0000,0.36103729187313394,0.042609694273414864,0.50127883238003,0.1558439674298044,0.009165358995176807,0.281810064863928,0.1773511977198075,0.02334653834562593,0.37442547833859496,0.34842691817231,0.04418554995995156,0.499576082869825,0.318570552425766,0.027014568160371486,0.40075145226718,0.34721825819196495,0.1525565747814242,0.75632423243966,0.3524259024750417,0.012916629971042658,0.3187612350336265,0.04454213064100108,kognition,0.26466624279233486,0,,,,,,,,,,,,,,,,,,,-0.8,,0.0,0.8399761419920058,hoch
5,2025-11-06,3,13,0.4375125440038646,3.2175504990475203,0.6503108043879827,0.86666667,2.3333,0.43758546596131204,0.03879113889776078,0.45706457757161667,0.0884088303054773,0.018449875881754407,0.3480422561007597,0.17594539765406236,0.027657526625903928,0.43560594575322437,0.3115071663710293,0.03395864577039317,0.38656806517667003,0.35885959869263573,0.027495064480585755,0.3311215286442133,0.39666333408510557,0.05575660447888806,0.4645676737953334,0.28681790579924377,0.05442646880987446,0.46533910266128004,0.03664790356359437,kognition,0.14193166323652995,0,,,,,,,,,,,,,,,,,,,-0.86666667,,0.0,0.3517224922047284,latent
5,2025-11-13,3,11,0.20567374694787258,3.486477610137481,0.45346938693621924,1.00000000,3.0000,0.448341954800717,0.007290281533288179,0.17124719655690326,0.1503230069041963,0.006437763725218051,0.17108079059160833,0.17141886166535134,0.01139599184057991,0.22922625970627067,0.38805501717661084,0.005709761744528192,0.16731569468288,0.3897760790046078,0.006665204738311124,0.18922627510316,0.47994996088475,0.004132059313799771,0.14077483367000335,0.40044618985435637,0.0023326461309770663,0.1071194066204333,0.006280529860957471,performanz,0.17502287908417413,1,,,,,,,,,,,,,,,,,,,-1.0,,0.0,-0.18930876436697622,niedrig
5,2025-11-20,3,14,0.3931703759509237,3.6589329850400154,0.4220531580097315,0.86666667,2.3333,0.4591659317046706,0.02775113860871038,0.37350337940103334,0.06565809274065719,0.01289347206029065,0.321792856490317,0.11940316986628358,0.019081225694202026,0.36192311196162796,0.3030785903830217,0.030854063219570075,0.35378156605773,0.3915846637307628,0.025972062643842653,0.31947014148220665,0.3787630421956825,0.05727848502748816,0.4031628457593634,0.3392493452372671,0.059576405510656856,0.4818105151693401,0.03334383610925154,kognition,0.1766325246206553,1,,,,,,,,,,,,,,,,,,,-0.86666667,,0.0,0.3147241720575497,latent
5,2025-11-27,2,9,0.29185687273164446,3.2707718508357546,0.6617780011602339,1.00000000,3.0000,0.4587850605678713,0.009279532498768218,0.2542271282086199,0.20475464304735944,0.024738388265728946,0.4003989575774025,0.2290261224985129,0.020873653061086114,0.37219502179804453,0.4020473476867005,0.005878855997305248,0.202445921336045,0.3749898283487145,0.013116913109554713,0.31180552428653,0.426564240874464,0.0032239188743858104,0.14329975940481499,0.3250505590860599,0.008762282212422045,0.2230890256272555,0.012267649145607299,kognition,0.2095756443882342,0,,,,,,,,,,,,,,,,,,,-1.0,,0.0,0.05456005271375721,niedrig
5,2025-12-04,2,8,0.1711567229984699,3.779794953286113,0.8209970135088716,1.00000000,2.0000,0.42839874560507374,0.010683412200321943,0.26365738812243,0.1785552365174945,0.003583107185701333,0.14399108335233202,0.22842178270965413,0.007863201468937382,0.2417328318292885,0.40259300659898245,0.002259288382223394,0.11724152709802502,0.3602986441019413,0.002992229992008272,0.12788975317315499,0.47169896072855755,0.0007829547808222045,0.07249337989900001,0.41837206831549,0.001248834416950658,0.09299510834511499,0.00420186120385217,performanz,0.11212616967284296,1,,,,,,,,,,,,,,,,,,,-1.0,,0.0,-0.14746515975724772,niedrig
5,2025-12-11,3,12,0.18174400271990607,4.108068343618826,0.45402801699538914,1.00000000,2.6667,0.4715663648693383,0.005793084452521709,0.20110284158219002,0.16223812240047228,0.009509558804709306,0.22153242336201803,0.20958502142746083,0.0064174549162699865,0.17820949380472997,0.3745047606723008,0.004784813331299651,0.17560942719185332,0.38555755573429007,0.002341335936703727,0.1268520885013467,0.4514874535546783,0.002093779091451904,0.11775266085920001,0.40926552730146754,0.0033856114558944426,0.13582058421133333,0.004903662569835819,kognition,0.06635443790149355,1,,,,,,,,,,,,,,,,,,,-1.0,,0.0,-0.47005125532494707,niedrig
5,2025-12-18,1,4,0.15973045011711487,3.668013300949675,0.6033438712246229,1.00000000,3.0000,0.5193190694275625,0.0015523350259187508,0.09911582534361002,0.11222954000577601,0.007142050218157737,0.170027039346697,0.2036632226547025,0.00229646378778236,0.12105368170248001,0.3436841158405025,0.00206249694350244,0.10568713215858999,0.41289302627995,0.0013671580221710116,0.09097107296258,0.44953736092098995,0.004928997323602922,0.16485733291052002,0.40003854380227244,0.006164315373480899,0.17178283573361003,0.0036448309563737315,kognition,0.08125470441784952,0,,,,,,,,,,,,,,,,,,,-1.0,,0.0,-0.4724978024826699,niedrig
5,2026-01-08,3,11,0.22237202286257088,3.342824528574216,0.7061797503542312,1.00000000,2.6667,0.44533560747594864,0.011773180982143203,0.2450362252424467,0.17218192690599632,0.006088737085405179,0.195392748736949,0.20015957046332633,0.011063661192228173,0.24657905862023802,0.3766266651460814,0.003039057958592663,0.13736252575319666,0.38329704429375716,0.004223500386509329,0.14405873177111334,0.4481041837211675,0.006211148580713795,0.19258118532637333,0.42206524243826693,0.009724534845970025,0.24454461315793333,0.007446260147366052,performanz,0.10737075984746634,1,,,,,,,,,,,,,,,,,,,-1.0,,0.0,-0.15545226060731185,niedrig
5,2026-01-15,2,8,0.15892193196230497,3.89352273201495,0.527375427030448,1.00000000,2.5000,0.46314361777930374,0.003011683112915362,0.13826889103519002,0.14774740613259912,0.010305933421933042,0.220589188067014,0.13269556101788024,0.0036040380140015173,0.1363606255543315,0.3991501722310163,0.0013301296384609891,0.09272117656230502,0.3996468530943825,0.0036887104444330594,0.154058940255305,0.48133841729947874,0.0029390280355343096,0.13880133430387498,0.40652040341732,0.0011260349494470762,0.088560147014665,0.003715079659532193,performanz,0.08709962415413883,0,,,,,,,,,,,,,,,,,,,-1.0,,0.0,-0.5081358057241988,niedrig
5,2026-01-22,3,13,0.42868401521619176,3.0379228096979283,0.7907086900838688,0.83333333,2.6667,0.39268218154167284,0.038218336439400785,0.45080271712444003,0.11088993436876798,0.016193122617680845,0.27644654025619503,0.15976502571091766,0.02877330915281504,0.34802139549679034,0.3010595166294745,0.04261258751855435,0.3729380957002533,0.3243904249651833,0.029134397091583653,0.38371484813795004,0.3640758028169726,0.0673876827095055,0.5154829233858701,0.3572525596870122,0.05432777320857555,0.44605540716327335,0.039521029819730824,kognition,0.196263065838867,1,,,,,,,,,,,,,,,,,,,-0.83333333,,0.0,0.7092641998012361,hoch
5,2026-01-29,3,14,0.5793446661672706,3.485735106074945,0.8227417495475726,0.73333333,2.3333,0.34325811667933687,0.06652595441991728,0.5809829052557033,0.10608724440861855,0.015235402672104775,0.32793983027895734,0.12267197912471685,0.0206158132035929,0.3442523467417913,0.2752278349700115,0.06441141198155433,0.58541347190452,0.29033164952515916,0.05613472410074022,0.5413244959533533,0.3400573298459893,0.10713395125074165,0.7562368224471268,0.31088071971260317,0.10379183697958683,0.7744600711635233,0.061978442086891135,kognition,0.09163082817324995,0,,,,,,,,,,,,,,,,,,,-0.73333333,,0.0,0.8090457247367848,hoch
6,2025-09-04,3,14,0.42121104816656324,3.5618356338835215,0.4327743751245514,0.86666667,3.3333,0.42638232494022965,0.03941757013956879,0.45610541564347,0.11578951146707601,0.012764010691996347,0.29808957505583034,0.18103254213656594,0.021182677362579356,0.36213107157858265,0.339039182827638,0.04240318231866202,0.4420536297984467,0.35392172200551747,0.024632952841509594,0.3717277699447334,0.3847916933681838,0.06284942243066403,0.46196657419660997,0.3148903340513092,0.04531328773307005,0.3933311254367866,0.03550901478829289,kognition,0.0,0,,,,,,,,,,,,,,,,,,,-0.86666667,,0.0,-0.1344584819229591,niedrig
6,2025-09-11,4,18,0.1974731328983773,3.3693457943715726,0.8916748581754464,1.00000000,2.2500,0.48842334932613857,0.003382924108102429,0.15260233217494748,0.12855351622726682,0.007443165943010557,0.20126459525190973,0.18450115638800235,0.011286702350297734,0.2818416403235245,0.3738055159902731,0.005102161567522131,0.1828232863277125,0.402029745065426,0.003870659399584947,0.1578897696547325,0.4509735749567356,0.002605886862077941,0.135342119747485,0.40241031375782244,0.0063649349857987925,0.1871277666809275,0.005722347888056361,kognition,0.13995323473194182,0,,,,,,,,,,,,,,,,,,,-1.0,,0.0,-0.10103988737747863,niedrig
6,2025-09-18,2,9,0.20824485633774525,3.8564316683338413,0.4003295150217562,1.00000000,3.0000,0.481582140110525,0.005552561548372981,0.19020272660242998,0.1303311835762454,0.011519247469512002,0.29311048022220204,0.19214238781014648,0.010897264417803242,0.2825713572505265,0.38725943476583913,0.00528956600194583,0.20537381380991498,0.40169702338194413,0.003193855204405045,0.146885736888115,0.45166453692133,0.0035782032888187435,0.15897864375222,0.38727186445130335,0.003857986096356361,0.17741010387285502,0.006269812003887743,kognition,0.02278419128174037,0,,,,,,,,,,,,,,,,,,,-1.0,,0.0,-0.6661104857158242,niedrig
6,2025-09-25,4,16,0.18924149918849176,3.695508410030971,0.670410532132993,1.00000000,3.2500,0.4380781163230896,0.0052490119367788485,0.1889980740056325,0.1622119490139011,0.014800572701253307,0.2609064425143095,0.18135496238754112,0.0071019943904409785,0.20979285305905834,0.392208283119652,0.0037339401734886603,0.14740758457401,0.3808871567435501,0.005266793183681336,0.18343338179763252,0.46479992842732887,0.0012325856873081787,0.08468492279512249,0.4273752677524335,0.0024122501724668653,0.118931450573425,0.005685306892202597,performanz,0.07255146417352712,1,,,,,,,,,,,,,,,,,,,-1.0,,0.0,-0.30413030985658984,niedrig
6,2025-10-02,4,16,0.23414868221109802,3.502517760241702,0.5973427470604407,1.00000000,2.2500,0.5224714774359268,0.009793154971651652,0.22922389010126998,0.15315770873924683,0.01242101571297638,0.258832975771786,0.22798341731522623,0.012197144580570925,0.2780651148837485,0.3549588330574026,0.006690601333732958,0.1883501089358475,0.40010203503646746,0.002250886706652907,0.10759220676778751,0.42795418943679286,0.0036244716701431968,0.1588152906110225,0.34840944609952407,0.009133042113723336,0.23980857389204024,0.008015759584207336,kognition,0.1368516496964707,1,,,,,,,,,,,,,,,,,,,-1.0,,0.0,-0.1419798285206744,niedrig
6,2025-10-09,2,10,0.18708559773486483,4.01519846790181,0.4627070743775324,1.00000000,3.0000,0.484107799438847,0.0036837192817243923,0.17703478536435502,0.1203406798321556,0.0071595512173845514,0.20672958654388598,0.218470727860959,0.008495635335398675,0.23592970778406003,0.37080062499019606,0.0013465680964334205,0.09131330604124502,0.424424566043741,0.0020185905458822827,0.125559706779085,0.46736553491032296,0.0027321917725350317,0.137233190419615,0.36153964636204106,0.009766246575058497,0.247639059585275,0.005028928974916693,kognition,0.07216248771775581,0,,,,,,,,,,,,,,,,,,,-1.0,,0.0,-0.5449571129286283,niedrig
6,2025-10-16,3,12,0.6301984191933556,3.136225845603551,0.5467588011655614,0.64443333,2.6667,0.37617661162123944,0.06754259407190867,0.5882510602401867,0.05357548857620762,0.019382054804329692,0.3328113457042314,0.07799480451006845,0.03823214492674942,0.4756635869563157,0.23031590744126892,0.07609496926916878,0.5864147432828967,0.30573756996289553,0.06137185670988632,0.5642251769243667,0.25886643056227376,0.14492655173707916,0.7588961086899767,0.22407699381554771,0.099920757701195,0.6578673510912166,0.07249584703147385,kognition,0.36336019783542806,0,,,,,,,,,,,,,,,,,,,-0.64443333,,0.0,1.46447467487195,hoch
6,2025-10-23,6,26,0.1919593472872567,3.8552669190894755,0.5451560993475628,1.00000000,2.6667,0.4666585622537977,0.009362439521644216,0.23760118695491836,0.1139131520624478,0.008383629373604463,0.21938021769481855,0.1595569913235362,0.005212743215424381,0.17814588230172015,0.38568694001412585,0.0076647334856140064,0.20240235745253995,0.4172085166839013,0.006383159931316246,0.16925844830666884,0.43713465916049965,0.001312791477175875,0.08970832278084333,0.4111520294966307,0.006537706211264541,0.179150226567895,0.0064081718880062465,kognition,0.3490308974450648,0,,,,,,,,,,,,,,,,,,,-1.0,,0.0,0.1510655492275742,latent
6,2025-10-30,3,9,0.21365091703107816,3.6959046111633778,0.593405077766505,1.00000000,2.0000,0.4392629263638355,0.006227319536001213,0.16686790333482335,0.1673615847177855,0.0166235082989918,0.2882325930795408,0.11654360164469478,0.012085108793613889,0.2537373050897833,0.40057794823512777,0.002633769078416788,0.1214631741387,0.38366276208481004,0.0030086553318586433,0.10657518247449667,0.4648317715775578,0.0027531541620784247,0.11396402709115333,0.4304422137150478,0.002785573808539471,0.10456770704220335,0.006588155572785748,performanz,0.08912748471529665,1,,,,,,,,,,,,,,,,,,,-1.0,,0.0,-0.28423555815151347,niedrig
6,2025-11-06,4,18,0.15509764522429972,3.7772059423824977,0.5318285809637098,1.00000000,2.0000,0.5161711466694378,0.004084162477314102,0.17572391929843,0.0704796616880741,0.005238068498741723,0.16573034072275025,0.1642724077356264,0.0050207822321770325,0.18902095052231077,0.3407579842833025,0.002570865557368922,0.13202366817762248,0.42517986824515563,0.001334162255876724,0.09630833365323752,0.4681890510656513,0.00241312413712502,0.12392872200314001,0.39468149604770925,0.0036740161627335337,0.1499214408033675,0.0034764544744767217,kognition,0.1554709578543436,1,,,,,,,,,,,,,,,,,,,-1.0,,0.0,-0.2558572422145947,niedrig
6,2025-11-12,1,5,0.8215557413782433,3.2282630779516603,0.8298583482237875,0.60000000,3.0000,0.31844470318801,0.10300399046974482,0.86998085955822,0.10577661691171761,0.030493020549932127,0.48911099435259,0.125132405350948,0.05038254933255761,0.66401760913586,0.25015703349248597,0.12601652568257599,1.0509747257311999,0.22988707112940338,0.06423510642735918,0.65205102115301,0.238269579469836,0.18247629180026267,1.14927161755765,0.1568013311795858,0.11834635192912246,0.9205556775302599,0.09642197659879356,kognition,0.44460241388528876,0,,,,,,,,,,,,,,,,,,,-0.6,,0.0,2.245351148659182,hoch
6,2025-11-13,5,23,0.3432397749673842,3.369126336177085,0.629429285142966,0.92000000,2.0000,0.4698675410326688,0.021736221091063077,0.284153590009504,0.11586373049911006,0.01900464581534879,0.3642390887337422,0.1597438323899933,0.01276084126076998,0.2994798363728366,0.3315517917074869,0.023473714842598914,0.29306702974048193,0.38013823730172713,0.016836916802124458,0.264735977291248,0.40006977861622073,0.038002796816052814,0.378909265505848,0.3444397931039704,0.03650534973440679,0.4003430311733614,0.024045783766052115,kognition,0.33884597238467234,0,,,,,,,,,,,,,,,,,,,-0.92,,0.0,0.5440316189508185,hoch
6,2025-11-20,3,10,0.16453863188590054,3.673837906013331,0.5042166017000747,1.00000000,2.3333,0.5086321885739777,0.0025329055678803007,0.12386381978556336,0.12584157638506505,0.013204036256378268,0.26209426119903134,0.12675288426229606,0.003975905247121172,0.15460546136913567,0.37019725238000945,0.0013851595223722864,0.08764496621754998,0.4032099827001383,0.0005829618350194006,0.05123008405161,0.45168258478253226,0.002416225063668034,0.11285340447647668,0.41786172303634306,0.003231369203840484,0.13214594158242,0.0039040803851828495,kognition,0.1130092765553619,0,,,,,,,,,,,,,,,,,,,-1.0,,0.0,-0.4570548865139464,niedrig
6,2025-11-26,1,3,0.20074314336060306,2.753556911498167,0.8518776032140248,1.00000000,2.0000,0.5056431661946367,0.002369356323185292,0.11908055670488005,0.14312409305628868,0.004933153443678,0.16357696147162398,0.238429889687491,0.019822869588728493,0.320622112426647,0.42739553089511334,0.0059395349858534134,0.16627942590543998,0.37534537278284336,0.0013795777608274678,0.07889679115149001,0.4355429956869166,0.00014491334000128582,0.029400421135869992,0.33680429401663997,0.005708404164021679,0.18414617594941002,0.00575682994375652,kognition,0.15381237227352118,0,,,,,,,,,,,,,,,,,,,-1.0,,0.0,-0.09147574249158988,niedrig
6,2025-11-27,3,14,0.1787173521366041,3.7374911551904266,0.5904190262559927,1.00000000,2.3333,0.5191283203970903,0.003012309314000353,0.15599897460409665,0.07552535234246795,0.0041354061925926505,0.18231524006969835,0.1721398646665814,0.012280532669226976,0.28005592486692005,0.3484633224351727,0.005132273376830314,0.17734784262238668,0.43746168941374236,0.0011616409914774726,0.08192765241148665,0.4502686598044073,0.0009223063272579907,0.07781912923876333,0.3787286537779133,0.006056898051389613,0.20074433038148667,0.004671623846110766,kognition,0.14563321735263074,0,,,,,,,,,,,,,,,,,,,-1.0,,0.0,-0.30776883887437384,niedrig
6,2025-12-04,4,15,0.25677065522282827,3.1990118902015157,0.7458567662407201,1.00000000,2.2500,0.47805778263658333,0.009597981128044513,0.24018792920481502,0.18317704458461015,0.010501958828152247,0.2604190686332247,0.25704739431157564,0.01553043062943862,0.3083377637063867,0.3754295555624262,0.005755219202209739,0.16638174538974998,0.3652352121317307,0.006362128650596196,0.16618767377931498,0.4490144107987378,0.004877517224913934,0.1528732293545175,0.33414207055911277,0.015102857316620576,0.30939551703067253,0.009675441854282261,kognition,0.16857740892031553,0,,,,,,,,,,,,,,,,,,,-1.0,,0.0,-0.03964238381024569,niedrig
6,2025-12-10,1,4,0.35022834131637004,2.8576778178646998,1.3678239529560812,1.00000000,3.0000,0.45280275141216,0.006783932467891938,0.21468441693525997,0.22800326610710026,0.03997804824784904,0.479312180421065,0.26844644145107,0.020821535498190172,0.3628752616045,0.4077806182816675,0.009852308444684973,0.26712491319757997,0.385071337986365,0.019284451563298943,0.37270367585589004,0.3725446702750425,0.008555137522579062,0.25359608709554005,0.3080541386060977,0.01738447731672164,0.332545887757349,0.017522841580173684,kognition,0.10366006738927952,0,,,,,,,,,,,,,,,,,,,-1.0,,0.0,0.36444283305164343,latent
6,2025-12-11,2,9,0.15658395414129422,3.8769635378552607,0.7648747949664163,1.00000000,3.0000,0.4467159148453453,0.0044679464808989044,0.17044532243897,0.1318315173679959,0.005100616492341019,0.19243806950480952,0.1550010915055102,0.0037237412722719533,0.1522581372489865,0.3906052758282975,0.0009432156072641626,0.07657615910003002,0.4103486190319845,0.002491602394476455,0.12744405747875998,0.45082365044016776,0.0020387568892757473,0.124977669767345,0.45424001812057774,0.005803141731557585,0.20440838719876503,0.00350986012401226,regulation,0.22491719740776375,1,,,,,,,,,,,,,,,,,,,-1.0,,0.0,0.052517493652690296,niedrig
6,2025-12-17,1,2,0.07505032952147624,4.17323148384935,0.7224717330830502,1.00000000,2.0000,0.46015160136077504,0.00024044521869575258,0.031012592197090016,0.13454544143125702,0.0013106923723809145,0.07240697127710602,0.22120376979803497,0.002825224167819054,0.10630567563058999,0.384759905304975,0.0004770199004661339,0.04368157050593002,0.38627001583102505,0.00014826687421692198,0.024352977166409995,0.484405314008425,0.0006220773197346758,0.049882955795929995,0.428597958021115,8.826107968713524e-06,0.005941753266070049,0.0008046502801831668,performanz,0.08348573849398373,1,,,,,,,,,,,,,,,,,,,-1.0,,0.0,-0.39852213612201703,niedrig
6,2025-12-18,2,10,0.17748887964028554,3.5876439961265003,0.5781180939282913,1.00000000,2.5000,0.491178063087838,0.0036954139386091447,0.14541950942251503,0.1360195562069989,0.010244829348453856,0.272770576087135,0.17640662161641812,0.0072038402127848865,0.2179351148101595,0.38318716745711,0.00417741460967992,0.153567418817045,0.41090320830484295,0.00258854501497567,0.12723387292241997,0.427272719251597,0.0006828398253320316,0.06802698945213498,0.421048090936989,0.0030129859938316152,0.1485850285276,0.004515124134809589,kognition,0.08307827862507064,1,,,,,,,,,,,,,,,,,,,-1.0,,0.0,-0.3599542356690629,niedrig
6,2026-01-07,1,4,0.24946152627984658,2.3366706327699998,0.45163512982346316,1.00000000,3.0000,0.45442821372063746,0.015218237425000551,0.33108619225698,0.050600984369701,0.0039124120600478075,0.168906282787807,0.206397850244281,0.013413482406353813,0.32127704624380604,0.4037166614937175,0.016252113305960027,0.34053409901353004,0.33579012688753995,0.005114141309401763,0.19451861745215,0.460156654827635,0.004876176046847586,0.19427347147922003,0.44565472050114996,0.0034444905402590377,0.15913499602365,0.008890150441981512,performanz,0.13151666130465237,1,,,,,,,,,,,,,,,,,,,-1.0,,0.0,-0.2252048734261198,niedrig
6,2026-01-08,4,17,0.24798196590942717,3.404400928105068,0.40268079123584505,1.00000000,3.0000,0.49844084357397944,0.011069112008910295,0.2551865863353075,0.10447714444776413,0.007463418556421856,0.21693232559745698,0.17594937438946798,0.006550327962705273,0.188121228056804,0.3319011516041681,0.016379845880432026,0.2677708815408975,0.3979545439181096,0.0027014313285092435,0.1343588542895875,0.46205650196174564,0.007697347450103229,0.201295076628225,0.37666455842104424,0.020056314958647813,0.2578940901418,0.010273971163675677,kognition,0.13982845197478333,1,,,,,,,,,,,,,,,,,,,-1.0,,0.0,-0.22887599785286414,niedrig
6,2026-01-15,3,13,0.1817531720744173,3.5262100012222093,0.5691655316552794,1.00000000,2.3333,0.46380574935056806,0.007319489720094542,0.16093208133358003,0.147887206958011,0.007140073630258798,0.21316931777966466,0.19067402663161825,0.009205614589144998,0.231485326080722,0.3869638371898827,0.0016478085648653183,0.10976582259470334,0.3838999929923215,0.0017557591479141425,0.10810296315918333,0.475387326909916,0.0031127325304393535,0.14448657300752668,0.40095462430489537,0.008131726189616504,0.19991708034449332,0.005473314910333379,performanz,0.08542825412436922,1,,,,,,,,,,,,,,,,,,,-1.0,,0.0,-0.3488827116416432,niedrig
6,2026-01-22,3,15,0.18754940958412683,3.6905283334252004,0.7194879309213755,1.00000000,2.3333,0.5020405532954807,0.005972181682915163,0.2066123463994,0.12411832522345974,0.007551819112610626,0.2375905917251687,0.1508349540357134,0.005039426023144696,0.18917543105014967,0.34025881999656854,0.0033778894773348945,0.13128637698733436,0.4157350680816547,0.001643441093129277,0.10789556719192667,0.44676251114457805,0.005426042016696383,0.17414153723192669,0.40696803080726535,0.008212018264942946,0.23566484856905667,0.005317545381539141,kognition,0.08754646451600605,1,,,,,,,,,,,,,,,,,,,-1.0,,0.0,-0.2431780958392484,niedrig
6,2026-01-29,4,18,0.1603015021828312,3.7208900676350405,0.6951124546609981,1.00000000,2.5000,0.4692249229572553,0.004294508343489566,0.1613628146731375,0.09198328236440374,0.005379882334060087,0.177841802874577,0.14548381514996714,0.004031896712706449,0.1652070776266315,0.3682842767633762,0.0021694010096326775,0.10680569065423999,0.4259331541247353,0.0025250087328244006,0.1259700122899425,0.45897807559436965,0.003106448316673859,0.1453218276653075,0.4381327762502435,0.0046238349198284125,0.1790054763372525,0.0037329971956022072,kognition,0.06440535552813827,0,,,,,,,,,,,,,,,,,,,-1.0,,0.0,-0.4507784163414735,niedrig
7,2025-09-05,3,14,0.2578867385184335,3.546381372046374,0.662256542087327,1.00000000,3.3333,0.4559472325120057,0.012368156559767515,0.27178938473972,0.13508307786588764,0.015537474693233027,0.33851751550266,0.18954014999194949,0.014120360579615623,0.333094067494061,0.39244319198359695,0.008199206763235867,0.22819056120478998,0.3972496685223956,0.008119470177872758,0.22548966635636,0.4593221239444705,0.0013639610197567643,0.10045590298149669,0.37655946802934487,0.007909628291825201,0.21480838029663665,0.009659751155043823,performanz,0.0,0,,,,,,,,,,,,,,,,,,,-1.0,,0.0,-0.47451042330909216,niedrig
7,2025-09-12,3,13,0.48827950960168925,3.3153453748687802,0.7187637660122639,0.86666667,3.0000,0.4858472996434513,0.04623856636219953,0.53398614876706,-0.005104080041198178,0.023137331594725554,0.410993483786845,0.11542778247215559,0.022578207639225207,0.3796826812495387,0.2705005061339579,0.054547940201921274,0.566764655048919,0.37952334452010783,0.02167801098190476,0.3041460888100867,0.34809888168032704,0.06173313429489761,0.46121863570658334,0.2823382328002712,0.06222296798556582,0.5828295869710644,0.04173373700863425,kognition,0.24994317005795294,1,,,,,,,,,,,,,,,,,,,-0.86666667,,0.0,0.8300220337358083,hoch
7,2025-09-19,5,24,0.5160642721681298,3.0211034639522807,0.7385233411916452,0.74000000,3.0000,0.36223154584894973,0.10430121002112111,0.708583745324912,0.09394177885337103,0.013172779192342656,0.2920546608336462,0.093036465601652,0.02111607469177073,0.35943391387643836,0.2820439915912335,0.040058069710478955,0.426186992122968,0.3185933843155835,0.05180613971896324,0.48436886162325843,0.3219635324623871,0.08826518481370835,0.526982078421198,0.3457139185083803,0.04362370751963987,0.47071343684503475,0.051763309381146407,kognition,0.1847635081564674,0,,,,,,,,,,,,,,,,,,,-0.74,,0.0,0.8196334867621332,hoch
7,2025-09-26,3,14,0.16162781500644774,3.601091123381085,0.6535116593296683,1.00000000,2.3333,0.4755072303271984,0.00803820294901191,0.22665084244280664,0.08564713410916824,0.004304260507085804,0.16580087950602398,0.17061882996474484,0.0032989421762793718,0.146689276343718,0.3645387765255835,0.0035845970218336947,0.15916487864253667,0.4279508088606727,0.001963828846521871,0.11271061246912334,0.4755996484807285,0.0016529700766349383,0.11104005673375,0.3993839504706545,0.00329332831056124,0.15027878105107667,0.00373373284113269,performanz,0.25331436873211177,1,,,,,,,,,,,,,,,,,,,-1.0,,0.0,0.05249368465685735,niedrig
7,2025-10-24,3,12,0.2114182360322279,4.005609867875916,0.6436496842528001,1.00000000,2.3333,0.4837419070959701,0.00594795842047947,0.18603795406463663,0.1671175681898666,0.01971132934827978,0.3742139923903524,0.1681632941943588,0.009176558173699657,0.2412227348804398,0.3819505707504159,0.005470419560034627,0.18592381186427331,0.40622420790008307,0.002454073253143794,0.11680761525939998,0.45131745276796265,0.0013811525474219741,0.09437886524971667,0.3758785005964274,0.0024504540822199825,0.12121477305316003,0.00665599219789704,kognition,0.09289035556264534,1,,,,,,,,,,,,,,,,,,,-1.0,,0.0,-0.24532535304151645,niedrig
7,2025-11-07,3,12,0.2258732734768523,3.7374822785981845,0.621097808597077,1.00000000,1.6667,0.5374193965118298,0.009758818703316742,0.24537443738612005,0.0932212839293614,0.012247388175015092,0.2447898763797763,0.15958068914144788,0.007961973263103434,0.199046633214065,0.32967045471891926,0.008431560007479981,0.20907528118962068,0.43709659798430556,0.0009711379028669826,0.0726571211717933,0.4219608269194575,0.002342340046614965,0.10478791580669332,0.36697402476410823,0.017341198108329146,0.3097649765455887,0.008436345172389477,kognition,0.11420600238091688,0,,,,,,,,,,,,,,,,,,,-1.0,,0.0,-0.28344506419292975,niedrig
7,2025-11-14,5,23,0.182016492925541,3.437315946300454,0.6454646534907674,1.00000000,2.4000,0.4554097191762839,0.006191179986564474,0.16138345584045002,0.13017994543376604,0.007968949268424693,0.22133763270543866,0.19840682665794834,0.006460688593687378,0.1928512601726642,0.3831419484110777,0.002365434335713787,0.11211679830041801,0.38400018412243253,0.002407031860718482,0.107214932660162,0.4587182068518625,0.004509419823137703,0.14752192928469401,0.43201934880739506,0.0060205654201706885,0.19201208367071199,0.005131895612631029,performanz,0.14442793273249085,1,,,,,,,,,,,,,,,,,,,-1.0,,0.0,-0.16850919698279834,niedrig
7,2025-11-28,5,22,0.18226956719595352,3.5462844459251577,0.6059331443849721,1.00000000,2.6000,0.47223599821358986,0.0030176950747899,0.13700395556371997,0.1300524389605114,0.007927452071254814,0.23413569620090197,0.1994212602211884,0.009233910152333732,0.239412267583155,0.3940663990281076,0.003696743899663995,0.160197125872194,0.3918660735278886,0.003461603917990971,0.15407965378803803,0.4345144231176735,0.0027992838691056872,0.12393515379963396,0.42882597842698456,0.004642933941647618,0.15900708286766801,0.004968517560969532,kognition,0.03257922034759112,1,,,,,,,,,,,,,,,,,,,-1.0,,0.0,-0.44847771067960607,niedrig
7,2025-12-12,3,14,0.3822929691778569,3.40045045961349,0.729354278027977,0.86666667,2.3333,0.4206673892084081,0.03745830217585682,0.42960398951573664,0.13046274521691695,0.0143128425108621,0.291203841391903,0.14627950774333828,0.020407450304198386,0.324063250359211,0.333217347012468,0.029314570987534174,0.33717841406255,0.33282737971192544,0.022486754705761152,0.27940872602625005,0.41952541190325915,0.06467668370297334,0.51551007027376,0.31084680389042524,0.04942267262188064,0.3919803559541633,0.034011325287009515,kognition,0.16375428611972653,0,,,,,,,,,,,,,,,,,,,-0.86666667,,0.0,0.3759889941664533,latent
7,2026-01-09,1,5,0.1351379952367548,3.9626291197212398,0.5629494755164542,1.00000000,2.0000,0.50894223069895,0.002881668045026706,0.16037445138446,0.0894243029987952,0.00197862424590165,0.11483744652254,0.165711504791178,0.006236199024370843,0.189613871668658,0.36881665354897,0.0022044683823888383,0.11463803041359999,0.41048723104227197,0.0016372042922219309,0.10257295382214998,0.453622300258524,5.3679909550983737e-05,0.022502653222649993,0.420659823750902,0.0032704338571482063,0.14413210761844003,0.0026088968223727366,kognition,0.1742815657206977,0,,,,,,,,,,,,,,,,,,,-1.0,,0.0,-0.32004162796333613,niedrig
7,2026-01-16,4,17,0.2701816414194326,3.1127882140260184,1.0853311461214932,1.00000000,2.5000,0.4753031683355751,0.009182103132932218,0.2433441916601825,0.15250837574700776,0.01831258625049674,0.2781180757547582,0.16549311207712905,0.009881132358660815,0.2605525437980223,0.38118912873308036,0.004082761554147597,0.1602750352706725,0.373499717790707,0.0054270159125768295,0.1823420855918675,0.440699815666199,0.016000095576218114,0.3166362655323865,0.38668465087889825,0.011016515613107215,0.26975586387725603,0.010557458628305646,kognition,0.08918347215153649,0,,,,,,,,,,,,,,,,,,,-1.0,,0.0,0.01762569313241126,niedrig
7,2026-01-23,4,15,0.18152297658117517,3.796394939885773,0.7984458287495391,1.00000000,2.5000,0.4224416399231062,0.004842911573388587,0.1564515367419675,0.19217649517733598,0.006442606408319831,0.19260044303387425,0.16494951603236624,0.00490243696605903,0.15378502864307875,0.3989884389722366,0.0017106121199479058,0.08429729864723,0.37610806604328734,0.00485353154337945,0.15243592347493498,0.47347202147948125,0.006588280946376694,0.18175026928252247,0.4224015569021067,0.005137914025720988,0.1692425301444525,0.004925470511884641,performanz,0.08391382578119194,1,,,,,,,,,,,,,,,,,,,-1.0,,0.0,-0.20995810750381613,niedrig
11,2025-11-13,1,5,0.247887329853058,3.2854268600743604,0.44317890360973755,1.00000000,5.0000,0.39528846328576195,0.013288964591287084,0.33578834534418994,0.1284235854378974,0.012684513463317726,0.303852560860134,0.1487511493203316,0.009855544327861586,0.264190559277058,0.42520182817435404,0.007658354922382775,0.26664199418792,0.378701526517072,0.011348067012982839,0.32221393166859,0.484177200458202,0.001354889106546121,0.10309312420929001,0.430155972569514,0.00525779487730065,0.18265570950996002,0.00877830404309697,performanz,0.0,0,,,,,,,,,,,,,,,,,,,-1.0,,0.0,-0.6313860139624232,niedrig
11,2025-11-20,1,4,0.3754869454658489,3.028061064931575,1.2993009195022986,1.00000000,2.0000,0.53401874787658,0.017170886130362998,0.3669535678181,-0.078760833316329,0.05321060960372176,0.5418342711988731,0.12718617241061425,0.0008484329804647675,0.07577332085925301,0.260370936087369,0.03254021565283462,0.492884758692544,0.437834325704245,0.006583632105282785,0.19180667618546005,0.40907739329946746,0.00027650219595806534,0.04206833358009998,0.35300039004297445,0.03036016754664838,0.427972788345602,0.020141492316467623,kognition,0.32387559238461183,1,,,,,,,,,,,,,,,,,,,-1.0,,0.0,0.9653375129969779,hoch
11,2025-11-27,1,5,0.25639989130723206,2.8508957096719802,0.5588859229447389,1.00000000,3.0000,0.388381799574244,0.009710994079298627,0.26249646734155996,0.1718171609119478,0.01831513662605554,0.307550032548615,0.1610843031353288,0.025386269187925796,0.397526592898369,0.417290599558496,0.002222200410732371,0.13971978773460003,0.373261634625966,0.006629676770183503,0.23820216697678998,0.47404806961639395,0.0009615519419427064,0.08577905687242998,0.435620031767822,0.002515075246221881,0.11392269424166002,0.009391557751765775,performanz,0.3535380352461628,1,,,,,,,,,,,,,,,,,,,-1.0,,0.0,0.3578358357033876,latent
11,2025-12-04,1,4,0.19119310008986543,3.71003009379455,0.39589338096229,1.00000000,1.0000,0.5362749490591899,0.0019508980698937511,0.11662522175432999,0.17301912062763025,0.024223680292380197,0.378553537821273,0.14427266917790227,0.004760764821673038,0.16742264874018103,0.35758844956735997,0.0013624351915369572,0.09683102456932002,0.45382121067887005,0.0007550991276077475,0.06490118791185995,0.41430576037553,0.002175443655887251,0.11394688679974996,0.34587026916236496,0.0013264803629943604,0.08363517345027,0.005222114503139043,kognition,0.2093676546570836,1,,,,,,,,,,,,,,,,,,,-1.0,,0.0,-0.17083918941981072,niedrig
11,2025-12-11,1,4,0.21055967035129577,3.78760688377025,0.7580740053902215,1.00000000,2.0000,0.5332802614629875,0.002420186069567632,0.13563447655526,0.14189554169111449,0.009317202491351253,0.22296804918830399,0.17715798482309825,0.013001484339680762,0.28923495223664697,0.3738527966865675,0.0004893500600247357,0.06156692363223004,0.40173443559179245,0.0004714978878111172,0.060912064194039994,0.4518284549777375,0.0017041351872839432,0.10561472680661,0.33829952526462503,0.016931518742726904,0.34310616430146,0.006333624968349478,kognition,0.0806344790040968,0,,,,,,,,,,,,,,,,,,,-1.0,,0.0,-0.3032020507921624,niedrig
11,2025-12-18,1,5,0.26945768025384165,3.1210186660022794,0.6242958254487719,1.00000000,3.0000,0.41550740719217405,0.012843376374194615,0.33531692145967007,0.2112449465034298,0.03111267112380466,0.519088890466311,0.18241379317351258,0.012848554025100097,0.271686718518889,0.393933628937192,0.0023699798190617515,0.14654060841032002,0.339652882154622,0.005662932567116831,0.19886189985493996,0.468374165943256,0.003184594738825288,0.16922284123635,0.43234029280115605,0.0045853327996783376,0.19705887285296003,0.010372491635397368,performanz,0.179115030870101,1,,,,,,,,,,,,,,,,,,,-1.0,,0.0,0.02459411661799958,niedrig
11,2026-01-08,1,5,0.7900442838285227,3.8080468110230408,0.8850169549530842,0.60000000,4.0000,0.348782702814198,0.07970171894929103,0.77243391609809,0.060438801997067415,0.016926363773039386,0.35621501346299,0.059788848494707204,0.03546839671420044,0.51404666976188,0.22132109970122998,0.09089548789250354,0.78888749900314,0.290619804277966,0.07416111948365003,0.70511901126861,0.249006877425226,0.17510226475714055,1.09337788557629,0.22693651578985202,0.15191461884029828,1.02912413248108,0.08916713863001761,kognition,0.40588619502298723,1,,,,,,,,,,,,,,,,,,,-0.6,,0.0,2.2067729567257772,hoch
11,2026-01-15,1,5,0.22664140927845094,3.8900650302691595,1.0137125241657587,1.00000000,3.0000,0.46964389119772204,0.008263696415112218,0.24702704052808006,0.13049935416869798,0.014098065289919018,0.30687404181739697,0.170163629811036,0.007421326695146039,0.22614212080044,0.39780018454231597,0.008422054764247908,0.27183075121027,0.399632793571044,0.010976807151266171,0.32172613703899,0.4541173817605141,0.0009028688324745472,0.08173852499779999,0.39737017234586,0.001281509251556415,0.09488605865907002,0.007338046914246045,kognition,0.3818967788230038,0,,,,,,,,,,,,,,,,,,,-1.0,,0.0,0.5675609797610944,hoch
11,2026-01-22,1,3,0.14037803837090448,3.7137345326623667,0.6791790493937635,1.00000000,2.0000,0.51101681207436,0.002680001690420671,0.12631767591464005,0.06332859578280299,0.0007253449649885496,0.06550333362994099,0.16658020143097999,0.005824230392317922,0.16661741567896,0.3372165723822633,0.001836955010581124,0.09507821618720003,0.43606579344510665,0.005016122216682792,0.16110355313539,0.4577897947066267,0.0016241640848590738,0.09837481986426999,0.4170742190625967,0.0019991752970129916,0.10660567592130005,0.002815141950980447,kognition,0.1078700326272365,0,,,,,,,,,,,,,,,,,,,-1.0,,0.0,-0.3894744107746022,niedrig
11,2026-01-29,1,4,0.19105708567361884,3.440916989380825,0.8435985723327943,1.00000000,3.0000,0.4431784740697075,0.004064490581430434,0.16634310075652003,0.1328355916171285,0.006284558751644588,0.169909860483881,0.18391374782851025,0.012356092490485516,0.273438147013399,0.40587611424889003,0.0017985854754370954,0.11318765749016002,0.3910204365784,0.007487536861425379,0.21199375569183,0.4746927766035475,0.002159152330937243,0.12016415095264998,0.41551002727293496,0.0023523934947362775,0.12977380579787,0.005214687140870934,performanz,0.12948007090439922,1,,,,,,,,,,,,,,,,,,,-1.0,,0.0,-0.06585710036728101,niedrig
