teilnehmer_feedback_id,teilnehmer_ue_id,teilnehmer_id,gruppe_id,erfasst_am,teilnehmer_datum,mitarbeit,absprachen,selbststaendigkeit,konzentration,fleiss,lernfortschritt,beherrscht_thema,transferdenken,basiswissen,vorbereitet,themenauswahl,materialien,methodenvielfalt,individualisierung,aufforderung,zielgruppen,emotions,bemerkungen,id_mtr_rueckkopplung_datenmaske,datum,satzanzahl,mean_kognition,mean_sozial,mean_affektiv,mean_motivation,mean_methodik,mean_performanz,mean_regulation,var_kognition,var_sozial,var_affektiv,var_motivation,var_methodik,var_performanz,var_regulation,d_semantisch_mean,d_semantisch_std,semantische_breite,dominanz_breite,x_kognition,x_sozial,x_affektiv,x_motivation,x_methodik,x_performanz,x_regulation,dominante_dimension,dominante_dimension_wert,polaritaet_gesamt,d_semantisch,token_anzahl,funktionsklassen_anzahl_gesamt,tn_belastung_mean,tn_belastung_std,tn_state_norm,teilnehmer_drift,emotion_count,emotion_valenz_mean,emotion_valenz_std,emotion_aktivierung_mean,emotion_ambivalenz,lehrkraft_varianz_mean,lehrkraft_varianz_max,semantische_instabilitaet,uebergangsindex,uebergangsphase_flag
32,10,2,1,2025-09-15 15:35:00,2025-09-15,3.0,3.0,4.0,4.0,3.0,2.0,3.0,3.0,2.0,2.0,2.0,2.0,2.0,2.0,1.0,2.0,"22,25,12,24,11,20",,753,2025-09-15,5,0.47606136982091796,0.1498276124776462,0.14873211664524402,0.39036826828369203,0.42290617170242406,0.44786727328181997,0.39245049968271195,0.006558720758502464,0.01638921730440787,0.011439704771001646,0.0032214832615711834,0.0015491157662040058,0.0002903344543726296,0.003502203633879812,3.78100172755832,0.9263406240760047,0.20724569947272636,3.0,0.41434759234457,0.25073390684332,0.2953313310046,0.41005508838345,0.41435791097519,0.41370722454301,0.40894168077465,methodik,0.41435791097519,1.0,5.9421199514541,52,7,2.5,0.816496580927726,6.782329983125268,,6.0,-0.12499999999999999,0.658223619549871,0.5083333333333333,0.3333333333333333,0.006135825707134231,0.01638921730440787,1.377862107849577,0.47924457954861105,True
38,12,2,5,2025-09-17 15:35:00,2025-09-17,1.0,2.0,1.0,1.0,2.0,1.0,1.0,1.0,1.0,2.0,2.0,1.0,2.0,2.0,1.0,2.0,"3,28,1,23,4,8,13",,752,2025-09-17,3,0.4597178677217033,0.15274181229601833,0.24659535915584666,0.3960129429480967,0.39080456373074335,0.48946157472243,0.3601760706222434,0.0058790173944145456,0.008666226620450414,0.0023921837142544676,0.0030208723377932625,0.002073206660192785,0.00024516282923592775,0.003384276783779795,3.8265341671335,0.4597326557927635,0.16019034409140018,2.0,0.40282849305269,0.23023296799141,0.32690292180837,0.4169541290675,0.40201624461803,0.41378722817064,0.4137213876878,motivation,0.4169541290675,1.0,5.8791610443023,33,7,1.4375,0.51234753829798,2.6457513110645907,5.916079783099616,7.0,0.8171428571428571,0.10291664945330216,0.5642857142857143,0.0,0.0036658494771601704,0.008666226620450414,0.8733076666280546,-0.1482351266685335,False
51,17,2,1,2025-09-22 15:35:00,2025-09-22,2.0,2.0,2.0,3.0,2.0,1.0,2.0,2.0,3.0,1.0,1.0,2.0,2.0,2.0,1.0,2.0,"3,28,1,23,4,8,13,2",,751,2025-09-22,5,0.542894483891774,0.08104951881704839,0.16023334433337202,0.329272657265898,0.419586832882788,0.489553102612916,0.340286657580886,0.0035726484512513313,0.010637645014051744,0.0005016280514621938,0.0013165180510398163,0.005248055826936271,0.007184854486416538,0.004623926306205542,3.6104835920823,0.5677926837009476,0.18189358478891837,2.0,0.43266463240139,0.13416774119697,0.27449163831336,0.41266492919998,0.43170039887983,0.43433546890076,0.41730841191583,performanz,0.43433546890076,1.0,5.7385340594605,43,7,1.875,0.6191391873668903,4.242640687119285,3.872983346207417,8.0,0.8025,0.10377258790258631,0.53125,0.0,0.004726468026766205,0.010637645014051744,0.916562089496622,-0.27677268613714034,False
79,26,2,1,2025-09-29 15:35:00,2025-09-29,3.0,2.0,3.0,2.0,1.0,3.0,3.0,3.0,2.0,2.0,2.0,2.0,1.0,2.0,1.0,2.0,"9,24",,748,2025-09-29,5,0.4912463275445139,0.12397744852440817,0.12492585918703758,0.354637022276046,0.393465244847622,0.434966157547976,0.414757945638372,0.02160172516122951,0.021151136144372622,0.008951654763849697,0.007106508712814047,0.00862178926618489,0.0017514529031163635,0.01670713546211566,3.3360192703706,0.9306520609564388,0.29307235013505245,3.0,0.44268823674278,0.1282568031468,0.1841419263421,0.42246640009593,0.4425133401751,0.44170941723204,0.42925792817169,kognition,0.44268823674278,1.0,5.5946308080497,38,7,2.125,0.7187952884282609,5.291502622129181,3.7416573867739413,2.0,0.17500000000000002,0.625,0.75,0.5,0.012270200344811827,0.02160172516122951,1.407908137030497,0.7996555310215763,True
92,30,2,5,2025-10-01 15:35:00,2025-10-01,2.0,1.0,2.0,2.0,2.0,1.0,2.0,1.0,2.0,1.0,2.0,1.0,2.0,2.0,2.0,2.0,"23,4,9,8,2",,747,2025-10-01,3,0.4883442361471733,0.047151180589166765,0.20602516880496,0.3335598015940133,0.43166810625943336,0.5096440686652967,0.3803585308188901,0.001224864222531882,0.0015503093149039158,0.003501037442529899,0.002024861043014475,0.002199323775583873,0.00018777267951832185,0.004147557540145176,3.734354579867933,0.3193295862138917,0.1218019951323768,2.0,0.44923345541271,0.045599996588917,0.28479639868479,0.39201358515164,0.4408606009954,0.4427048999786,0.41349378894032,kognition,0.44923345541271,1.0,5.7277974011613,38,7,1.6875,0.47871355387816905,3.3166247903554,4.123105625617661,5.0,0.784,0.05314132102234569,0.57,0.0,0.002119389431175363,0.004147557540145176,0.8137105271154228,-0.5085227757714257,False
106,35,2,1,2025-10-20 15:35:00,2025-10-20,2.0,1.0,2.0,2.0,2.0,1.0,1.0,2.0,1.0,2.0,2.0,1.0,2.0,2.0,2.0,2.0,"22,9,8,14,2",,745,2025-10-20,5,0.5384374393450281,0.09610209292648679,0.16104005981875397,0.309330638541182,0.4447010958787,0.457775924599206,0.38837246569209605,0.003397116981386756,0.0035244768503794634,0.004254096195951113,0.003526871383596493,0.0008684595996462684,0.0007106760951170022,0.004792123810357972,3.8347415388341397,0.4932946918804349,0.1451682503732654,2.0,0.43039890107301,0.17947355550609,0.28094108767791,0.40230486004681,0.42776518208003,0.42747914006876,0.41957602319795,kognition,0.43039890107301,1.0,5.8338997731266,39,7,1.6875,0.47871355387816905,3.3166247903554,2.0,5.0,0.47400000000000003,0.5884759978112956,0.39999999999999997,0.2,0.0030105458452050096,0.004792123810357972,0.8794876474179002,-0.33458085721642217,False
141,47,2,5,2025-10-29 15:35:00,2025-10-29,2.0,1.0,1.0,2.0,2.0,1.0,1.0,2.0,2.0,1.0,2.0,2.0,2.0,2.0,1.0,2.0,"23,13,2",,741,2025-10-29,4,0.52334879898547,0.06460065612407276,0.11696267790113327,0.328541512694725,0.43836217269891753,0.4388249201867675,0.44452890347993246,0.002239958841209012,0.0029111184244011716,0.000787858860506706,0.0006520119339690015,0.005544526856022697,0.0032259928698810726,0.002610225937095711,3.1276226386606503,0.6262334148413419,0.1340585458786025,4.0,0.45662217365056,0.064978471036831,0.18615887732918,0.40870249613518,0.43869246090181,0.44499442243806,0.44170860122713,kognition,0.45662217365056,1.0,5.6637408345364,27,7,1.625,0.5,3.1622776601683795,2.23606797749979,3.0,0.7766666666666667,0.0758653778449403,0.5166666666666667,0.0,0.0025673848175836247,0.005544526856022697,1.586763986906648,-0.4897447747894728,False
155,51,2,1,2025-11-03 15:35:00,2025-11-03,2.0,1.0,3.0,3.0,2.0,2.0,3.0,2.0,1.0,2.0,1.0,2.0,1.0,2.0,1.0,2.0,"23,8,13",,740,2025-11-03,4,0.471535411487215,0.1818770369318835,0.2390492414943925,0.37987456879169496,0.396155276287765,0.427814968295885,0.39140091110346,0.006511991120019777,0.016362432397152793,0.008715100811481203,0.004865846434572062,0.005234897377409823,0.0019257076425015962,0.006344622116215787,3.535186847402325,0.7231806035644932,0.2235186746098702,2.0,0.41001167915663,0.27090537473584,0.32949833554102,0.39816106323653,0.4077158463438,0.41073563351384,0.39555026737138,performanz,0.41073563351384,1.0,6.0069344107478,39,7,1.875,0.7187952884282609,4.47213595499958,3.7416573867739413,3.0,0.8166666666666665,0.053124591501697425,0.5833333333333334,0.0,0.007137228271336149,0.016362432397152793,0.9822330927247878,-0.11902873706662842,False
186,59,2,1,2025-11-10 15:35:00,2025-11-10,2.0,1.0,3.0,2.0,2.0,2.0,3.0,3.0,2.0,1.0,2.0,2.0,2.0,1.0,1.0,2.0,"5,1,13,2",,1148,2025-11-10,4,0.4904148817314425,0.04353983518251475,0.15396448757075876,0.3607956538725025,0.43410008365609004,0.4849928341360875,0.4051158209921675,0.0029582001074297494,0.00036818344340188293,0.003721115434202759,0.0032062300261317244,0.00022003947004402041,0.0017140238725468656,0.0037464717029783694,4.1649784045348754,0.6722100673483464,0.12623099483381794,3.0,0.43543892011333,0.0,0.2118351210916,0.43444325721882,0.43712620656033,0.43681616801048,0.44145973558406,regulation,0.44145973558406,1.0,5.7120828123164,39,6,1.9375,0.6800735254367721,4.58257569495584,2.6457513110645907,4.0,0.8200000000000001,0.07874007874011812,0.4875,0.0,0.0022763234366764812,0.0037464717029783694,1.2661470207273882,-0.41932989532307774,False
198,63,2,5,2025-11-12 15:35:00,2025-11-12,3.0,2.0,1.0,3.0,3.0,2.0,2.0,2.0,1.0,2.0,1.0,2.0,1.0,3.0,1.0,2.0,5,,1147,2025-11-12,4,0.4345023436586475,0.17966133246075675,0.17178318294297024,0.436086994551705,0.3989213530969675,0.4342034921567025,0.42832633224393746,0.0012744347031638033,0.009138756527776373,0.00945432484226185,0.0026990971932276796,0.0035223482288563633,0.0013162756898186653,0.000703463447891642,3.9345957276703,0.3562945605365266,0.1676564959463139,4.0,0.41365879297997,0.31041759588385,0.24873298126281,0.4067259569733,0.41045530394932,0.4138228177626,0.4068254727819,performanz,0.4138228177626,1.0,5.9298343064268,31,7,1.9375,0.7719024117939607,4.795831523312719,4.242640687119285,1.0,0.8,0.0,0.4,0.0,0.004015528661856625,0.00945432484226185,1.50798368549428,-0.406541735485316,False
217,68,2,1,2025-11-17 15:35:00,2025-11-17,2.0,2.0,3.0,3.0,2.0,1.0,3.0,2.0,1.0,1.0,2.0,2.0,1.0,2.0,1.0,2.0,"23,9,25",,1146,2025-11-17,5,0.35650786870518997,0.07568203453251021,0.019727487694999,0.23755111921453603,0.28782424045447397,0.25469859484583396,0.21487365161336802,0.07810198048138138,0.023846637472982248,0.025709898391846737,0.0926748051265385,0.07460397573375019,0.16337962052103508,0.15814782441253664,4.04313166042798,0.5609655109623757,0.7851526871507674,2.0,0.43206079980201,0.20010074092823,0.17908190624689,0.42607375450167,0.43160410779951,0.43570847934006,0.42842331125466,performanz,0.43570847934006,1.0,5.7688780713009,42,7,1.875,0.7187952884282609,4.47213595499958,3.3166247903554,3.0,0.3166666666666667,0.6485025486114573,0.6666666666666666,0.3333333333333333,0.08806639173429583,0.16337962052103508,1.115372732704381,1.3284240836098813,True
228,71,2,1,2025-11-24 15:35:00,2025-11-24,1.0,2.0,1.0,2.0,1.0,1.0,1.0,2.0,1.0,2.0,2.0,1.0,2.0,3.0,2.0,2.0,3,,1145,2025-11-24,4,0.45881595806788744,0.09189732143843099,0.15124310713851324,0.39187670412805753,0.4104110223996575,0.48046166777746,0.41215706419308495,0.0057386956347069504,0.005463029704765804,0.008502746459696477,0.002692812707302142,0.008736631911143657,0.0018250790897618987,0.0024825503147876036,3.801498206501325,0.5088436959858745,0.18825925162436116,4.0,0.43972465223478,0.086913936171134,0.24615084216543,0.4228248615603,0.43578533368863,0.43240656209391,0.42758546357288,kognition,0.43972465223478,1.0,5.7527233494533,38,7,1.625,0.6191391873668903,3.4641016151377544,4.0,1.0,0.92,0.0,0.5,0.0,0.005063077974594933,0.008736631911143657,1.5657009825367452,-0.2955288666105631,False
241,75,2,5,2025-11-26 15:35:00,2025-11-26,3.0,1.0,2.0,2.0,2.0,1.0,1.0,2.0,1.0,1.0,2.0,1.0,3.0,2.0,1.0,2.0,8,,1144,2025-11-26,3,0.48543247365008674,0.17206991063102098,0.27861325673666665,0.38086530111953,0.3743581104237567,0.43645012451669,0.2519415552319933,0.013762912652204579,0.04043827837582271,0.01685746794056163,0.01422953669381497,0.018382865147225536,0.0042698897847288355,0.010007974648942883,3.3478552329685667,1.2540973904877302,0.34343693051752766,3.0,0.45345741411223,0.10243568053339,0.26553556693088,0.39179862131125,0.44365578807249,0.4599399051776,0.3892162501482,performanz,0.4599399051776,1.0,5.6434386263274,37,7,1.6875,0.704154339142587,3.872983346207417,3.3166247903554,1.0,0.82,0.0,0.5,0.0,0.016849846463328735,0.04043827837582271,1.532511440335086,0.41031652356207965,True
265,81,2,5,2025-12-03 15:35:00,2025-12-03,3.0,1.0,3.0,3.0,2.0,2.0,3.0,3.0,2.0,1.0,1.0,2.0,2.0,1.0,2.0,2.0,"25,20",,1141,2025-12-03,3,0.39834934256761007,0.18064383741688336,0.15736318664998333,0.44161170790914667,0.326937276011959,0.46284878663831003,0.41257348692552664,0.023380583528255713,0.01740017801622247,0.005870338092348819,0.01970298926150166,0.029942594290156544,0.0005749300204147679,0.000689826224326508,3.7473851403375664,1.2431521043354878,0.3123482662561559,3.0,0.46797508339359,0.17258099786974,0.21492071466311,0.39703615917181,0.43886386126762,0.43292318527052,0.40909535173353,kognition,0.46797508339359,1.0,5.6893442361162,42,7,2.0625,0.7719024117939607,5.196152422706632,3.7416573867739413,2.0,-0.6,0.0,0.6,0.0,0.013937348490460926,0.029942594290156544,1.518500123530548,0.398130643250308,True
283,86,2,1,2025-12-08 15:35:00,2025-12-08,2.0,3.0,1.0,2.0,2.0,1.0,1.0,1.0,3.0,2.0,3.0,1.0,2.0,1.0,2.0,2.0,"8,2",,1140,2025-12-08,5,0.405938227862966,0.147609950379974,0.156084328622786,0.41677873481360395,0.406673853945386,0.465335522712418,0.46772455201136004,0.0020762532161594164,0.0026774416114336203,0.005174343848381982,1.1054686726966055e-05,0.0021482561194515596,0.000592279856693574,0.001987612592008338,4.61772955941556,0.3353227427635382,0.12110838918446341,3.0,0.40860422889979,0.27330842928342,0.29892584751905,0.40895815065433,0.40793401541756,0.4094370463789,0.40949902781765,regulation,0.40949902781765,1.0,5.9779136270371,48,7,1.8125,0.75,4.358898943540674,5.0990195135927845,2.0,0.76,0.06,0.4,0.0,0.0020953202758364937,0.005174343848381982,1.152143710649334,-0.3847639407096443,False
294,89,2,5,2025-12-10 15:35:00,2025-12-10,4.0,2.0,3.0,3.0,3.0,2.0,1.0,2.0,2.0,3.0,2.0,2.0,3.0,2.0,3.0,2.0,"18,8",,1139,2025-12-10,4,0.6075257743409349,0.07933208867459099,0.18681313453966,0.2670461185652493,0.44754580924978504,0.37112788184337503,0.32058904840143254,0.01566380089945603,0.0054023020273214414,0.0035143618793516663,0.015123698367733841,0.00333992756001369,0.016662524715496254,0.01788254418040584,3.638278471464925,1.130146816259029,0.2785483075335026,1.0,0.44159940881233,0.11975951063553,0.27613490249807,0.39559870770122,0.43780736787729,0.4363274480609,0.4193308677682,kognition,0.44159940881233,1.0,5.7308505511929,46,7,2.4375,0.7274384280931732,6.4031242374328485,4.47213595499958,2.0,0.15999999999999998,0.6599999999999999,0.35,0.5,0.011084165661396967,0.01788254418040584,0.8028983745975106,1.0045584462891672,True
325,96,2,1,2026-01-19 15:35:00,2026-01-19,1.0,2.0,3.0,2.0,3.0,1.0,2.0,3.0,3.0,3.0,3.0,2.0,1.0,2.0,1.0,3.0,25,,1138,2026-01-19,4,0.42015203516467503,0.14383402329175224,0.2601118922415075,0.39694699139517253,0.336845177772985,0.480640106544875,0.4209260400538475,0.02010728132920711,0.012404742760621113,0.012717455895116905,0.004263092875967467,0.004725601692105194,0.0006245777370450685,0.0010513655287891523,3.1624642948331503,0.4697605414596432,0.23641936853576953,2.0,0.42880093141155,0.19034326903199,0.31476131013114,0.40764498269361,0.39771161950895,0.4237043180091,0.4206504507064,kognition,0.42880093141155,1.0,5.8757492001262,39,7,2.1875,0.8341662504161466,5.744562646538029,4.898979485566356,1.0,-0.6,0.0,0.7,0.0,0.007984873974121716,0.02010728132920711,0.9020599699984709,-0.14820491237535516,False
328,97,2,5,2026-01-21 15:35:00,2026-01-21,1.0,1.0,1.0,2.0,2.0,2.0,1.0,2.0,1.0,2.0,2.0,1.0,2.0,2.0,1.0,2.0,"23,8,13,12",,1137,2026-01-21,4,0.42947104032130995,0.1916794392700325,0.2843512034618675,0.40172995919977,0.36563551395451,0.4670473231333025,0.35863240276728,0.01850370854568843,0.012908144806620347,0.009364610969667201,0.0043297918864407675,0.007305511946452383,0.002082966062168708,0.0016305492866947318,3.51212317150165,0.8012574507402369,0.2369077531524297,2.0,0.41698229079498,0.24817144458703,0.35647233148454,0.39394918781063,0.40165401634047,0.41707747209738,0.38338665459876,performanz,0.41707747209738,1.0,6.0167121965807,42,7,1.5625,0.51234753829798,3.0,4.242640687119285,4.0,0.8174999999999999,0.046029881598804924,0.5625,0.0,0.008017897643390367,0.01850370854568843,1.0127217346308888,0.0157183975349382,False
5,2,3,3,2025-09-09 15:35:00,2025-09-09,1.0,1.0,2.0,1.0,1.0,1.0,1.0,1.0,2.0,2.0,1.0,1.0,1.0,1.0,1.0,1.0,"6,25,24,2",,320,2025-09-09,4,0.483526158225995,0.0606575526526605,0.13035684298975525,0.3662116962182825,0.41889852862341503,0.4736300572794675,0.442346852687225,0.003545039783030016,0.0005424964954811813,0.0078565188628361,0.000502076835841352,0.0011979333594923738,0.0004736278410255742,0.001823253019140917,3.54235854973935,0.899508459181704,0.1262574599651344,3.0,0.44610544385923,0.044005005883703,0.21009793773487,0.42209090084156,0.43855567854728,0.44135520563726,0.43545678495694,kognition,0.44610544385923,1.0,5.7010630423058,43,7,1.1875,0.4031128874149275,1.7320508075688772,,4.0,0.12499999999999999,0.6543126164151201,0.575,0.5,0.0022772780281210734,0.0078565188628361,1.3419219730489462,0.5894088896996141,True
84,28,3,3,2025-09-30 15:35:00,2025-09-30,2.0,2.0,2.0,2.0,2.0,2.0,2.0,2.0,3.0,1.0,1.0,2.0,1.0,1.0,1.0,1.0,"15,21,16,20",,316,2025-09-30,2,0.409451544464055,0.0514710027222455,0.032012330633226505,0.41043428775849,0.463836092808495,0.456338694525545,0.48634489980713,5.028338507263444e-07,2.2560690335134363e-06,2.5052619861586214e-08,0.00019881875128837382,3.5557176565307304e-07,1.1348902030146529e-05,7.843813366613802e-05,3.13806054061695,0.9674695750490501,0.017080553686997763,1.0,0.42030066081646,0.0,0.0,0.4255761786994,0.46048460315849,0.45414698332024,0.47321572762623,regulation,0.47321572762623,1.0,5.5654917891717,10,5,1.6875,0.6020797289396148,3.605551275463989,3.1622776601683795,4.0,-0.7875,0.11388041973930375,0.55,0.0,4.1677902036344695e-05,0.00019881875128837382,0.6615167095786826,-0.275985619551218,False
112,37,3,3,2025-10-21 15:35:00,2025-10-21,1.0,1.0,1.0,2.0,1.0,1.0,1.0,1.0,1.0,1.0,1.0,1.0,1.0,1.0,1.0,1.0,"5,28,1,4,8,14,7,12,2,11",,314,2025-10-21,4,0.4821695428914375,0.18153302676686034,0.140383548686524,0.3899450280432775,0.40870049146200504,0.44420999250211746,0.37328946784326755,0.0050338246410329395,0.024793079119269968,0.009161159406948402,0.0058501339544663085,0.005429023132937048,0.002627569692586284,0.00618945918950848,3.6272379157389256,0.7079727650914477,0.2430725182671818,3.0,0.42575128723129,0.1905326239347,0.22017583704815,0.42233147083214,0.42634213542902,0.42546184657685,0.43909344131963,regulation,0.43909344131963,1.0,5.812894724612,38,7,1.0625,0.25,1.0,3.4641016151377544,10.0,0.782,0.0793473376995095,0.4800000000000001,0.0,0.008440607019535633,0.024793079119269968,1.3170150944528765,-0.13235513290486503,False
164,53,3,3,2025-11-04 15:35:00,2025-11-04,3.0,2.0,1.0,3.0,2.0,1.0,1.0,1.0,1.0,1.0,1.0,1.0,1.0,1.0,2.0,1.0,"1,15,21,13,11",,312,2025-11-04,4,0.425497140342515,0.1723318660736475,0.19295874508394625,0.3956301461467625,0.39500660498807,0.43804772643492,0.45806859948712997,0.004643729244133083,0.007024160707540526,0.010505178853278806,0.006052413877327427,0.0017734257591490174,0.00013296314634093904,0.007617892661446727,4.07826599865005,0.4990012306668612,0.1942929855893324,3.0,0.41341253168377,0.24355369485626,0.27215631103705,0.41398602287895,0.41861503184316,0.41541220794976,0.42012969853035,regulation,0.42012969853035,1.0,5.9160835359591,30,7,1.4375,0.7274384280931732,3.3166247903554,2.8284271247461903,5.0,0.182,0.8233686901989897,0.51,0.4,0.0053928234641737885,0.010505178853278806,1.231098072085398,0.09765036744892219,False
191,61,3,3,2025-11-11 15:35:00,2025-11-11,3.0,2.0,2.0,3.0,2.0,1.0,1.0,1.0,1.0,1.0,1.0,2.0,2.0,1.0,2.0,1.0,"15,21,20",,1232,2025-11-11,4,0.3795143359506,0.2443561923019725,0.271792261772775,0.40873119105309996,0.3047730158652975,0.410656601766605,0.432775959016335,0.012191793241222156,0.019396543921211498,0.013803700505562054,0.008867903640309883,0.010701074475257052,0.0026650637387475567,0.03887141236428156,2.828407646510475,1.324510608716878,0.3263395346668738,3.0,0.42789778589988,0.23881576636779,0.27853372086809,0.39769574233087,0.40151072448346,0.42426138820802,0.427686382226,kognition,0.42789778589988,1.0,5.9728328520016,31,7,1.625,0.7187952884282609,3.7416573867739413,1.7320508075688772,3.0,-0.75,0.10801234497346433,0.45,0.0,0.015213927412370251,0.03887141236428156,1.5502833811279173,0.24777746186831812,False
233,73,3,3,2025-11-25 15:35:00,2025-11-25,2.0,2.0,1.0,2.0,2.0,1.0,1.0,1.0,1.0,1.0,1.0,2.0,1.0,1.0,2.0,1.0,"1,8,14,13,11",,1229,2025-11-25,4,0.4671616768119875,0.11311354756241519,0.19238942208005325,0.398373341096785,0.38966207907222,0.4413160663896075,0.355154385464095,0.023442508841119286,0.017551790858442877,0.020659093096069624,0.018172962454953135,0.014452396545572824,0.002844922104820793,0.0033886812580603614,3.1290510540392003,0.8047190339469414,0.31703683565011637,3.0,0.44174888197678,0.1847214042128,0.28771306559096,0.40449479918347,0.42551578381415,0.42744497310727,0.40070527813107,kognition,0.44174888197678,1.0,5.7633616004439,31,7,1.375,0.5,2.449489742783178,2.0,5.0,0.826,0.057131427428342804,0.52,0.0,0.014358907879862699,0.023442508841119286,1.3739186231990193,-0.11221219112344405,False
50,16,4,9,2025-09-19 15:35:00,2025-09-19,3.0,3.0,4.0,3.0,3.0,3.0,4.0,4.0,4.0,2.0,2.0,1.0,2.0,3.0,4.0,3.0,"17,5,15,6",,731,2025-09-19,5,0.15228573507831392,-0.013263737839942596,0.018351829963885995,0.08487013871602059,0.151931408392936,0.158492213520872,0.18250574466027197,0.3473681607112772,0.015849260823032747,0.04372506627202547,0.08383919578113362,0.13585351125300785,0.11451453693563333,0.14642427281829792,2.86315510156418,0.9441013243131257,0.9421114608125772,3.0,0.58443800927355,-0.0085129645696039,0.18604972274332,0.28537747305456,0.49383253983199,0.43535814467547,0.32999142221814,kognition,0.58443800927355,1.0,6.0404178494685,47,7,3.0,0.8944271909999159,8.717797887081348,,4.0,-0.03749999999999998,0.8634053219664563,0.5875,0.5,0.12679628637062973,0.3473681607112772,1.628737595041901,2.8254693465118654,True
63,21,4,5,2025-09-24 15:35:00,2025-09-24,2.0,2.0,3.0,3.0,2.0,1.0,4.0,3.0,4.0,3.0,2.0,3.0,3.0,3.0,2.0,3.0,"5,3,28,1,6",,730,2025-09-24,5,0.5344745598520421,0.0378964431293754,0.12644546955627997,0.33015671122516393,0.46244962457432004,0.47238307624555603,0.36114390600104,0.0038984836405376528,0.00013024931866768394,0.003415917336492548,0.004002534814444174,0.0026271556701432026,0.0032546920430226384,0.0031409281375715734,2.55271240450058,0.7333696324802529,0.14307327130138414,3.0,0.46900610890987,0.0,0.17952457081996,0.40510194418616,0.44744777563555,0.45686794573445,0.41803731656425,kognition,0.46900610890987,1.0,5.581443673912,28,6,2.6875,0.7932002689527196,7.416198487095663,4.358898943540674,5.0,0.8140000000000001,0.11482160075525862,0.47000000000000003,0.0,0.002924280137268496,0.004002534814444174,1.292147634593879,-0.1544142608842506,False
75,25,4,9,2025-09-26 15:35:00,2025-09-26,2.0,3.0,3.0,2.0,3.0,2.0,4.0,2.0,3.0,4.0,3.0,3.0,2.0,3.0,3.0,1.0,5,,729,2025-09-26,5,0.4777732630042119,0.0732381060208958,0.12137177259067902,0.367110995177698,0.43233831492113206,0.4455514571771141,0.451834624795596,0.009022365049068629,0.003659934220666927,0.004209514885280737,0.002546406483143798,0.003299140856208588,0.0010811757469115818,0.0034556457683284332,3.52347007907782,0.8068620918801009,0.16514897217242586,3.0,0.44195098605942,0.094114945383255,0.21316127834088,0.42574998871207,0.43527380084108,0.43763382569676,0.43374047233085,kognition,0.44195098605942,1.0,5.7552581951224,37,7,2.6875,0.7932002689527196,7.416198487095663,3.7416573867739413,1.0,0.8,0.0,0.4,0.0,0.0038963118585155277,0.009022365049068629,1.324003688017509,-0.14289868218533447,False
129,43,4,9,2025-10-24 15:35:00,2025-10-24,2.0,2.0,3.0,3.0,4.0,2.0,3.0,4.0,2.0,4.0,3.0,4.0,2.0,3.0,4.0,2.0,"5,28,6",,723,2025-10-24,4,0.460062254238725,0.21114133335748275,0.1556793511757989,0.392526676436855,0.41298427063112253,0.44428044479687,0.375764074789535,0.010806386073642538,0.02053458203434124,0.007861174006838067,0.008145878197793095,0.0028803891378873826,0.002265046456563813,0.0038101392637473336,3.9644063173485753,0.928077053309684,0.23728378615239068,3.0,0.40700204121894,0.2871813699118,0.2944910829054,0.40811664420227,0.40412132061207,0.4105016184501,0.40836632562818,performanz,0.4105016184501,1.0,6.0067070587482,45,7,2.9375,0.8539125638299665,8.426149773176359,3.4641016151377544,3.0,0.75,0.10801234497346433,0.4166666666666667,0.0,0.008043370738687638,0.02053458203434124,1.3884536131540248,0.01758719908760593,False
131,44,4,1,2025-10-27 15:35:00,2025-10-27,2.0,2.0,2.0,2.0,2.0,2.0,2.0,3.0,2.0,2.0,2.0,2.0,3.0,2.0,3.0,3.0,"5,3,1",,722,2025-10-27,4,0.425359674082515,0.14553729081186925,0.088090482918949,0.40980717851238996,0.42193316878278997,0.45990664153873245,0.4366372894490125,0.0031695076576994195,0.016954475873700026,0.008126946281168841,0.0022110156538516796,0.000520273393292072,0.006655251525849806,0.004348710591114334,3.308728107182125,0.5045920202223814,0.20490529758079992,2.0,0.43296672074616,0.19249045118949,0.2158734805798,0.41882716279367,0.42687360168041,0.43810933380752,0.42344464343215,performanz,0.43810933380752,1.0,5.7690213415461,38,7,2.25,0.4472135954999579,5.291502622129181,4.58257569495584,3.0,0.8733333333333334,0.0524933858267454,0.5,0.0,0.005998025853810882,0.016954475873700026,0.9031657726010605,-0.2069657730789099,False
213,67,4,9,2025-11-14 15:35:00,2025-11-14,3.0,3.0,4.0,3.0,3.0,4.0,3.0,3.0,3.0,3.0,4.0,4.0,3.0,3.0,3.0,3.0,6,,1119,2025-11-14,5,0.48117787627433406,0.0941449542508812,0.20823007715550762,0.39711673654673996,0.398410354779252,0.46020796626759,0.390169452658448,0.0006010174796104408,0.013796695388437353,0.013958894186903928,0.0003543070364871821,0.0013455138949110537,0.004229353887920073,0.0014967383271756516,3.37345573463542,0.7144165076743118,0.18916268184143956,2.0,0.42147241413858,0.13546426445425,0.32396742224043,0.41641236702502,0.41722578021721,0.421840154959,0.41668500223981,performanz,0.421840154959,1.0,5.8343140362872,36,7,3.25,0.4472135954999579,9.16515138991168,4.898979485566356,1.0,0.85,0.0,0.5,0.0,0.005111788600206527,0.013958894186903928,0.9678597298385837,-0.041674612081851393,False
251,77,4,7,2025-11-27 15:35:00,2025-11-27,2.0,3.0,2.0,2.0,2.0,3.0,3.0,2.0,2.0,2.0,2.0,2.0,2.0,3.0,2.0,2.0,6,,1118,2025-11-27,5,0.5735121294521239,0.07308565341161419,0.132633206582848,0.30353942935412603,0.45248861268359,0.430033047593054,0.37609425594757406,0.0020344051728234994,0.0016679563983208,0.005053431452628455,0.005376427492909035,0.0012642703040779296,0.0011811453996132095,0.008306861525954817,2.77562037513024,0.9822547008582001,0.1577482099623566,1.0,0.45292933832881,0.11961225205247,0.23017636310966,0.3992196764732,0.44304281469265,0.44147293809119,0.42071557284775,kognition,0.45292933832881,1.0,5.6633522939758,37,7,2.25,0.4472135954999579,5.291502622129181,4.69041575982343,1.0,0.85,0.0,0.5,0.0,0.003554928249475392,0.008306861525954817,0.7133343036068522,0.08347406217759605,False
255,79,4,9,2025-11-28 15:35:00,2025-11-28,2.0,2.0,2.0,2.0,2.0,2.0,2.0,2.0,2.0,2.0,2.0,2.0,2.0,2.0,2.0,2.0,6,,1117,2025-11-28,4,0.4921516091811525,0.14677434443071674,0.22409894677023998,0.3814099468596725,0.38630908634282,0.39773578338312254,0.4584616057658375,0.0011995804614609736,0.005247069055502388,0.0015782610631660597,0.0063311239846012965,0.0016554506731112952,0.00347519437054627,0.0034416508179605843,3.26979560419145,0.6483570031312582,0.15142103693459794,2.0,0.40792784991032,0.26367643796438,0.33547369832152,0.40399711958327,0.40061746234548,0.40443181111618,0.40527830750528,kognition,0.40792784991032,1.0,5.9120378820954,49,7,2.0,0.0,4.0,2.0,1.0,0.85,0.0,0.5,0.0,0.0032754757751926955,0.0063311239846012965,0.9332593466886188,-0.4779441254870225,False
9,3,5,4,2025-09-09 17:10:00,2025-09-09,2.0,2.0,3.0,2.0,2.0,3.0,3.0,2.0,3.0,1.0,2.0,2.0,2.0,0.0,2.0,2.0,"22,1,15,6,23,4,25,20",,424,2025-09-09,5,0.29010198185488,0.1265909524588966,0.1289570597593872,0.26531944018438003,0.243692565463724,0.22926548433637803,0.22944221842422802,0.07259389181599642,0.02777136069961204,0.05062490341554819,0.1062305023138022,0.07190993157359989,0.16802704797101786,0.15103475429072075,3.2994347133316198,0.7382033150934891,0.8051039635229088,4.0,0.43983382653992,0.21928329392209,0.26693753853054,0.40293963788752,0.42041418428834,0.41850509533187,0.41586906985224,kognition,0.43983382653992,1.0,5.9588374578176,52,7,2.0625,0.7719024117939607,5.196152422706632,,8.0,0.07500000000000002,0.7668930825088984,0.5375,0.5,0.0925989131543282,0.16802704797101786,1.8477690928721326,2.149609376948536,True
89,29,5,4,2025-09-30 17:10:00,2025-09-30,2.0,2.0,2.0,0.0,2.0,1.0,2.0,2.0,2.0,1.0,0.0,0.0,2.0,2.0,2.0,2.0,"5,1,4,9,8,13,7",,420,2025-09-30,5,0.502710908348776,0.0591989293850058,0.11103617524016421,0.37092296112341405,0.42955440384773,0.455324038840374,0.4368107186356319,0.00259536668918412,0.0009693149436365381,0.0006958582979979946,0.000934825279098158,0.0020658645827603926,0.0015297248784652217,0.0024277898837660973,4.01865742609656,0.4524805813768807,0.10591857511743878,4.0,0.44070070169045,0.0377316477393,0.19206099045359,0.43425568956154,0.44021967647216,0.43916633513526,0.43844023340756,kognition,0.44070070169045,1.0,5.6905686624767,47,7,1.5,0.816496580927726,3.7416573867739413,4.795831523312719,7.0,0.8357142857142857,0.03849198167230707,0.5928571428571429,0.0,0.0016026777935583601,0.00259536668918412,1.5194663854981065,-0.3547151254646791,False
115,38,5,4,2025-10-21 17:10:00,2025-10-21,1.0,0.0,3.0,1.0,1.0,2.0,2.0,3.0,3.0,1.0,2.0,2.0,2.0,2.0,1.0,2.0,"5,1,6,10,23,4,8,13,7,24,2",,419,2025-10-21,5,0.5255963170982341,0.1324683142757614,0.181200356246406,0.333690841455722,0.46421100885885797,0.41572644080501,0.37813391667930196,0.005219085181269325,0.005618052195457841,0.00684280954918039,0.005911949475222942,0.004333077280009875,0.0016382463620751072,0.0011422267297403472,3.43594536282894,1.0323816037909914,0.17522969717760695,3.0,0.40555813820619,0.26244874355852,0.31582903729035,0.40952397064543,0.40297180520998,0.4128143594206,0.40789712491807,performanz,0.4128143594206,1.0,5.9620261027886,39,7,1.75,0.8563488385776752,4.47213595499958,4.47213595499958,11.0,0.7072727272727273,0.37033377841889675,0.5863636363636363,0.09090909090909091,0.004386492396136547,0.00684280954918039,1.4025371003228662,0.238436397608306,False
140,46,5,4,2025-10-28 17:10:00,2025-10-28,2.0,2.0,0.0,1.0,1.0,2.0,0.0,3.0,3.0,1.0,0.0,0.0,0.0,0.0,1.0,0.0,"5,1,6,10,23,4,8,14,13,7,12,2",,418,2025-10-28,5,0.41211641072295,0.16929864092349217,0.243381832282342,0.396581129938538,0.338556950803454,0.408099839434718,0.446793231404164,0.029635455109927072,0.0121407332205204,0.008884243977031834,0.01780055070707612,0.014245350813135594,0.007225988131730041,0.0142561234331024,2.85907667979682,0.8784519329738361,0.322782349877628,4.0,0.4184314536265,0.22232683463561,0.30644469518409,0.40759171725601,0.39743120791774,0.43570210654355,0.40945725896598,performanz,0.43570210654355,1.0,5.8815744131315,39,7,1.0,1.0954451150103321,4.242640687119285,6.164414002968976,12.0,0.8166666666666665,0.0579271573232759,0.5458333333333333,0.0,0.014884063627503353,0.029635455109927072,1.7337447609504881,0.43347402484854386,True
166,54,5,4,2025-11-04 17:10:00,2025-11-04,1.0,1.0,2.0,1.0,1.0,2.0,1.0,0.0,2.0,1.0,0.0,4.0,0.0,4.0,2.0,0.0,"5,15,6,10,23,9,8,14,13,7,12,24",,417,2025-11-04,4,0.50141977240076,0.16015391282907,0.2240179080838555,0.37666646407772997,0.4242030219554175,0.4271091191125475,0.29827007986029724,0.014405733911638777,0.014672898683515685,0.020338852291239502,0.00688841258710602,0.002441997552264278,0.0016139154749350744,0.019164603586807896,3.7529152348345747,0.48779786863995084,0.2820042802645152,3.0,0.42208929046981,0.24145110629158,0.33630900424878,0.39971635956541,0.41275270673986,0.41220971906891,0.38778864270311,kognition,0.42208929046981,1.0,5.8842888448492,40,7,1.375,1.2583057392117916,5.0990195135927845,7.0710678118654755,12.0,0.5708333333333334,0.553465722114347,0.5791666666666666,0.16666666666666666,0.011360916298215317,0.020338852291239502,1.2566007163014887,0.40829859149595704,True
196,62,5,4,2025-11-11 17:10:00,2025-11-11,1.0,2.0,6.0,1.0,1.0,3.0,5.0,5.0,4.0,1.0,3.0,3.0,3.0,3.0,2.0,3.0,"17,5,3,28,22,27,1,15,6,10,23,18,4,9,21,19,8,14,13,7,16,26,25,12,24,2,11,20",,1334,2025-11-11,5,0.46222920880226204,0.1691751486132176,0.2233444236471756,0.41038759024275995,0.387342514876538,0.44617891259032805,0.407583840869548,0.0011090939522133778,0.009877001310890313,0.008282169483195812,0.0008019069298411972,0.0013336423620511884,0.0016010433106121863,0.0011784999247089374,3.74475982604926,0.4917978956160127,0.15550999091220155,3.0,0.39893700296667,0.29825689510604,0.35157772892986,0.39627712466878,0.39581482548942,0.39702006818307,0.39617164802532,kognition,0.39893700296667,1.0,5.9739611016627,43,7,2.875,1.5438048235879214,9.591663046625438,9.591663046625438,28.0,0.24464285714285716,0.724694428918922,0.5375,0.35714285714285715,0.003454765324787573,0.009877001310890313,1.2157692955094046,0.7654137849272367,True
204,64,5,6,2025-11-12 17:10:00,2025-11-12,1.0,1.0,2.0,2.0,1.0,2.0,3.0,3.0,3.0,1.0,1.0,2.0,2.0,2.0,0.0,0.0,"5,3,28,1,15,6,10,23,4,8,14,13,7,26,12,2",,1333,2025-11-12,5,0.31844470318801,0.10577661691171761,0.125132405350948,0.25015703349248597,0.22988707112940338,0.238269579469836,0.1568013311795858,0.10300399046974482,0.030493020549932127,0.05038254933255761,0.12601652568257599,0.06423510642735918,0.18247629180026267,0.11834635192912246,3.2282630779516603,0.8298583482237875,0.8215557413782433,3.0,0.44100333646346,0.1300646045029,0.2267861821115,0.40309151786909,0.43557844254549,0.44307550182568,0.43432313323319,performanz,0.44307550182568,1.0,5.8009218806589,46,7,1.625,0.9574271077563381,4.47213595499958,6.928203230275509,16.0,0.695,0.4082431873283374,0.5437500000000001,0.0625,0.09642197659879356,0.18247629180026267,1.5504713632006768,1.6828290626041866,True
237,74,5,4,2025-11-25 17:10:00,2025-11-25,1.0,1.0,1.0,1.0,1.0,1.0,2.0,2.0,2.0,1.0,3.0,0.0,0.0,2.0,2.0,0.0,"5,1,6,10,23,4,9,8,14,13,7,26,11",,1331,2025-11-25,4,0.3253388395459075,0.08010079567800149,0.13378469476012,0.1849644489538125,0.21023752783230748,0.21247741393991498,0.08552516980524977,0.1009444984735508,0.025638678971164,0.06634838976822229,0.104495583685927,0.0717469912453118,0.22647485673226475,0.14331142606828295,3.05484574982925,0.7132392406078167,0.8596280736136551,2.0,0.39537856163541,0.21087171751077,0.3034106861954,0.41292229837569,0.3833101150966,0.44909245335659,0.43362664839361,performanz,0.44909245335659,1.0,6.0669053219236,32,7,1.25,0.8563488385776752,3.4641016151377544,4.69041575982343,13.0,0.8084615384615386,0.06514435495304655,0.5884615384615385,0.0,0.10556577499210337,0.22647485673226475,1.1909557714071572,1.3632197383168003,True
247,76,5,6,2025-11-26 17:10:00,2025-11-26,1.0,1.0,1.0,1.0,1.0,2.0,2.0,3.0,0.0,1.0,0.0,0.0,0.0,2.0,0.0,0.0,"5,1,6,10,23,4,9,8,14,13,7,26,2,11",,1330,2025-11-26,3,0.5056431661946367,0.14312409305628868,0.238429889687491,0.42739553089511334,0.37534537278284336,0.4355429956869166,0.33680429401663997,0.002369356323185292,0.004933153443678,0.019822869588728493,0.0059395349858534134,0.0013795777608274678,0.00014491334000128582,0.005708404164021679,2.753556911498167,0.8518776032140248,0.20074314336060306,2.0,0.43475459312619,0.21195455618852,0.37104235622536,0.41144010256933,0.39940780525586,0.41735525371209,0.35410855548315,kognition,0.43475459312619,1.0,5.7971127808173,31,7,0.9375,0.9287087810503355,3.605551275463989,4.358898943540674,14.0,0.8007142857142858,0.0687089395009626,0.5678571428571428,0.0,0.00575682994375652,0.019822869588728493,1.0175402488582093,0.011669046402489735,False
260,80,5,4,2025-12-02 17:10:00,2025-12-02,1.0,2.0,1.0,1.0,1.0,0.0,0.0,0.0,3.0,1.0,0.0,0.0,0.0,2.0,0.0,0.0,"5,3,28,27,1,6,23,4,9,8,14,13,7,12,2",,1329,2025-12-02,3,0.27883087234763,0.16927362348709732,0.15297452698849334,0.44187688120505,0.23861515478799933,0.45890757508935337,0.42960622137395,0.0800380138695528,0.011849881653997432,0.054002138448607774,0.005855151396849782,0.04506041161137331,0.0033770853665505904,0.02265483276335103,2.8585905827968503,1.431713928361226,0.47205668633150694,3.0,0.43206864665404,0.21642154938386,0.30251857050352,0.40430932883112,0.38982950352716,0.45542569321378,0.39001549989843,performanz,0.45542569321378,1.0,6.2801277856659,38,7,0.75,0.9309493362512627,3.7416573867739413,5.196152422706632,15.0,0.7760000000000001,0.12726874452642853,0.5266666666666667,0.0,0.031833930730040386,0.0800380138695528,1.6345902048975776,0.9993367801546501,True
301,90,5,6,2025-12-10 17:10:00,2025-12-10,2.0,0.0,1.0,1.0,0.0,0.0,1.0,0.0,3.0,2.0,2.0,1.0,3.0,2.0,1.0,1.0,"5,1,6,10,23,4,8,14,13,7,12,24,11",,1328,2025-12-10,4,0.45280275141216,0.22800326610710026,0.26844644145107,0.4077806182816675,0.385071337986365,0.3725446702750425,0.3080541386060977,0.006783932467891938,0.03997804824784904,0.020821535498190172,0.009852308444684973,0.019284451563298943,0.008555137522579062,0.01738447731672164,2.8576778178646998,1.3678239529560812,0.35022834131637004,3.0,0.42446246519315,0.18828707189018,0.25797804058718,0.39748697815101,0.4261230208276,0.4422246339129,0.42741574752667,performanz,0.4422246339129,1.0,5.9700915978827,42,7,1.25,1.0,4.0,4.898979485566356,13.0,0.7253846153846154,0.3424036166374277,0.5769230769230769,0.07692307692307693,0.017522841580173684,0.03997804824784904,1.572684098090817,0.7891855476726152,True
11,4,6,5,2025-09-10 15:35:00,2025-09-10,2.0,3.0,2.0,2.0,2.0,2.0,2.0,2.0,2.0,2.0,2.0,2.0,2.0,2.0,2.0,2.0,"3,28,1",,862,2025-09-10,5,0.499067502360548,0.11638207837887579,0.233112686211296,0.371399091846926,0.39163430855338405,0.44595655581357796,0.331049501097244,0.02408647253624783,0.012550689222581382,0.006654663712474638,0.01796019158239249,0.012079006705084787,0.004853779513633316,0.005068407085333595,3.30168919601316,0.7224504940867693,0.28853632415650554,3.0,0.43063058320755,0.18320657145829,0.33043983583963,0.39772517045678,0.4285473545283,0.41908489708397,0.39284660598826,kognition,0.43063058320755,1.0,5.8568731401609,50,7,2.0625,0.25,4.358898943540674,,3.0,0.8066666666666666,0.14636332266733434,0.48333333333333334,0.0,0.011893315765392579,0.02408647253624783,1.3369956060810917,-0.09601571950173607,False
46,16,6,9,2025-09-19 15:35:00,2025-09-19,3.0,3.0,2.0,3.0,3.0,2.0,3.0,3.0,3.0,3.0,3.0,3.0,3.0,3.0,3.0,3.0,"3,6,10",,860,2025-09-19,4,0.293260553738075,0.17948330559510775,0.032503402211372504,0.234539903312145,0.26579669638984,0.10959342783020748,0.2632584975630915,0.09505030754609037,0.022895520438858452,0.0343391737422726,0.10226045468013968,0.06304054116826502,0.3177900088836043,0.038371741205649054,2.8401783451516747,0.3708146198358912,0.8208213859694931,3.0,0.45185815069592,0.19767026862077,0.14670721279628,0.40602145001269,0.40976982483493,0.52045652220566,0.36274614150352,performanz,0.52045652220566,1.0,6.2727849655881,27,7,2.875,0.3415650255319866,7.615773105863909,3.605551275463989,3.0,0.8833333333333333,0.028674417556808784,0.6,0.0,0.09624967823783992,0.3177900088836043,1.3972120019351282,0.8819937299630988,True
62,21,6,5,2025-09-24 15:35:00,2025-09-24,2.0,2.0,2.0,2.0,2.0,2.0,2.0,2.0,2.0,2.0,2.0,2.0,2.0,2.0,2.0,2.0,"3,28,1,4",,859,2025-09-24,4,0.5193331447722,0.072690614246936,0.114228390007445,0.31453959809765253,0.4868513371173975,0.3869755344393375,0.46088795417015754,0.0018968938858123828,0.0011342749090404235,0.0017359966838622145,0.002907243733629272,0.001811771322748988,0.002492664036951696,0.0018482348244957775,3.039068395917,0.5614605432962924,0.11758860232412303,3.0,0.45178455116066,0.049947014234502,0.13573581157103,0.41832829065717,0.45017568996728,0.4413945241541,0.44998045420973,kognition,0.45178455116066,1.0,5.6198046225292,27,7,2.0,0.0,4.0,3.7416573867739413,4.0,0.8175,0.128135670287395,0.55,0.0,0.0019752970566486792,0.002907243733629272,1.226349715206805,-0.38340985420884144,False
90,30,6,5,2025-10-01 15:35:00,2025-10-01,2.0,2.0,2.0,2.0,2.0,2.0,2.0,2.0,2.0,2.0,2.0,2.0,2.0,2.0,2.0,2.0,"3,28,1",,856,2025-10-01,4,0.4329788355639625,0.136438558973217,0.23869161147733747,0.42162878259528247,0.3581412123645,0.4410979275310825,0.40502251859229,0.02160223361900284,0.011282985958863644,0.006894315863988288,0.01487508869822762,0.009648267741317497,0.004745968389292681,0.0032393532665392893,3.9190772317498253,0.8686555138985242,0.26886467513831536,3.0,0.396277419616,0.28155300929081,0.35164125803349,0.40285073063972,0.39490487697468,0.4012655224977,0.40097959402201,motivation,0.40285073063972,1.0,6.0461030205719,44,7,2.0,0.0,4.0,0.0,3.0,0.8066666666666666,0.14636332266733434,0.48333333333333334,0.0,0.01032688764817598,0.02160223361900284,1.3791733963456132,-0.37733656326126225,False
116,39,6,5,2025-10-22 15:35:00,2025-10-22,3.0,2.0,3.0,3.0,3.0,3.0,3.0,3.0,3.0,3.0,2.0,2.0,2.0,2.0,2.0,2.0,16,,855,2025-10-22,5,0.558123743297908,0.0702552985293126,0.1659768179520302,0.333174835414704,0.42158877386905197,0.452634924920768,0.31077017585609,0.014413977272551757,0.01603028140005387,0.014565556051565298,0.007812440515141683,0.0016207339385386262,0.0013813488247507904,0.009983138034388305,3.4623789312435607,1.218500498384443,0.25652967866699233,2.0,0.42154785445152,0.16217232189044,0.30165811818395,0.41482205572671,0.42313257337392,0.42401903522302,0.41723598956894,performanz,0.42401903522302,1.0,5.8851709592012,46,7,2.5625,0.51234753829798,6.557438524302,3.0,1.0,-0.9,0.0,0.85,0.0,0.009401068005284332,0.01603028140005387,1.1583433923504785,0.20329627156311827,False
128,43,6,9,2025-10-24 15:35:00,2025-10-24,2.0,2.0,3.0,2.0,2.0,2.0,2.0,2.0,3.0,2.0,2.0,2.0,2.0,2.0,2.0,2.0,"3,10",,854,2025-10-24,3,0.5368818879246233,0.07162903276589734,0.15316617144029135,0.3702604118183667,0.4348638172161167,0.45068643013005,0.3623676694088933,0.00026809876442553815,0.009003187152034324,0.009673528081359557,0.0009407545459475015,0.00021956893046461105,0.0006745132397579719,0.0017550462968402563,4.332866968650934,0.3586581833164741,0.15011561214886932,1.0,0.43950521043048,0.066588608842792,0.22648892339043,0.41615681300486,0.43574109973717,0.4412238028522,0.4397329824887,performanz,0.4412238028522,1.0,5.6248260851291,36,7,2.125,0.3415650255319866,4.69041575982343,2.6457513110645907,2.0,0.9,0.020000000000000018,0.65,0.0,0.0032192424301185373,0.009673528081359557,0.5029245984884478,-0.6139457495321231,False
145,47,6,5,2025-10-29 15:35:00,2025-10-29,3.0,2.0,2.0,3.0,3.0,3.0,2.0,3.0,3.0,2.0,3.0,2.0,2.0,2.0,2.0,2.0,"17,18,24",,852,2025-10-29,5,0.28270438836656997,0.10094459442852159,0.00025441303393397563,0.2952946160443,0.236183525125866,0.25094609956173997,0.22361438517554602,0.060505840957853205,0.04109970889239306,0.03660949187380346,0.09766940546131131,0.08146651994212586,0.17417506570314012,0.1623961755529929,2.8663255543873003,0.5184326638968384,0.8086545667858557,4.0,0.40799061020021,0.1845168184022,0.056111873866351,0.42592983719125,0.40847724659993,0.47975531558057,0.46680887021227,performanz,0.47975531558057,1.0,6.4683110182188,39,7,2.4375,0.51234753829798,6.082762530298219,2.6457513110645907,3.0,-0.6333333333333333,0.22484562605386735,0.6333333333333334,0.0,0.09341745834051714,0.17417506570314012,1.775695743560898,0.8439643035012008,True
181,58,6,9,2025-11-07 15:35:00,2025-11-07,2.0,2.0,2.0,2.0,2.0,2.0,2.0,2.0,2.0,2.0,2.0,2.0,2.0,2.0,2.0,2.0,"3,10,8,14,13,7",,849,2025-11-07,5,0.564095476274908,0.08284825596020999,0.1709882633492714,0.2834851195839336,0.44395292850029,0.374508317998826,0.3302890968523588,0.01665404757855535,0.023780477297672388,0.01262637657198316,0.020465238102765963,0.00022103810592476324,0.003863561669367431,0.04127276806690972,3.47991117086372,1.086547596770652,0.3447948772722396,2.0,0.4149462925685,0.19412228932125,0.28484068999349,0.41904323724837,0.41757038884886,0.41880272449996,0.42853296356207,regulation,0.42853296356207,1.0,5.8734215380363,49,7,2.0,0.0,4.0,2.6457513110645907,6.0,0.8416666666666667,0.057276134258131946,0.5666666666666668,0.0,0.01698335819902554,0.04127276806690972,1.1437808246809638,0.2140211305210149,False
197,63,6,5,2025-11-12 15:35:00,2025-11-12,2.0,2.0,2.0,2.0,2.0,2.0,2.0,2.0,2.0,2.0,2.0,2.0,2.0,2.0,2.0,2.0,"3,27,1,10,8,13",,1265,2025-11-12,5,0.5563301758538561,0.0342484585823422,0.1326234392965706,0.30700830515420197,0.440347899213218,0.444897258796348,0.37285817877542193,0.014416041394703538,0.0002863139056979012,0.00456745310822051,0.010925315732322282,0.0021889969802771025,0.005624731706146517,0.008602887895508667,3.60864764826428,0.8883575257355382,0.21589752366082507,3.0,0.43238168694611,0.0,0.21310047697983,0.43372575208116,0.43302327959805,0.43840930601449,0.44699086099827,regulation,0.44699086099827,1.0,5.6731060467425,43,6,2.0,0.0,4.0,0.0,6.0,0.7999999999999999,0.18147543451754933,0.6083333333333333,0.0,0.006658820103268075,0.014416041394703538,1.3680850164654543,-0.44489555593549623,False
214,67,6,9,2025-11-14 15:35:00,2025-11-14,2.0,2.0,2.0,2.0,2.0,2.0,2.0,2.0,2.0,2.0,2.0,2.0,2.0,2.0,2.0,2.0,"3,1,10,8,14,13,7",,1264,2025-11-14,5,0.409171582454786,0.1538071278992344,0.194235949046968,0.33993253719085004,0.362350231685358,0.42548885519470403,0.513911224409588,0.024208773688237966,0.007529306188165799,0.0013132435500481426,0.00669856535128799,0.007609896327399543,0.014567814153345335,0.01725868529071863,2.578592485904358,1.1157066485635636,0.28140057666821405,3.0,0.44209232040166,0.15406510530401,0.25114852642553,0.3982212081346,0.42760477688124,0.4482548421968,0.41878500239419,performanz,0.4482548421968,1.0,5.7411050178347,30,7,2.0,0.0,4.0,0.0,7.0,0.8499999999999999,0.05682051943243241,0.5714285714285714,0.0,0.011312326364171914,0.024208773688237966,1.4657024084105927,-0.17882346426981116,False
242,75,6,5,2025-11-26 15:35:00,2025-11-26,3.0,2.0,2.0,3.0,3.0,2.0,2.0,2.0,2.0,2.0,3.0,3.0,2.0,2.0,2.0,2.0,"3,18",,1261,2025-11-26,4,0.4987786414435825,0.153280184602001,0.14332532828806224,0.347025063911075,0.444608707690205,0.40487869879505,0.4092776224217925,0.011347180058671745,0.01528244198516924,0.014517354395695056,0.005576865190480599,0.00033199730539542607,0.001503939064286914,0.009078875888881455,3.3777754250664245,0.42898758992337976,0.24008051542884615,2.0,0.43033995475087,0.23300017248322,0.30292611979416,0.39324242943714,0.42029423181976,0.41838014223824,0.40301616512683,kognition,0.43033995475087,1.0,5.9057336497755,42,7,2.3125,0.47871355387816905,5.5677643628300215,2.23606797749979,2.0,0.21000000000000002,0.71,0.35,0.5,0.008234093412654348,0.01528244198516924,0.889689368450742,0.17859867715375288,False
266,81,6,5,2025-12-03 15:35:00,2025-12-03,2.0,2.0,2.0,2.0,2.0,2.0,2.0,2.0,2.0,2.0,2.0,2.0,2.0,2.0,2.0,2.0,"5,1,10,4",,1259,2025-12-03,5,0.5678222239578099,0.0626303086330676,0.16144378536883539,0.293371396566324,0.42582259819619794,0.442589752282984,0.2994368404971878,0.017750434258009158,0.01474340392805919,0.01544104454125259,0.012218030339727612,0.0008896741413142615,0.003072086129780777,0.030528767804409284,2.8808638388025205,1.0181436826428958,0.30764174154778295,3.0,0.40200052201274,0.25795744864028,0.35068901446356,0.3979259933829,0.40676803794448,0.40273049676253,0.40357173095997,methodik,0.40676803794448,1.0,5.8442275222599,44,7,2.0,0.0,4.0,2.23606797749979,4.0,0.8575,0.0376662979332984,0.6375,0.0,0.013520491591793268,0.030528767804409284,1.4419284747302263,0.05330363054303291,False
297,89,6,5,2025-12-10 15:35:00,2025-12-10,2.0,2.0,2.0,2.0,2.0,2.0,2.0,2.0,2.0,2.0,2.0,2.0,2.0,2.0,2.0,2.0,"3,28,1,8",,1257,2025-12-10,5,0.4877761903388079,0.091870042476888,0.13605418808956898,0.342399368322412,0.431388915675996,0.428313239160952,0.446891039751414,0.01079651154196223,0.009431684641327202,0.010034492333168636,0.004780466895395799,0.0016732433614268685,0.0008643316195930999,0.011037827422871932,3.0737608270892602,0.9940968929224194,0.2204961628141083,2.0,0.44381989486888,0.1620075436766,0.27681690528929,0.39490515113354,0.43388186249743,0.43042417234287,0.41313180611229,kognition,0.44381989486888,1.0,5.7948998006978,43,7,2.0,0.0,4.0,0.0,4.0,0.8099999999999999,0.12688577540449522,0.4875,0.0,0.006945508259392252,0.011037827422871932,1.0715310185788425,-0.3617137238786897,False
320,95,6,9,2026-01-16 15:35:00,2026-01-16,2.0,2.0,2.0,2.0,2.0,2.0,2.0,2.0,2.0,2.0,2.0,2.0,2.0,2.0,2.0,2.0,"3,27,23,14,13,7,12",,1251,2026-01-16,4,0.48999422484491006,0.23378014907135297,0.13957262264166215,0.41086576941401,0.3858202087618075,0.34887864617574854,0.38672262280234504,0.010592571218314861,0.038697548544152964,0.01216552987976084,0.00613461647977016,0.0026361906316560435,0.022249227359905154,0.004349482038219912,2.963101652267425,1.2619528006668306,0.3111674246314674,3.0,0.45283774591782,0.18490731555311,0.16705503916303,0.40075435314393,0.43471316140007,0.44681093861823,0.42850533778454,kognition,0.45283774591782,1.0,5.7957756560771,33,7,2.0,0.0,4.0,0.0,7.0,0.76,0.15811388300841894,0.5428571428571428,0.0,0.01383216659311142,0.038697548544152964,1.5243734084327663,-0.023966820751195918,False
327,97,6,5,2026-01-21 15:35:00,2026-01-21,2.0,2.0,2.0,2.0,2.0,2.0,2.0,2.0,2.0,2.0,2.0,2.0,2.0,2.0,2.0,2.0,"3,1,13,7,26",,1250,2026-01-21,5,0.454592071410302,0.1741812451724974,0.197370939026338,0.38177259491045207,0.417733167813672,0.47378053153302,0.37567337237298004,0.009559371636953454,0.005074041586299577,0.0053706433927235885,0.00418655384125714,0.0009957670751069546,0.0057962701025859814,0.0072136851643660686,3.7248327736415208,0.595778042128509,0.195438821116207,3.0,0.3961116360077,0.33919236703708,0.32895374510057,0.39483974315415,0.39324969464576,0.39382119222201,0.39267209262438,kognition,0.3961116360077,1.0,6.070404535791,50,7,2.0,0.0,4.0,0.0,5.0,0.8300000000000001,0.09879271228182776,0.61,0.0,0.005456618971327537,0.009559371636953454,1.2637389544149054,-0.6860743376765992,False
12,5,7,6,2025-09-10 17:10:00,2025-09-10,3.0,1.0,4.0,4.0,2.0,2.0,3.0,3.0,1.0,1.0,1.0,1.0,1.0,2.0,2.0,2.0,"22,4,25",,1475,2025-09-10,5,0.36401992751605594,0.025841714391665205,0.08066477677481801,0.172177284510952,0.347472272454628,0.235189542834848,0.19487731941453998,0.09988901685904723,0.012926571733572801,0.03529544813691353,0.09207486020482256,0.07603652336950732,0.17921962952993195,0.12119393199117656,3.6030945057142,0.38543721409633996,0.7852617282314044,3.0,0.43617522696862,0.081911181465749,0.25914817789479,0.41404943120554,0.43241518164909,0.44543798066419,0.42313786011154,performanz,0.44543798066419,1.0,5.7346807287108,45,7,2.0625,1.0626225419530053,5.916079783099616,,3.0,-0.15,0.7082843120291925,0.5166666666666666,0.3333333333333333,0.08809085454642455,0.17921962952993195,1.3902329807759148,1.4897551478672735,True
64,22,7,6,2025-09-24 17:10:00,2025-09-24,1.0,1.0,2.0,3.0,2.0,2.0,2.0,2.0,2.0,2.0,2.0,2.0,2.0,3.0,3.0,2.0,"22,4,25",,1472,2025-09-24,3,0.5097590336627267,0.01672593004288667,0.08960864349907231,0.3647856875745266,0.4366144284035233,0.48257978603711,0.38918531716488336,0.004330623177168337,0.001636256255141571,0.008568724292265595,0.005013356849812454,0.00011331383632134663,0.000332366677585093,0.0037866196437777704,3.465394127428967,0.15569749502637448,0.15421173992946247,2.0,0.47220535310945,-0.060930574698626,0.21032590219854,0.39370468493982,0.45401903515596,0.4581006680817,0.39758783683609,kognition,0.47220535310945,1.0,5.5384610838443,22,7,2.0625,0.5737304826019501,4.795831523312719,4.242640687119285,3.0,-0.15,0.7082843120291925,0.5166666666666666,0.3333333333333333,0.003397322961724595,0.008568724292265595,0.7699697449852789,-0.13028762580693964,False
85,29,7,4,2025-09-30 17:10:00,2025-09-30,4.0,2.0,2.0,5.0,3.0,3.0,1.0,2.0,1.0,2.0,1.0,2.0,1.0,2.0,2.0,2.0,"22,1,13",,1470,2025-09-30,5,0.475484855363222,0.1389829950970974,0.17130557326648138,0.401100600985094,0.39716191845868,0.43177615374684997,0.44591487813632397,0.006076911907756234,0.006629587284534805,0.005479919549407691,0.0022014897755394513,0.00016772176124842437,0.00011938167305463399,0.0006820542993425593,3.87038369410498,0.32619561078502857,0.1461405701743489,3.0,0.40404395269642,0.27979220366284,0.31576656377249,0.40813688464323,0.403354983272,0.40536128228662,0.40640393959952,motivation,0.40813688464323,1.0,5.8930380579611,38,7,2.1875,1.1086778913041726,6.4031242374328485,4.69041575982343,3.0,0.36000000000000004,0.7495776588630872,0.45,0.3333333333333333,0.003051009464411971,0.006629587284534805,1.157445393653126,0.033754994071764834,False
113,38,7,4,2025-10-21 17:10:00,2025-10-21,1.0,1.0,3.0,2.0,2.0,3.0,3.0,3.0,2.0,1.0,1.0,2.0,3.0,2.0,2.0,2.0,"23,4,25",,1469,2025-10-21,5,0.5020422461599701,0.1590528119211306,0.229124887630982,0.368402381148872,0.42914118753126196,0.41155634679993,0.334071926358494,0.01733647940147852,0.010113120968952085,0.006307965069479474,0.010364513902123873,0.0030024430052683964,0.001054095366374841,0.021108085748210863,3.65812913992272,0.6993251398699534,0.2632236757244455,2.0,0.40681689554464,0.2595620764864,0.32813136950539,0.40573973711523,0.40627158804619,0.40578563829782,0.40633814993711,kognition,0.40681689554464,1.0,6.001620438956,48,7,2.0625,0.7719024117939607,5.196152422706632,5.656854249492381,3.0,0.3333333333333333,0.661227814162579,0.6833333333333332,0.3333333333333333,0.009898100494555435,0.021108085748210863,0.9875162718647997,0.5866175186477908,True
118,40,7,6,2025-10-22 17:10:00,2025-10-22,1.0,1.0,2.0,2.0,2.0,2.0,3.0,3.0,2.0,2.0,1.0,1.0,2.0,1.0,3.0,2.0,4,,1468,2025-10-22,5,0.46805483619199,0.14566249339730558,0.235037034612324,0.39308706376468405,0.33714715353929003,0.511688890471424,0.35616154838524394,0.007309528648388114,0.009224753005233241,0.0028453647190459174,0.002459148478351096,0.007075482181504061,0.016202835569316294,0.0024788284983827125,3.39190825664796,0.9508199135660764,0.2181649401260923,2.0,0.40975766678566,0.25454487453865,0.32575810555356,0.40379632106361,0.40741426687291,0.40774662569768,0.40729437904023,kognition,0.40975766678566,1.0,5.9838866569763,46,7,1.875,0.7187952884282609,4.47213595499958,2.6457513110645907,1.0,0.85,0.0,0.75,0.0,0.006799420157174491,0.016202835569316294,1.0563282845640563,-0.0897821147762489,False
146,48,7,6,2025-10-29 17:10:00,2025-10-29,2.0,2.0,1.0,1.0,2.0,2.0,2.0,1.0,1.0,1.0,2.0,2.0,1.0,2.0,2.0,2.0,2,Die Aufgaben waren etwas zu leicht,1466,2025-10-29,4,0.437014889123445,0.19475129410471623,0.1962535942467675,0.419161389244335,0.4069551605140275,0.4162163479041825,0.41336288805467997,0.003786876371434717,0.010833269275986717,0.021465483384657202,0.0025776525667434674,0.00262568514809642,0.0021486751648483416,0.003716567195796778,3.143684800882,0.4999690624719426,0.21715019941865962,3.0,0.42678852362601,0.2136925947222,0.21594523261155,0.41881879304471,0.42137637130357,0.42826133449615,0.43494393952995,regulation,0.43494393952995,1.0,5.7824781544424,27,7,1.625,0.5,3.1622776601683795,4.0,1.0,0.7,0.0,0.3,0.0,0.006736315586794806,0.021465483384657202,1.239039753963534,-0.25972104103915006,False
205,64,7,6,2025-11-12 17:10:00,2025-11-12,1.0,1.0,2.0,2.0,2.0,2.0,2.0,2.0,2.0,1.0,1.0,1.0,1.0,1.0,1.0,1.0,"23,4,14,7",,1463,2025-11-12,4,0.48730869913281494,0.148782936177284,0.21683368947182002,0.3761669457277725,0.39462552726386246,0.42704737580273,0.39075448305970745,0.016110430579261797,0.0121292086548405,0.009315955677208665,0.0094063439248445,0.001943201447377044,0.00128913724105803,0.010887795229316214,3.7499820637739503,0.7062045325859229,0.24714787628848187,3.0,0.41247178649623,0.23118587914152,0.33658867200525,0.40451728349595,0.41056775778859,0.41268519621631,0.40076873706463,performanz,0.41268519621631,1.0,5.8610640355848,45,7,1.4375,0.51234753829798,2.6457513110645907,3.3166247903554,4.0,0.7875000000000001,0.041457809879442496,0.575,0.0,0.00872601039341525,0.016110430579261797,1.3177841362914682,-0.14440907037026657,False
245,76,7,6,2025-11-26 17:10:00,2025-11-26,3.0,2.0,2.0,4.0,3.0,3.0,2.0,2.0,2.0,2.0,1.0,2.0,2.0,1.0,3.0,2.0,"22,18",,1462,2025-11-26,4,0.5324479278930375,0.044360755914622504,0.13143384522374077,0.351311145118065,0.4328423234086775,0.446168648543325,0.41443397844425,0.0010103402788403334,7.39275396837324e-05,0.0031480347167625643,0.003289633387141112,0.0030497976252230317,0.0026148283931924005,0.0024671221141867737,2.94514253423365,1.1424773349053874,0.12511468361079744,2.0,0.44817862733535,0.046761237549061,0.22872356220019,0.42027192770981,0.43231613933406,0.4438172653828,0.42910583330643,kognition,0.44817862733535,1.0,5.6850688211704,32,7,2.25,0.7745966692414834,5.830951894845301,4.358898943540674,2.0,-0.6,0.09999999999999998,0.15000000000000002,0.0,0.0022362405792899923,0.003289633387141112,1.0891973395053949,0.11717905414159184,False
299,90,7,6,2025-12-10 17:10:00,2025-12-10,1.0,1.0,1.0,1.0,1.0,1.0,1.0,1.0,2.0,1.0,1.0,2.0,1.0,1.0,1.0,1.0,15,,1461,2025-12-10,5,0.48676396868917793,0.1429278010164984,0.16161202644420397,0.35274052919977805,0.4448119282853121,0.40894034741051,0.40012098116269995,0.007044241175895448,0.01519247369085426,0.01689360142560281,0.0050481027307047975,0.005352134708999724,0.0033035622709991796,0.014059747227508992,2.94616535078192,0.9576841719857996,0.2586384797948001,2.0,0.43254081321772,0.20527114110649,0.21609641025922,0.41632245584737,0.42401029966259,0.43310215472651,0.42823417844831,performanz,0.43310215472651,1.0,5.8215198894138,36,7,1.125,0.3415650255319866,1.4142135623730951,5.656854249492381,1.0,-0.85,0.0,0.55,0.0,0.009556266175795029,0.01689360142560281,1.0721075505935331,0.3263226246638467,True
8,3,8,4,2025-09-09 17:10:00,2025-09-09,3.0,2.0,3.0,3.0,3.0,3.0,4.0,2.0,3.0,2.0,2.0,2.0,3.0,3.0,3.0,3.0,,,450,2025-09-09,4,0.506328403922125,0.15858969292989877,0.10280222243469675,0.37545657749788,0.4167079657345425,0.4557354635917525,0.3930301542409025,0.006711983771330507,0.015434177312271594,0.0008719743923448747,0.0045489509145947024,0.002578186918738449,0.00021169609443416994,0.0007698531034422308,3.9721648230068,0.23381354600554757,0.17642795273753117,2.0,0.4365962093787,0.23846767142263,0.15948862711593,0.41709980783705,0.43411688670903,0.43185411837048,0.42207718132699,kognition,0.4365962093787,1.0,5.7972730263991,37,7,2.75,0.5773502691896257,7.3484692283495345,,0.0,,,,0.0,0.00444668892959379,0.015434177312271594,0.8034138329143596,-0.7503032876510976,False
59,20,8,4,2025-09-23 17:10:00,2025-09-23,4.0,3.0,3.0,4.0,4.0,3.0,3.0,2.0,2.0,2.0,1.0,2.0,2.0,3.0,3.0,3.0,"22,1,18",,446,2025-09-23,5,0.46043864239795,0.1907612136143332,0.286819052529922,0.410757363581554,0.3756335182585,0.45958172915562995,0.362144402351322,0.004569573526254668,0.004294375692657819,0.0005859612336783087,0.0031008142639277593,0.0008502528252053237,0.00028552410660340037,0.0034632559079651425,3.79889094010136,0.6004804862194455,0.13095708287943963,3.0,0.39512088975467,0.29792686219324,0.35890701197259,0.39633122243391,0.39212237843069,0.39766870665199,0.39663932597629,performanz,0.39766870665199,1.0,6.1137310402592,39,7,2.75,0.8563488385776752,7.745966692414834,2.8284271247461903,3.0,-0.09999999999999998,0.7118052168020874,0.3,0.3333333333333333,0.002449965365184632,0.004569573526254668,1.2438125230329617,-0.004251174521351375,False
87,29,8,4,2025-09-30 17:10:00,2025-09-30,3.0,2.0,2.0,3.0,3.0,3.0,1.0,2.0,2.0,2.0,3.0,1.0,2.0,3.0,2.0,3.0,23,,443,2025-09-30,3,0.3061188533181667,0.12237656802927754,0.14651192843700267,0.4782289662835,0.26973810376050666,0.5158282013510733,0.44694014595958004,0.01097699378927032,0.01725737576206676,0.04492454248289018,0.0057993502820105625,0.01057154941684346,0.005794754476123584,0.007223194353563281,3.435516453361467,0.40651528061021314,0.3202307926523746,2.0,0.42550650156643,0.16855354793869,0.29592056917737,0.42247851519741,0.39637612221716,0.43501726585793,0.42204179489374,performanz,0.43501726585793,1.0,5.6963016839843,41,7,2.3125,0.704154339142587,5.916079783099616,3.872983346207417,1.0,0.75,0.0,0.6,0.0,0.014649680080395449,0.04492454248289018,0.9089153577541959,-0.17707740000008185,False
104,34,8,4,2025-10-07 17:10:00,2025-10-07,1.0,1.0,2.0,1.0,2.0,2.0,2.0,2.0,2.0,1.0,2.0,1.0,2.0,2.0,2.0,2.0,14,,441,2025-10-07,5,0.32066512082137805,0.1050201766280912,0.092651974304864,0.25306786302752,0.31452058845417397,0.19473925772253803,0.3419572248461214,0.08066420554660689,0.008284298181431449,0.031977622884985686,0.07385963930196829,0.049847258298560314,0.2929068676761789,0.022189880589915126,3.7392896281309596,0.9307445162131268,0.7481509022113431,2.0,0.42572917027067,0.15501736395272,0.27811215238158,0.41791674648482,0.4221264538075,0.44029531615224,0.41312145283367,performanz,0.44029531615224,1.0,5.7621162757567,42,7,1.6875,0.47871355387816905,3.3166247903554,4.0,1.0,0.75,0.0,0.4,0.0,0.07996139606852094,0.2929068676761789,1.2262984728081567,1.1373764131126105,True
114,38,8,4,2025-10-21 17:10:00,2025-10-21,2.0,2.0,3.0,3.0,3.0,3.0,2.0,2.0,2.0,2.0,2.0,2.0,2.0,2.0,2.0,3.0,4,,439,2025-10-21,4,0.505318398104645,0.12596378988306575,0.238694385848365,0.34862931569885497,0.39694757804361247,0.478198301652915,0.36641671779330504,0.0050197470021227965,0.011966699715421514,0.0020873724315068082,0.005143480291767614,0.0009621773728715789,0.002253106276651204,0.002328753741716146,3.7198486624687,0.5328804152878198,0.17251474381066004,2.0,0.40537741513,0.2485080462351,0.32874426125019,0.41070345488689,0.40067060784567,0.41030981822171,0.41020523676555,motivation,0.41070345488689,1.0,5.9419188730128,29,7,2.3125,0.47871355387816905,5.5677643628300215,3.4641016151377544,1.0,0.85,0.0,0.75,0.0,0.0042516195474368084,0.011966699715421514,0.9017983863661599,-0.3625645933340198,False
165,54,8,4,2025-11-04 17:10:00,2025-11-04,3.0,2.0,3.0,2.0,3.0,3.0,3.0,3.0,3.0,2.0,2.0,2.0,3.0,3.0,2.0,3.0,2,,436,2025-11-04,4,0.327084801363405,-0.009041733645542248,0.032886656408814496,0.1701647219395775,0.2794169889252025,0.206896267103035,0.16282724735529502,0.09758692641696004,0.008012511796977624,0.036946702651374404,0.09854655938926606,0.09450541974189158,0.2104848634415995,0.16941501941515466,3.8139825426022247,0.8320636449190659,0.8458711502665307,3.0,0.42074803553545,-0.021086378632093,0.28798825458194,0.42203709732447,0.4255238872108,0.44138145314637,0.43079263014988,performanz,0.44138145314637,1.0,5.7920935133542,48,7,2.625,0.5,6.782329983125268,2.6457513110645907,1.0,0.7,0.0,0.3,0.0,0.10221400040760341,0.2104848634415995,1.5593115983951986,1.1732227178484789,True
236,74,8,4,2025-11-25 17:10:00,2025-11-25,0.0,3.0,3.0,4.0,4.0,3.0,3.0,3.0,2.0,3.0,1.0,2.0,3.0,3.0,3.0,3.0,22,,1293,2025-11-25,4,0.4685167976999625,0.18408089889175874,0.235920356215375,0.38951045751705504,0.40082896653952,0.46652538234933,0.37401446321842,0.0014336935415715563,0.008434547850370172,0.005947419638775054,0.00085388807171183,0.0003795738221715106,0.0032623420046319243,0.0007164182677505385,4.0857260780566245,0.342029412497356,0.14500994171774081,2.0,0.40277005670269,0.30967319722038,0.34580862836055,0.39285764357892,0.39686041125137,0.39832572420295,0.38960650079114,kognition,0.40277005670269,1.0,6.129800559192,40,7,2.6875,1.0144785195688801,7.810249675906654,4.358898943540674,1.0,-0.7,0.0,0.1,0.0,0.0030039833138546554,0.008434547850370172,0.8290131180716989,-0.4342589724579021,False
262,80,8,4,2025-12-02 17:10:00,2025-12-02,3.0,3.0,2.0,2.0,2.0,3.0,1.0,2.0,1.0,2.0,1.0,2.0,2.0,2.0,2.0,2.0,"3,23,8,2",,1290,2025-12-02,4,0.45376054367824503,0.15579061970249752,0.2466693193531275,0.38102392218814,0.375229097964145,0.4641548558088975,0.36535563611280497,0.022987825529434472,0.017904747896767822,0.017592249748327602,0.005138458967064043,0.007744851612038072,0.0016127763005666428,0.0010973956675234548,3.5416826947075997,0.762301461823801,0.2721733008980163,3.0,0.43065323117997,0.19715517971012,0.30370097131527,0.4018470155735,0.42131706074728,0.42214673305782,0.40771675048425,kognition,0.43065323117997,1.0,5.8018776413368,38,7,2.0,0.6324555320336759,4.69041575982343,5.385164807134504,4.0,0.7974999999999999,0.08257572282456875,0.47500000000000003,0.0,0.010582615103103156,0.022987825529434472,1.3448249209072725,0.175369245260186,False
272,83,8,7,2025-12-04 15:35:00,2025-12-04,1.0,1.0,2.0,1.0,2.0,1.0,3.0,2.0,3.0,2.0,1.0,3.0,2.0,2.0,2.0,2.0,"28,22,16",,1289,2025-12-04,4,0.5362749490591899,0.17301912062763025,0.14427266917790227,0.35758844956735997,0.45382121067887005,0.41430576037553,0.34587026916236496,0.0019508980698937511,0.024223680292380197,0.004760764821673038,0.0013624351915369572,0.0007550991276077475,0.002175443655887251,0.0013264803629943604,3.71003009379455,0.39589338096229,0.19119310008986543,1.0,0.42218491807408,0.26085610016043,0.27086367681704,0.40307933367941,0.41754113724142,0.42306326599153,0.40564442647803,performanz,0.42306326599153,1.0,5.9167095477889,40,7,1.875,0.7187952884282609,4.47213595499958,4.69041575982343,3.0,-0.3333333333333333,0.6649979114420002,0.4333333333333333,0.3333333333333333,0.005222114503139043,0.024223680292380197,0.5290288270173852,0.14668216930718364,False
290,88,8,4,2025-12-09 17:10:00,2025-12-09,3.0,2.0,2.0,3.0,3.0,2.0,3.0,2.0,3.0,2.0,1.0,2.0,2.0,3.0,2.0,2.0,"27,14",,1288,2025-12-09,4,0.487507039374525,0.09174675040438177,0.14722820381464397,0.344436555400215,0.40633114164622003,0.4577359241308775,0.45450051067764746,0.001484995848196139,0.006749812409970881,0.006619504666503541,0.0031808878368484094,0.0018908003584790344,0.006111124684245623,0.006365916338175774,3.5303522639883504,0.5597667191377308,0.1800084501972599,4.0,0.4309227031593,0.12969694604117,0.2771462949312,0.41806075418495,0.42146930213365,0.42964652669605,0.4285597909608,kognition,0.4309227031593,1.0,5.7834503332979,40,7,2.3125,0.6020797289396148,5.744562646538029,3.605551275463989,2.0,0.575,0.175,0.5,0.0,0.004629006020345628,0.006749812409970881,1.5799250564449967,-0.3162303133985077,False
6,3,9,4,2025-09-09 17:10:00,2025-09-09,1.0,2.0,1.0,1.0,5.0,3.0,3.0,1.0,3.0,3.0,2.0,2.0,1.0,1.0,1.0,3.0,22,,554,2025-09-09,3,0.5274029274961733,0.030159143586100667,0.17671557709968666,0.32500290276989,0.43822045992579334,0.51375118313079,0.3492071850012834,0.0026077532916671023,0.0002519941346018386,0.0001783636058950068,0.0013525125886837141,0.00091823837466651,0.0002163175592736439,0.0006271198520702567,3.4355471096301335,0.3820104925721813,0.07843659481937033,2.0,0.4417765415297,0.0,0.31438030228802,0.3840519646779,0.44603023197455,0.45366882445351,0.39209770378697,performanz,0.45366882445351,1.0,5.5219744058123,33,6,2.0625,1.181453906563152,6.244997998398398,,1.0,-0.7,0.0,0.1,0.0,0.0008788999152654389,0.0026077532916671023,0.8201490291305172,-0.7763284732090883,False
18,6,9,7,2025-09-11 15:35:00,2025-09-11,2.0,1.0,1.0,2.0,2.0,1.0,2.0,2.0,2.0,3.0,2.0,2.0,1.0,2.0,2.0,2.0,"5,22,27,1,6,10,23,18,4,9,14,13,7,16,26",,553,2025-09-11,5,0.451909240559888,0.1591093326358814,0.16012293651962423,0.40819516814037804,0.34504507467934,0.492529391097836,0.41833617645738597,0.001502046182688233,0.015384004846222335,0.0066713997030360545,0.006186041966033381,0.0016113060928556033,0.006822664031117835,0.0033689417868157613,3.0537503740514795,0.5139033003359962,0.20382935168608374,3.0,0.420559588558,0.25730898306118,0.24134250470237,0.41960804870743,0.40192441991309,0.43193641761969,0.41771864252709,performanz,0.43193641761969,1.0,5.8341399234276,42,7,1.8125,0.5439056290693574,3.872983346207417,4.69041575982343,15.0,0.48066666666666663,0.6063933450235819,0.5633333333333332,0.2,0.005935200658395601,0.015384004846222335,1.2392442173406932,0.07437781052996573,False
41,14,9,7,2025-09-18 15:35:00,2025-09-18,2.0,1.0,1.0,1.0,2.0,2.0,2.0,2.0,2.0,1.0,1.0,1.0,2.0,1.0,1.0,1.0,"5,28,22,27,1,6,18,4,14,13",,551,2025-09-18,4,0.57340081901219,0.20114037200811175,0.230605190810195,0.348902906064325,0.41705168694628747,0.4213305010461575,0.2552479046864875,0.0016405663560853695,0.009646434280341,0.01091320385432237,0.0019295393732118146,0.0033207160043976108,0.0029179711063607584,0.008864704897235,3.402938714081425,0.3284406408420945,0.19807356176924248,1.0,0.41995091317268,0.25056744413934,0.31939904944019,0.39759536321391,0.41450716949945,0.42353462032337,0.38672754704814,performanz,0.42353462032337,1.0,5.8875230715492,38,7,1.4375,0.51234753829798,2.6457513110645907,3.4641016151377544,10.0,0.483,0.5620507094560062,0.45499999999999996,0.2,0.005604733695993417,0.01091320385432237,0.5088380675371124,-0.2099970485881852,False
68,23,9,7,2025-09-25 15:35:00,2025-09-25,3.0,1.0,2.0,5.0,2.0,0.0,1.0,2.0,1.0,3.0,0.0,0.0,2.0,2.0,1.0,2.0,"17,5,3,28,22,15,23,18,19,8,16,26,25,12,24,11,20",,549,2025-09-25,2,0.48638546275777,0.23905687899578,0.1128433897243125,0.365983760689305,0.416430705657565,0.431856982291515,0.421159631266605,0.00021797450552036383,0.015647440119145282,0.0042778316182786255,0.0005831030910576751,0.0011170902251400273,8.594713451739337e-06,0.00045617329336835943,4.33252055006895,0.08908413799175019,0.14935932366599036,1.0,0.42930489416242,0.26080318614491,0.21471155957381,0.39852843289668,0.42698599897979,0.42213575451455,0.42688868794763,kognition,0.42930489416242,1.0,5.7973533327351,29,7,1.6875,1.3022416570411703,5.744562646538029,5.656854249492381,17.0,-0.009411764705882328,0.7453027066685549,0.5235294117647059,0.47058823529411764,0.003186886795137439,0.015647440119145282,0.4128144872192469,0.15994563812000462,False
86,29,9,4,2025-09-30 17:10:00,2025-09-30,4.0,2.0,3.0,6.0,2.0,2.0,5.0,1.0,2.0,3.0,1.0,5.0,2.0,2.0,6.0,2.0,"17,22,1,15,19,13,16,25,24,20",,547,2025-09-30,2,0.43789616134822,0.0413126224443485,0.161415889910825,0.373693306664355,0.43797454330815,0.527688020814045,0.39337379956129004,0.008710727598411424,0.0003627602206446814,8.754853997463691e-06,0.003677494848993716,0.0009208473020080922,0.0011555289399401089,0.0009769875558145813,3.40362316829085,0.5718372255059502,0.12575015435302683,2.0,0.50136435140118,0.0,0.15507058843452,0.36660915547958,0.45913523274395,0.47264870911442,0.39494182351248,kognition,0.50136435140118,1.0,5.5267836071981,14,6,3.0,1.6733200530681511,10.295630140987,8.774964387392123,10.0,-0.40199999999999997,0.661691771144239,0.59,0.2,0.0022590144742585814,0.008710727598411424,0.8991957932863257,0.4817025971765971,True
97,32,9,7,2025-10-02 15:35:00,2025-10-02,2.0,2.0,1.0,2.0,2.0,2.0,1.0,2.0,2.0,2.0,1.0,2.0,2.0,1.0,2.0,1.0,"5,28,22,15,6,10,23,4,9,21,19,8,14,13,7,16,26,25,12,24",,546,2025-10-02,5,0.551663245119598,0.0822391971862262,0.16822387956385,0.301096519925078,0.44317393906332797,0.43321939938274595,0.367676514627172,0.011594595699001228,0.00642201851778325,0.004834375368868184,0.014207175945611019,0.0038310089038311192,0.00293916900123817,0.0068425698022882495,3.0926339246984402,0.7465960144129499,0.22510200629630384,2.0,0.42387402701826,0.1613794805635,0.30143276532769,0.40845167899701,0.42271469559162,0.42341968153346,0.4226317517264,kognition,0.42387402701826,1.0,5.8000495752583,33,7,1.6875,0.47871355387816905,3.3166247903554,8.306623862918075,20.0,0.26000000000000006,0.7280659310804207,0.55,0.35,0.007238701891231603,0.014207175945611019,0.9905660069030846,0.8908274590370275,True
139,46,9,4,2025-10-28 17:10:00,2025-10-28,2.0,2.0,2.0,3.0,3.0,3.0,2.0,2.0,2.0,2.0,2.0,2.0,3.0,3.0,2.0,2.0,"17,5,22,27,1,15,6,8,14,16,25,24,2,20",,545,2025-10-28,3,0.16775194154117667,0.14089409801331518,-0.07678073801816666,0.18479820819277334,0.1690114774113133,0.06746034069016997,0.32850027801798565,0.08476902420808143,0.01642349728506715,0.013362468107909678,0.11040697246536435,0.047116969679153194,0.4565582665634674,0.042289823861978305,2.877395346750133,0.5442720385122358,0.8780244997555714,1.0,0.38075207974513,0.24723658335294,0.11330709353861,0.42379126620982,0.34074619310465,0.55211593342318,0.42487742834192,performanz,0.55211593342318,1.0,5.5714962362412,29,7,2.3125,0.47871355387816905,5.5677643628300215,3.4641016151377544,14.0,0.012142857142857146,0.7513243409514445,0.55,0.5,0.11013243173871735,0.4565582665634674,0.8074321794226025,1.8108524354320845,True
149,49,9,7,2025-10-30 15:35:00,2025-10-30,1.0,1.0,1.0,1.0,1.0,1.0,1.0,1.0,2.0,2.0,1.0,2.0,1.0,2.0,2.0,1.0,"5,3,28,1,6,10,23,4,8,14,13,7,16,26,25,12,2",,544,2025-10-30,5,0.291373436076606,0.1385479410694884,0.12290628614508899,0.275870415411832,0.271124399645136,0.21664428813152597,0.3102836002853814,0.07968310394730596,0.010673891078824344,0.03905094973164617,0.08497646727453574,0.04880807409170933,0.30355367687705725,0.021223770860286924,3.3402770204636196,0.9263388825968919,0.7667919756109643,4.0,0.41450240812885,0.15775858425599,0.23603703957903,0.41825853196668,0.4056327639105,0.50597948959492,0.38998720930944,performanz,0.50597948959492,1.0,6.4669111519871,43,7,1.3125,0.47871355387816905,2.23606797749979,4.898979485566356,17.0,0.6158823529411764,0.5084122785522581,0.5705882352941177,0.11764705882352941,0.08399570483733797,0.30355367687705725,1.8977102860692856,1.4423368013332145,True
167,54,9,4,2025-11-04 17:10:00,2025-11-04,1.0,2.0,1.0,1.0,1.0,2.0,1.0,2.0,1.0,2.0,2.0,1.0,1.0,3.0,2.0,1.0,5,,543,2025-11-04,4,0.5094142279286049,0.15161762059678374,0.20830608507363202,0.3698560144600625,0.4347670031805175,0.403526801236665,0.37650367484126745,0.003668037290999491,0.009620426600535168,0.02184488140372151,0.0010284105837128955,0.0006655484772770002,0.0016697430210151996,0.005210574184589246,3.7517018152494748,0.5725887446590494,0.20906367824624753,2.0,0.4344640737119,0.18524000913361,0.26904733383803,0.4109296996585,0.42692371189566,0.41969543093579,0.42102955541572,kognition,0.4344640737119,1.0,5.8399085906494,37,7,1.5,0.6324555320336759,3.1622776601683795,2.6457513110645907,1.0,0.8,0.0,0.4,0.0,0.006243945937407216,0.02184488140372151,0.9272174743017656,-0.37626350930426217,False
170,55,9,7,2025-11-06 15:35:00,2025-11-06,1.0,2.0,2.0,2.0,1.0,2.0,4.0,1.0,2.0,2.0,2.0,2.0,2.0,1.0,2.0,2.0,"5,3,28,22,1,10,23,4,21,8,13,7",,542,2025-11-06,3,0.38375155513590004,0.14045998838072332,0.25423722427368667,0.41121476021489994,0.32759391985405334,0.5201783329735367,0.38318631607790327,0.018765737107149655,0.023531525495516053,0.015506106499598169,0.004049304823830598,0.008104510042297603,0.004430791054654039,0.00014132388085281736,2.9333221912013,0.7803405996080359,0.27300054744248947,3.0,0.46975815952012,0.11174011399491,0.22762572627974,0.3985697400701,0.43142573755733,0.45922971551002,0.39893161385537,kognition,0.46975815952012,1.0,5.5891419492944,20,7,1.875,0.7187952884282609,4.47213595499958,4.47213595499958,12.0,0.5583333333333333,0.5910278241241176,0.5083333333333333,0.16666666666666666,0.010647042700556992,0.023531525495516053,1.3511137156835085,0.30364452077720994,True
195,62,9,4,2025-11-11 17:10:00,2025-11-11,3.0,3.0,2.0,1.0,2.0,4.0,3.0,2.0,1.0,2.0,2.0,3.0,4.0,1.0,2.0,4.0,"14,13,7,26",,1414,2025-11-11,5,0.444201562310716,0.1441841687788642,0.196435156907164,0.390213165940292,0.383836159758728,0.45645910004111795,0.4648414986381,0.001422438631422921,0.003924122628127903,0.006020345514196779,0.001070553670272174,0.0012144857037757284,0.003632076906799836,0.0019908776308391403,3.96724479355032,0.6204899958220996,0.13883407609601642,3.0,0.40946752019245,0.24945967836084,0.32056200792697,0.40802388521336,0.40602021436037,0.41097095940945,0.40879072966444,performanz,0.41097095940945,1.0,6.0198348193749,45,7,2.4375,1.0307764064044151,7.0,4.795831523312719,4.0,0.7699999999999999,0.08336666000266534,0.5875,0.0,0.0027535572407763544,0.006020345514196779,1.2531080239727055,-0.19088678449201538,False
207,65,9,7,2025-11-13 15:35:00,2025-11-13,2.0,2.0,1.0,2.0,2.0,2.0,2.0,1.0,4.0,3.0,2.0,2.0,3.0,1.0,2.0,1.0,"5,3,28,22,27,1,15,6,10,23,18,4,9,21,19,8,14,13,7,16,26,25,12,24,2,11,20",,1413,2025-11-13,4,0.45719956172854254,0.14978199765466851,0.200068743435395,0.391098397948875,0.3687616556030175,0.49841030417511,0.362317445371745,0.01606304393883143,0.014977138130670442,0.004971211064098856,0.011351165814352764,0.011749441883885279,0.0002352831994748132,0.0005233482425099925,3.5749540023507995,0.7992595861632551,0.244684761016749,3.0,0.42870902893163,0.21628376036999,0.27654033045146,0.41079357262826,0.41855433151211,0.42521866873819,0.41012432529379,kognition,0.42870902893163,1.0,5.9119584716914,40,7,2.0,0.816496580927726,5.0990195135927845,5.5677643628300215,27.0,0.2888888888888889,0.6998694763672847,0.5240740740740741,0.3333333333333333,0.008552947467689082,0.01606304393883143,1.3479814490600013,0.6193451644984524,True
239,74,9,4,2025-11-25 17:10:00,2025-11-25,6.0,2.0,2.0,2.0,3.0,4.0,2.0,3.0,2.0,1.0,3.0,3.0,2.0,3.0,2.0,1.0,"5,3,22,27,15,10",,1410,2025-11-25,3,0.48993083459257997,0.11985983137790766,0.18601762635472865,0.3515935596028033,0.42221507166775335,0.45768933383263,0.40091643877953004,0.014663466581028945,0.002897605673009312,0.005980982812144952,0.009478155869050877,0.0008592282987361523,0.0016234275363042712,0.0033931525735231612,3.5809950348608335,0.5309664228366627,0.19722073761092587,2.0,0.44813285770737,0.11608277037735,0.24989669126444,0.41087871964583,0.4366000117365,0.42598645825694,0.42701820601167,kognition,0.44813285770737,1.0,5.7594084575098,35,7,2.5625,1.2093386622447824,7.810249675906654,6.4031242374328485,6.0,0.24166666666666672,0.7396940058039014,0.4916666666666667,0.3333333333333333,0.005556574191971095,0.014663466581028945,0.9093957201491962,0.4513761934765686,True
250,77,9,7,2025-11-27 15:35:00,2025-11-27,2.0,2.0,1.0,1.0,2.0,1.0,2.0,2.0,2.0,1.0,2.0,1.0,3.0,2.0,2.0,1.0,"5,3,28,27,1,6,10,23,18",,1409,2025-11-27,5,0.53414984697906,0.21597051452067237,0.239321601623328,0.35512341193124597,0.421377010728434,0.385853006191948,0.23866991348996983,0.011443298716152012,0.025784644027010067,0.022394343956315003,0.008366529558146601,0.016294602656931556,0.0016498776123387876,0.015307667402392497,2.82091480918746,0.7728156989450227,0.31818385240185665,3.0,0.43722847872813,0.26301625616535,0.29532485276811,0.38784875491359,0.42787477170739,0.42297573582662,0.37419451897196,kognition,0.43722847872813,1.0,5.797689841183,36,7,1.6875,0.6020797289396148,3.605551275463989,6.0,9.0,0.6222222222222222,0.4270513312310042,0.5055555555555555,0.1111111111111111,0.01446299484704093,0.025784644027010067,1.3636665171156264,0.4768287475634663,True
261,80,9,4,2025-12-02 17:10:00,2025-12-02,1.0,3.0,2.0,2.0,3.0,2.0,4.0,1.0,1.0,2.0,2.0,3.0,1.0,2.0,2.0,1.0,"17,5,28,22,27,1,15,6,23,4,21",,1408,2025-12-02,4,0.424104123203415,0.1759615344637985,0.214626296104295,0.416517025126185,0.32515048314223427,0.448827472842055,0.40096411599087245,0.03143829351052932,0.013760034779220371,0.006880607383496945,0.020610090559263036,0.02135649985079802,0.00040501910875350783,0.007223938981581411,3.31752969204525,1.047818848431968,0.3188643664219046,4.0,0.4242201744442,0.20813865776626,0.31283263793185,0.40614309683092,0.41373837111883,0.41994569470089,0.40787479412268,kognition,0.4242201744442,1.0,5.8921041575589,38,7,2.0,0.8944271909999159,5.291502622129181,4.58257569495584,11.0,0.1681818181818182,0.7640421000039934,0.5136363636363636,0.36363636363636365,0.014524926310520372,0.03143829351052932,1.788894404951291,0.8451323075641264,True
271,83,9,7,2025-12-04 15:35:00,2025-12-04,2.0,2.0,1.0,2.0,1.0,1.0,1.0,2.0,2.0,1.0,1.0,2.0,4.0,2.0,1.0,1.0,"5,3,27,15,6",,1407,2025-12-04,4,0.3838527349432125,0.2420806703966825,0.2850758115903425,0.43925325336237997,0.33634040830902756,0.4855816176705875,0.37119300882531503,0.01263609316971097,0.0026612427321175366,0.009115305909141624,0.0018019570195320705,0.005077276176731363,0.0010550531860141201,0.0007909455720324461,3.6104310713133754,0.8061636492934188,0.18203811074959036,2.0,0.40654478133336,0.31620251949263,0.31108124342082,0.39852837794232,0.39995312473473,0.40586759584565,0.39299694226152,kognition,0.40654478133336,1.0,6.0689882871419,41,7,1.625,0.806225774829855,4.0,5.656854249492381,5.0,0.42400000000000004,0.6621963455048661,0.51,0.2,0.00473398196646859,0.01263609316971097,0.9960672533476697,0.36592630593976344,True
291,88,9,4,2025-12-09 17:10:00,2025-12-09,2.0,2.0,1.0,3.0,1.0,2.0,3.0,1.0,4.0,2.0,3.0,2.0,2.0,2.0,3.0,2.0,"5,28,27,1,6,23,18",,1406,2025-12-09,5,0.516007899260974,0.10877913510453138,0.21686627838713196,0.346864738099016,0.408509773375832,0.47781345874094205,0.309196535011296,0.013391814292942616,0.008866706741971766,0.01217991251360628,0.002967407002478589,0.0026036397716191198,0.009880981462904611,0.013871850039887817,3.3575729421441,0.45392722892217985,0.25251200332936813,2.0,0.41212781006831,0.16722081945223,0.34378243711073,0.41764440653152,0.40582657264236,0.42143431543978,0.4089855162992,performanz,0.42143431543978,1.0,5.8659446654828,48,7,2.1875,0.8341662504161466,5.744562646538029,5.0,7.0,0.5428571428571428,0.4538947104376358,0.46428571428571436,0.14285714285714285,0.009108901689344402,0.013871850039887817,0.902146410750516,0.06535000619068938,False
310,91,9,7,2025-12-11 15:35:00,2025-12-11,2.0,1.0,3.0,2.0,1.0,2.0,2.0,2.0,2.0,1.0,1.0,2.0,3.0,2.0,2.0,1.0,"5,3,6,18",,1405,2025-12-11,4,0.48166115656534503,0.127246320157066,0.1134796442199825,0.38636604528071,0.41020007561342753,0.4842703917335425,0.40996996143403,0.0026590920661956462,0.0070757856573096245,0.0011830592184143228,0.0026999866506838004,0.0008203047943991242,0.002602931783041443,0.0017512001456860614,4.284138938899501,0.8368309668713494,0.13708523011517332,3.0,0.43156697643599,0.22877177614021,0.14891997477553,0.42727701516012,0.43122935543181,0.43205244086841,0.4289977290771,performanz,0.43205244086841,1.0,5.7265083483035,41,7,1.8125,0.6551081335677849,4.123105625617661,4.47213595499958,4.0,0.5175000000000001,0.5889980899799252,0.39999999999999997,0.25,0.002684622902247146,0.0070757856573096245,1.3246387323288409,0.2550392233014886,True
20,6,10,7,2025-09-11 15:35:00,2025-09-11,1.0,1.0,2.0,2.0,2.0,1.0,4.0,3.0,3.0,1.0,1.0,2.0,1.0,1.0,1.0,1.0,"28,1,6,23,8,13,16,25,2",,664,2025-09-11,5,0.332209784963376,0.1308849482257442,0.0814182060995502,0.244378499463178,0.314120718536926,0.212609153147106,0.3151697128515834,0.08215209470813811,0.009020109179840575,0.02938082890648793,0.07076424051805723,0.04933595006466985,0.30324923269470083,0.019040518074609932,3.18469568995076,0.6714613716618812,0.7502952579794867,2.0,0.43099025209379,0.19052580510746,0.21055607588413,0.41058094106643,0.41240800320046,0.49443036785328,0.38793254240826,performanz,0.49443036785328,1.0,5.9831527072292,36,7,1.6875,0.9464847243000456,4.58257569495584,,9.0,0.4444444444444444,0.6484187794783915,0.5611111111111111,0.2222222222222222,0.08042042487807208,0.30324923269470083,1.1405855432137892,1.4492393731983941,True
22,7,10,8,2025-09-11 17:10:00,2025-09-11,3.0,3.0,2.0,3.0,4.0,2.0,2.0,2.0,2.0,3.0,2.0,2.0,2.0,1.0,1.0,2.0,28,,664,2025-09-11,5,0.332209784963376,0.1308849482257442,0.0814182060995502,0.244378499463178,0.314120718536926,0.212609153147106,0.3151697128515834,0.08215209470813811,0.009020109179840575,0.02938082890648793,0.07076424051805723,0.04933595006466985,0.30324923269470083,0.019040518074609932,3.18469568995076,0.6714613716618812,0.7502952579794867,2.0,0.43099025209379,0.19052580510746,0.21055607588413,0.41058094106643,0.41240800320046,0.49443036785328,0.38793254240826,performanz,0.49443036785328,1.0,5.9831527072292,36,7,2.25,0.7745966692414834,5.830951894845301,5.196152422706632,1.0,0.6,0.0,0.35,0.0,0.08042042487807208,0.30324923269470083,1.1405855432137892,1.0944655399357437,True
37,12,10,5,2025-09-17 15:35:00,2025-09-17,1.0,1.0,2.0,3.0,1.0,1.0,3.0,2.0,1.0,1.0,1.0,1.0,2.0,1.0,1.0,1.0,"28,22,6,23,18,9,8,14,26,25,12,24,2,11,20",,663,2025-09-17,4,0.5463409379918925,0.16516865863333124,0.20125857871026476,0.3359718640701475,0.4440509121677025,0.41267089569447246,0.326900504781395,0.002029440590300088,0.01799609410572916,0.015139001494214502,0.0042508638038463616,0.001908809253373643,0.002207457716013436,0.0029691670075002352,3.758988700038425,0.7140696126274463,0.2156405202437089,1.0,0.4343228902273,0.20984523470514,0.28908681442931,0.39482064005968,0.43091598459551,0.42714733153466,0.39965889920385,kognition,0.4343228902273,1.0,5.8546621944983,37,7,1.4375,0.7274384280931732,3.3166247903554,5.196152422706632,15.0,0.3113333333333334,0.6283190979819799,0.49,0.3333333333333333,0.006642976281568204,0.01799609410572916,0.6432367109570517,0.47068906506803454,True
43,14,10,7,2025-09-18 15:35:00,2025-09-18,1.0,1.0,1.0,2.0,1.0,1.0,3.0,1.0,1.0,1.0,2.0,2.0,1.0,1.0,1.0,1.0,"22,27,1,6,10,23,18,8,14,13,26,25,24,2",,662,2025-09-18,5,0.512127012074882,0.0792794417363826,0.15291107926544698,0.36553490623856594,0.43900415772192,0.458043373721276,0.38666655958392404,0.0027928342441873506,0.003984307227526485,0.005993531120965084,0.001975046281502539,0.0008438711241220394,0.001317203494616182,0.005492264388703897,4.31709168933226,0.31928940418763574,0.1496631480412716,2.0,0.42829925418172,0.11323890311166,0.25713198964135,0.4283432821955,0.42874131380082,0.42856726603078,0.4320293832703,regulation,0.4320293832703,1.0,5.7661516320947,47,7,1.3125,0.6020797289396148,2.6457513110645907,2.449489742783178,14.0,0.3807142857142858,0.6108830176265254,0.5357142857142857,0.2857142857142857,0.0031998654116605113,0.005993531120965084,0.8229841840763025,-0.28900297100272176,False
61,21,10,5,2025-09-24 15:35:00,2025-09-24,1.0,1.0,1.0,1.0,2.0,1.0,1.0,1.0,1.0,1.0,1.0,1.0,1.0,1.0,1.0,1.0,"28,22,27,1,6,10,23,18,4,8,14,13,26,25,12,24,2,20",,661,2025-09-24,4,0.5498718857507601,0.0479900310250665,0.2098790057466775,0.294055341185625,0.42848368326433,0.503071967563775,0.32951791808468756,0.0044388028490378335,0.0012202828288861234,0.003343679986591968,0.0018208602947209385,0.0029331848049924765,0.004080346650866137,0.0017152807832922798,3.395407432660075,0.3651411752402059,0.13983003324889742,2.0,0.43187694210552,0.045931368541293,0.34704158229303,0.40183622868501,0.43071804630455,0.43116650374923,0.3975378426995,kognition,0.43187694210552,1.0,5.7537392419863,47,7,1.0625,0.25,1.0,2.8284271247461903,18.0,0.38888888888888895,0.6076538569585016,0.5333333333333334,0.2777777777777778,0.002793205456912537,0.0044388028490378335,0.8349904028297012,-0.23563237648184582,False
70,23,10,7,2025-09-25 15:35:00,2025-09-25,1.0,1.0,1.0,3.0,1.0,1.0,1.0,1.0,1.0,1.0,1.0,2.0,2.0,1.0,1.0,1.0,"28,22,27,1,23,18,14,13,25,2,20",,660,2025-09-25,4,0.47937162528668253,0.07571758889623599,0.17275785245167674,0.409655738295125,0.3900436684527625,0.47146152327010504,0.40824457273591996,0.0040748930927181235,0.006265660476910611,0.004538423029882621,0.0049349501337507,0.002284167424422625,0.00168605490166424,0.001943576924040603,3.9047615421746746,0.49960261394293776,0.16039864707468554,3.0,0.42386486579459,0.14143188939675,0.3073977393959,0.41772681086931,0.42227883219351,0.42521790021893,0.41498607917362,performanz,0.42521790021893,1.0,5.8534003028605,44,7,1.25,0.5773502691896257,2.449489742783178,2.6457513110645907,11.0,0.2345454545454545,0.6448588800711451,0.45454545454545453,0.36363636363636365,0.003675389426198504,0.006265660476910611,1.2200004203392079,-0.01876272353154156,False
93,30,10,5,2025-10-01 15:35:00,2025-10-01,1.0,1.0,1.0,3.0,1.0,1.0,1.0,1.0,1.0,1.0,1.0,1.0,1.0,1.0,1.0,1.0,"3,28,22,27,1,10,23,18,9,14,16,26,25,2",,658,2025-10-01,4,0.44857685454362,0.17956201216744175,0.20812762102844626,0.39602488210337,0.35186967609061753,0.47451960370376,0.3800124606321575,0.006754231135705114,0.01334982998564586,0.01683918310817624,0.005453619700739683,0.008502180381918925,0.002220102217820398,0.01986717080068956,3.4991276659621,1.2520250939064355,0.27015979961995784,2.0,0.41936193254158,0.21826291310355,0.27543454075334,0.41081658755045,0.41822427850374,0.41194329607111,0.43272414809604,regulation,0.43272414809604,1.0,5.8809566109717,46,7,1.125,0.5,2.0,1.4142135623730951,14.0,0.3321428571428572,0.6543172949334134,0.5321428571428571,0.2857142857142857,0.010426616761527967,0.01986717080068956,1.1740616311754646,0.4420482671105866,True
98,32,10,7,2025-10-02 15:35:00,2025-10-02,1.0,1.0,3.0,3.0,1.0,1.0,1.0,1.0,3.0,2.0,1.0,1.0,1.0,1.0,1.0,1.0,"5,22,27,1,10,23,18,9,8,14,13,25,2,20",,657,2025-10-02,4,0.5197677266445825,0.1316407824599795,0.15885957267968376,0.373905704985205,0.422788691606465,0.43772352534899,0.38074851733302495,0.004944237475227965,0.00911773777431086,0.006005600442816095,0.00607976455856919,0.004691463115611231,0.0002898443111218768,0.0010147440197805094,3.82678476531705,0.6647312583801631,0.17928578219545946,2.0,0.42232471205671,0.23220466953253,0.28431633643705,0.4054764484674,0.41975360648869,0.41783518292499,0.41435878258888,kognition,0.42232471205671,1.0,5.9370849441388,37,7,1.4375,0.8139410298049853,3.605551275463989,3.0,14.0,0.3771428571428572,0.6299028107735416,0.5035714285714287,0.2857142857142857,0.004591913099633961,0.00911773777431086,0.9480056801918741,0.06503228378557221,False
120,106,10,0,2025-10-23 15:35:00,2025-10-23,1.0,1.0,2.0,1.0,1.0,1.0,2.0,1.0,2.0,1.0,1.0,1.0,1.0,1.0,1.0,1.0,"28,22,27,1,6,10,23,18,4,14,13,16",,654,2025-10-23,4,0.5333343501495349,0.17163237719842275,0.1340001718073085,0.3417921182539825,0.42809180779837247,0.45300393725155,0.3473525144088401,0.0023906520799697366,0.027214287911030716,0.0022668126269385783,0.0017363206005911814,0.0045698872455743,0.0015368756867283819,0.0024699903835821713,3.91870791951145,0.3348858983506835,0.20538945088396107,1.0,0.42229562922965,0.26230767101771,0.22828673022494,0.40755191442175,0.42439756793557,0.42856260651599,0.41335823664457,performanz,0.42856260651599,1.0,5.7837789254614,36,7,1.1875,0.4031128874149275,1.7320508075688772,2.8284271247461903,12.0,0.39666666666666667,0.6526016310804693,0.5333333333333333,0.25,0.006026403790630723,0.027214287911030716,0.5134251164115482,-0.20242294582344847,False
143,47,10,5,2025-10-29 15:35:00,2025-10-29,1.0,1.0,2.0,2.0,1.0,1.0,2.0,1.0,2.0,1.0,1.0,1.0,1.0,1.0,1.0,1.0,"5,3,28,22,27,1,6,10,23,18,4,9,19,8,14,13,7,26,25,12,24,2,20",,653,2025-10-29,4,0.48797262190007495,0.16623915356101335,0.24108543513399322,0.39142222453863496,0.346941925398845,0.45699099021613254,0.3106045580000625,0.01427965960304766,0.023843337901757987,0.013219389773325802,0.011443528206348176,0.011390324494171933,0.007668967227648695,0.015377065277688912,3.0141627722766247,0.441998737682727,0.3118048628292849,2.0,0.4415564984479,0.21485207312967,0.28626127860674,0.4048247119722,0.40520372342312,0.42955845692095,0.4053688134505,kognition,0.4415564984479,1.0,5.7504314344355,38,7,1.25,0.4472135954999579,2.0,1.0,23.0,0.4160869565217392,0.6155784775345713,0.5217391304347827,0.2608695652173913,0.013888896069141307,0.023843337901757987,0.917934533504004,-0.15480559900865468,False
150,49,10,7,2025-10-30 15:35:00,2025-10-30,1.0,1.0,1.0,1.0,1.0,1.0,1.0,1.0,1.0,1.0,1.0,1.0,1.0,1.0,1.0,1.0,"5,3,28,1,6,10,23,4,9,8,14,13,7,26,12,24,2,11",,652,2025-10-30,5,0.43070114766966194,0.1731399937901204,0.23179610929452604,0.42098342093278796,0.36601670520639595,0.47779222825240397,0.394568204664702,0.005536284599523761,0.0076568269115292725,0.007642126959605691,0.0033946326453673853,0.005221062229033643,0.001559472685791137,0.004609489081798394,4.08783958692864,0.5180193463099425,0.18873233722033247,4.0,0.3972199399828,0.30036103209341,0.34768785753227,0.39821347220981,0.39533981120376,0.39847292316951,0.39681382668055,performanz,0.39847292316951,1.0,6.0530919470324,44,7,1.0,0.0,0.0,2.0,18.0,0.7277777777777776,0.29716354560999936,0.5611111111111111,0.05555555555555555,0.005088556444664184,0.0076568269115292725,1.568917227843425,-0.4467868565119197,False
168,107,10,0,2025-11-06 15:35:00,2025-11-06,1.0,1.0,1.0,1.0,1.0,1.0,1.0,1.0,3.0,1.0,1.0,1.0,1.0,1.0,1.0,1.0,"5,3,28,22,27,1,6,10,23,18,8,14,13,16,26,25,2,11,20",,650,2025-11-06,5,0.375087193362424,0.049583844802211605,0.1022968405553244,0.223447068620818,0.28317161871543595,0.239349681201002,0.149232066746632,0.08483855191636389,0.025495896745897962,0.054839955161218826,0.08962256689370103,0.07362798918190921,0.1600108230874981,0.14827142946523453,3.395294407617,0.3279418846507397,0.7979393538683398,2.0,0.4203804582296,0.10475536950786,0.25246070648679,0.41263193809134,0.41884022888482,0.43154055802919,0.4654537379475,regulation,0.4654537379475,1.0,5.7380107387296,39,7,1.125,0.5,2.0,2.0,19.0,0.388421052631579,0.6411113964941517,0.5131578947368421,0.2631578947368421,0.09095817320740338,0.1600108230874981,1.0419604128396933,0.9495208287743765,True
171,55,10,7,2025-11-06 15:35:00,2025-11-06,1.0,1.0,1.0,2.0,1.0,1.0,1.0,1.0,2.0,1.0,1.0,1.0,1.0,1.0,1.0,1.0,"5,3,28,22,27,1,6,10,23,18,9,13,16,26,24,2,11,20",,650,2025-11-06,5,0.375087193362424,0.049583844802211605,0.1022968405553244,0.223447068620818,0.28317161871543595,0.239349681201002,0.149232066746632,0.08483855191636389,0.025495896745897962,0.054839955161218826,0.08962256689370103,0.07362798918190921,0.1600108230874981,0.14827142946523453,3.395294407617,0.3279418846507397,0.7979393538683398,2.0,0.4203804582296,0.10475536950786,0.25246070648679,0.41263193809134,0.41884022888482,0.43154055802919,0.4654537379475,regulation,0.4654537379475,1.0,5.7380107387296,39,7,1.125,0.3415650255319866,1.4142135623730951,1.4142135623730951,18.0,0.3755555555555556,0.6405225490195244,0.536111111111111,0.2777777777777778,0.09095817320740338,0.1600108230874981,1.0419604128396933,0.9009023228063221,True
199,63,10,5,2025-11-12 15:35:00,2025-11-12,2.0,1.0,3.0,2.0,1.0,1.0,2.0,1.0,2.0,1.0,1.0,1.0,1.0,1.0,1.0,1.0,"28,22,27,1,15,6,10,23,18,14,13,16,26,25,24,2,20",,1102,2025-11-12,5,0.478446835355102,0.045891685060679,0.1261971506853778,0.361567096657156,0.451735090759444,0.46010768805496394,0.42250160831634603,0.010198870169115332,0.00035539733616035153,0.0029676786286589657,0.005590227291514843,0.001701254162733012,0.001347058326875867,0.005889595461051769,4.32363683118478,0.6043193381715657,0.16748158518508877,4.0,0.43101023698039,0.0,0.2685502234644,0.42969102096424,0.43010724082177,0.43232201379677,0.43078827389845,performanz,0.43232201379677,1.0,5.7463699930114,45,6,1.375,0.6191391873668903,2.8284271247461903,2.449489742783178,17.0,0.1623529411764706,0.7023366832289173,0.5441176470588235,0.4117647058823529,0.0040071544823014485,0.010198870169115332,1.5906003077855513,0.10729872866232588,False
208,65,10,7,2025-11-13 15:35:00,2025-11-13,1.0,1.0,1.0,1.0,1.0,1.0,1.0,1.0,1.0,1.0,1.0,1.0,1.0,1.0,1.0,1.0,"5,3,28,22,27,1,15,6,10,23,18,21,8,14,13,7,16,26,25,2,11,20",,1101,2025-11-13,3,0.43533612921247333,0.23341178991175668,0.2091102049912437,0.40452003251193,0.3901526188691533,0.45451255365346,0.37434332207789667,0.005423888931746327,0.0015317276481112852,0.026473629932655906,0.005238126649755187,0.0022212355759482745,0.004275943702593189,0.004534486770960424,3.8757003118551663,0.14045683930275657,0.22293281322355982,3.0,0.42490427085682,0.26458338378474,0.35861107684671,0.38797908193589,0.40532857368807,0.40825511439878,0.37330347030679,kognition,0.42490427085682,1.0,5.9716462127461,32,7,1.0,0.0,0.0,2.8284271247461903,22.0,0.29681818181818187,0.6987091107804472,0.5068181818181817,0.3181818181818182,0.0070998627445386575,0.026473629932655906,1.1211298841754387,-0.22679569886021053,False
240,75,10,5,2025-11-26 15:35:00,2025-11-26,1.0,1.0,1.0,3.0,1.0,2.0,2.0,1.0,2.0,1.0,1.0,1.0,1.0,1.0,1.0,1.0,"28,22,27,1,6,18,8,14,16,26,25,24,2,11",,1099,2025-11-26,4,0.51172000485676,0.1129429917376345,0.1664764034882645,0.3612629047887825,0.39552368340948496,0.4375562645490225,0.43719639440235997,0.003850595125580103,0.0044630156300067515,0.010589267126727857,0.002682033161079569,0.0005204018301799096,0.0002775901498850624,0.005738003108488015,3.928706740141525,0.4997459825549954,0.16769289231195003,2.0,0.42478757876429,0.17557240572121,0.29987554509991,0.40977554091039,0.42048975956275,0.42194366119117,0.41956759190244,kognition,0.42478757876429,1.0,5.7945534677262,38,7,1.3125,0.6020797289396148,2.6457513110645907,2.6457513110645907,14.0,0.2357142857142857,0.6624059424952807,0.5071428571428571,0.35714285714285715,0.004017272304563896,0.010589267126727857,0.8891462916223151,-0.017151988986497325,False
249,77,10,7,2025-11-27 15:35:00,2025-11-27,2.0,1.0,3.0,1.0,2.0,1.0,2.0,1.0,2.0,1.0,1.0,1.0,1.0,1.0,1.0,1.0,"28,22,27,1,15,6,10,23,18,4,8,14,13,7,16,26,25,2,11,20",,1098,2025-11-27,4,0.3834202741566825,0.1935387715740465,0.21873064337369777,0.448971283442155,0.328602645968995,0.46727547555698,0.41143120468215,0.007115766281384422,0.023692132504447825,0.019352962165857225,0.003391182436463894,0.00993922356217787,0.004797960136432833,0.0022168970224515938,3.72062889248405,0.5507403033754452,0.26552989306143227,3.0,0.38414017855163,0.33805873353437,0.34678351313403,0.40719410496742,0.36976470059709,0.40111072515595,0.39302375661106,motivation,0.40719410496742,1.0,5.9685339822822,28,7,1.375,0.6191391873668903,2.8284271247461903,3.3166247903554,20.0,0.32300000000000006,0.677791265803861,0.5349999999999999,0.3,0.010072303444173664,0.023692132504447825,1.2720900654789593,0.16785639810255273,False
267,81,10,5,2025-12-03 15:35:00,2025-12-03,1.0,1.0,3.0,2.0,1.0,1.0,2.0,1.0,2.0,1.0,1.0,1.0,1.0,1.0,1.0,1.0,"28,22,1,10,23,14,13,2",,1097,2025-12-03,4,0.4828579122760175,0.135295162315754,0.155773989307737,0.36514366312012503,0.3940872749316825,0.49155636077279,0.38671107075678746,0.004998099800350142,0.017165582638745982,0.010405749835129692,0.0035226827709059264,0.0018758343292173566,0.005188003049919267,0.0013085445114575532,3.6507900264612254,0.6349370835372394,0.2108660639736179,3.0,0.44154019329797,0.20600166751247,0.25913174288042,0.40077275160191,0.42667755416852,0.42924754784796,0.41052022932804,kognition,0.44154019329797,1.0,5.7789331780213,34,7,1.3125,0.6020797289396148,2.6457513110645907,1.7320508075688772,8.0,0.595,0.49894889517865454,0.475,0.125,0.006352070990817989,0.017165582638745982,1.2819343825036191,-0.26969347467882543,False
270,83,10,7,2025-12-04 15:35:00,2025-12-04,1.0,2.0,1.0,2.0,2.0,1.0,2.0,1.0,1.0,1.0,1.0,1.0,1.0,1.0,1.0,1.0,"28,22,10,23,18,8,14,16,26,25,2",,1096,2025-12-04,4,0.47294475626693494,0.1150298026383065,0.17176775382896575,0.365932759835585,0.384256879894855,0.45781630378652755,0.465551127805665,0.008730731230932915,0.00450497163928513,0.006611097028733141,0.002716619744914717,0.00090718380728518,0.0005108563756302889,0.0017067232618688695,3.9491588352588503,0.8358303777243242,0.1602753352473494,2.0,0.43143931754233,0.15155823079476,0.25602846728798,0.42183887962992,0.42520727857835,0.42930903368715,0.42694343896494,kognition,0.43143931754233,1.0,5.8389047820475,42,7,1.25,0.4472135954999579,2.0,2.6457513110645907,11.0,0.22272727272727266,0.6881211694183321,0.5045454545454545,0.36363636363636365,0.0036697404412357484,0.008730731230932915,0.9987019043238913,0.2237295746116133,False
295,89,10,5,2025-12-10 15:35:00,2025-12-10,1.0,1.0,2.0,3.0,1.0,1.0,2.0,1.0,2.0,1.0,1.0,1.0,1.0,1.0,1.0,1.0,"22,1,15,6,18,4,8,16,26,25,24,20",,1094,2025-12-10,5,0.451797028219434,0.1069402722819798,0.203187992250986,0.37260562421737004,0.364540364421426,0.5072244824755361,0.43602308258221595,0.004665244370794065,0.0030125708278096346,0.0033752767227301778,0.00200027621444535,0.0014952136552431586,0.0073458918640891754,0.0021405445016013575,3.72936262306766,0.3725232065880274,0.1550323132663411,2.0,0.40683173652774,0.21784785632055,0.34981678617498,0.41041943435947,0.40200507522224,0.41071299632012,0.40733004918912,performanz,0.41071299632012,1.0,5.9900937846703,56,7,1.3125,0.6020797289396148,2.6457513110645907,2.23606797749979,12.0,-0.04416666666666665,0.7371957941340204,0.5666666666666667,0.4166666666666667,0.0034335740223875597,0.0073458918640891754,0.8425185066181228,-0.0953782648428847,False
309,91,10,7,2025-12-11 15:35:00,2025-12-11,1.0,1.0,2.0,3.0,1.0,1.0,2.0,1.0,2.0,1.0,1.0,1.0,1.0,1.0,1.0,1.0,"3,28,22,27,16,26,25,24,2,11,20",,1093,2025-12-11,4,0.4310304942801175,0.24917139854201,0.289493542849675,0.38817669949753997,0.35900722001648255,0.392392854995315,0.42902259622326255,0.0071845117450419285,0.013732250456697993,0.01299190600196648,0.006064525752199438,0.0029434265823873196,0.002206898331325272,0.00559146812003673,4.063426377742375,0.32681549634225837,0.22519988230382174,3.0,0.39629956828411,0.31689383680592,0.35166471709951,0.38531127909766,0.39362716606778,0.39943943330881,0.39483486740064,performanz,0.39943943330881,1.0,6.0348863989165,44,7,1.3125,0.6020797289396148,2.6457513110645907,0.0,11.0,0.07272727272727274,0.6776710238227142,0.5363636363636364,0.45454545454545453,0.007244998141379308,0.013732250456697993,1.1840051262153601,-0.2369134736537979,False
10,4,11,5,2025-09-10 15:35:00,2025-09-10,2.0,1.0,2.0,2.0,1.0,2.0,2.0,2.0,2.0,1.0,2.0,2.0,1.0,2.0,2.0,2.0,"1,13,2",,953,2025-09-10,5,0.46495964446488997,0.18773101513887241,0.15279951915777712,0.40137683078182,0.414192071077858,0.43575812018759397,0.3925380980144141,0.005976944649929847,0.02028508109310726,0.0134012449299274,0.002878845879646473,0.0009580803768501854,0.0021999417728694,0.0028860802358366905,3.5177334589033,0.707566821384998,0.2204228185514541,3.0,0.42059759103157,0.25727068936599,0.27595437254476,0.40829521001925,0.4141344872223,0.41682331301567,0.41085429033945,kognition,0.42059759103157,1.0,5.9366588948123,43,7,1.75,0.4472135954999579,3.4641016151377544,,3.0,0.8266666666666667,0.08993825042154698,0.5166666666666667,0.0,0.006940888419738179,0.02028508109310726,1.3093298799788173,-0.24304781397174496,False
48,16,11,9,2025-09-19 15:35:00,2025-09-19,2.0,2.0,3.0,2.0,2.0,2.0,2.0,3.0,3.0,2.0,2.0,3.0,2.0,3.0,2.0,2.0,"1,23",,951,2025-09-19,5,0.36282311062788997,0.1056051135631918,0.049263789864374,0.39714275414396194,0.35266605009464563,0.44630935859411797,0.46571522613252797,0.05847700230682347,0.010346195887381612,0.012501387838141063,0.009226482696850669,0.05126087931442702,0.003179495662128288,0.011599110435203194,2.41961913075499,1.1294979290161844,0.3957152437561072,4.0,0.4355592005863,0.17589906993895,0.076837762918215,0.43067729036606,0.42808006427888,0.44746178765632,0.45219751176797,regulation,0.45219751176797,1.0,5.6381758034661,28,7,2.3125,0.47871355387816905,5.5677643628300215,3.0,2.0,0.825,0.07500000000000001,0.6,0.0,0.022370079162993623,0.05847700230682347,1.8417377242574304,0.37829032488584013,True
91,30,11,5,2025-10-01 15:35:00,2025-10-01,2.0,3.0,1.0,2.0,1.0,1.0,2.0,2.0,1.0,2.0,2.0,1.0,2.0,2.0,2.0,2.0,"4,14,13,2",,949,2025-10-01,5,0.45326271893872594,0.25609619380790016,0.1526515386450442,0.41958685519553995,0.39442223636623003,0.41390508557834804,0.375800347966932,0.009030962264689475,0.017391850532227825,0.015971374749622368,0.008399624338306818,0.00515360751350666,0.0011516712261858146,0.004394529405425713,3.3389187389380197,0.6230064038627587,0.2479790717580108,3.0,0.41122858346801,0.31760286128299,0.30402724163209,0.39631967616887,0.40316808445143,0.40281523815368,0.39460065147465,kognition,0.41122858346801,1.0,6.0046972234922,46,7,1.75,0.5773502691896257,3.7416573867739413,4.123105625617661,4.0,0.7949999999999999,0.07297259759663213,0.5249999999999999,0.0,0.008784802861423524,0.017391850532227825,1.2903284918735898,-0.1096881866169199,False
144,47,11,5,2025-10-29 15:35:00,2025-10-29,2.0,2.0,3.0,3.0,2.0,3.0,3.0,2.0,2.0,3.0,2.0,2.0,2.0,2.0,3.0,3.0,"9,24",,948,2025-10-29,3,0.36094497012425997,0.2103103759666117,0.1666651646194167,0.38123207112875335,0.36144372627055327,0.4065937156119233,0.5097446886425833,0.026954447616916302,0.015388390054515555,0.004753786692258574,0.0053262914552059835,0.007195767574609071,0.007999314610585746,0.0289433509294889,2.7542886075985966,1.3952746193896033,0.31074322025360446,3.0,0.46955536922158,0.17316230031954,0.16106588744153,0.40601193360568,0.44153430105667,0.44530830307685,0.40680344162776,kognition,0.46955536922158,1.0,5.5574907702058,22,7,2.4375,0.51234753829798,6.082762530298219,4.123105625617661,2.0,0.17500000000000002,0.625,0.75,0.5,0.013794478419082875,0.0289433509294889,1.5686726132144024,1.2086721004496197,True
182,58,11,9,2025-11-07 15:35:00,2025-11-07,2.0,1.0,2.0,1.0,2.0,1.0,2.0,2.0,2.0,1.0,1.0,2.0,2.0,2.0,1.0,1.0,13,,946,2025-11-07,3,0.5467011480180767,0.052442344239368666,0.17003787679817597,0.33952435522838664,0.4405857875775267,0.44980166153217666,0.37583890366359335,0.0008246808645392883,0.00033017335842599327,0.01039198392260053,0.0009354012915576984,0.000776761601144414,0.00012445566462506732,0.0030969854057482566,3.786915432135233,0.1778576665492961,0.12837617422497544,1.0,0.44391085816395,0.050122316372946,0.28134997170959,0.40338671629428,0.44022513201557,0.4376221373709,0.41621798992254,kognition,0.44391085816395,1.0,5.6547638191933,29,7,1.5625,0.51234753829798,3.0,4.898979485566356,1.0,0.88,0.0,0.65,0.0,0.0023543488726630356,0.01039198392260053,0.4354112802580905,-0.5121586129761679,False
243,75,11,5,2025-11-26 15:35:00,2025-11-26,3.0,2.0,2.0,3.0,1.0,2.0,3.0,1.0,3.0,2.0,2.0,3.0,1.0,3.0,2.0,1.0,24,,1378,2025-11-26,5,0.4888186621064,0.16900601861169143,0.201157802449842,0.361583702661392,0.378342658885368,0.41934925927592,0.383944770357462,0.027600666275933643,0.016742454026632676,0.009535758483612617,0.018264986073055416,0.011947270141044377,0.0030354863939367977,0.007742181622915188,3.10481022771368,0.6370773713034239,0.30800779700704123,3.0,0.42830703214782,0.23696794437586,0.29607483056846,0.39479298241475,0.4235819774495,0.41531025058369,0.40616478141215,kognition,0.42830703214782,1.0,5.9705416303724,46,7,2.125,0.806225774829855,5.477225575051661,4.123105625617661,1.0,-0.45,0.0,0.8,0.0,0.01355268614530439,0.027600666275933643,1.3150283894368215,-0.0023888119357305506,False
257,79,11,9,2025-11-28 15:35:00,2025-11-28,2.0,1.0,2.0,2.0,2.0,3.0,2.0,1.0,2.0,2.0,3.0,2.0,2.0,3.0,2.0,2.0,"4,13,2",,1377,2025-11-28,4,0.4517009951173675,0.08428597965490649,0.18095572842820248,0.41887345910933,0.39482156850144,0.46049512665394,0.4361860669658625,0.000762049108898247,0.004837556576036145,0.005226444759477477,0.003389219670700877,0.004710062314229057,0.0012021294525139917,0.002330170621311487,3.3494997471542,0.7839371558478968,0.14985870846623256,4.0,0.43580760322827,0.12032354624164,0.2379184889601,0.42029243519342,0.43411500681204,0.43022490092052,0.43450000987839,kognition,0.43580760322827,1.0,5.7543497116915,28,7,2.0625,0.5737304826019501,4.795831523312719,3.3166247903554,3.0,0.8099999999999999,0.07874007874011812,0.5666666666666667,0.0,0.003208233214738183,0.005226444759477477,1.6445986214380433,-0.2296046899125394,False
264,81,11,5,2025-12-03 15:35:00,2025-12-03,2.0,1.0,2.0,2.0,1.0,2.0,1.0,2.0,2.0,3.0,2.0,1.0,2.0,2.0,1.0,1.0,"1,4,13,2",,1376,2025-12-03,5,0.40746059432447,0.0009018203205939934,0.11316949058495199,0.15449690065912,0.31485028040366003,0.252123804511176,0.13096550364861004,0.09373357023431873,0.007813810963343323,0.04640541764034114,0.06196062890729492,0.10010977822000884,0.1777947606364636,0.12962430653171816,2.98766037003442,0.6975558504323195,0.7857749506910288,3.0,0.43565728390137,0.022603653357207,0.28610631903464,0.36305111551487,0.44043417738965,0.47494064224483,0.42008918788602,performanz,0.47494064224483,1.0,6.5284167531833,49,7,1.6875,0.6020797289396148,3.605551275463989,3.1622776601683795,4.0,0.8325,0.07854139036202507,0.575,0.0,0.08820603901906983,0.1777947606364636,1.4944436003744492,0.9712802868967783,True
296,89,11,5,2025-12-10 15:35:00,2025-12-10,2.0,1.0,1.0,2.0,1.0,2.0,2.0,1.0,1.0,2.0,2.0,1.0,2.0,2.0,1.0,1.0,"4,14,13,7,12,2",,1374,2025-12-10,4,0.64656206629434,0.09978236092893175,0.1766193730223975,0.16334959685662925,0.45595137394484,0.3089506436412525,0.18154758069677498,0.024189739846719526,0.010064377048635463,0.0003612803320299831,0.04161004824025594,0.0019983319868994505,0.02099701825228252,0.07859307845053154,2.774971018849125,0.8529554416566204,0.42167982422372835,2.0,0.4266647978695,0.24841119188498,0.24567042212471,0.40122996720996,0.41752767311092,0.46070677899405,0.38513111956287,performanz,0.46070677899405,1.0,5.6917787495447,36,7,1.5,0.5163977794943222,2.8284271247461903,2.23606797749979,6.0,0.8000000000000002,0.06027713773341709,0.5249999999999999,0.0,0.025401982022479203,0.07859307845053154,1.091545088626783,0.13926563648038098,False
321,95,11,9,2026-01-16 15:35:00,2026-01-16,2.0,1.0,2.0,2.0,1.0,1.0,1.0,2.0,2.0,1.0,2.0,1.0,2.0,2.0,1.0,2.0,"4,8,14,13,7,12,2",,1369,2026-01-16,4,0.37087331282051,0.152620102440663,0.16399669098199549,0.406012613166885,0.3356500334313125,0.46186447120181995,0.5171758346381751,0.009962092932853866,0.006766109151177311,0.010983623622908724,0.002048935171935057,0.004692388717583412,0.0042456963778746346,0.015262305133146015,3.1885836542489,1.003121954640847,0.2322953962253213,2.0,0.43331735696752,0.15826414559631,0.20969762396693,0.42593081212189,0.4251094137223,0.43092957082014,0.44201424632118,regulation,0.44201424632118,1.0,5.7544471615401,35,7,1.5625,0.51234753829798,3.0,2.6457513110645907,7.0,0.8028571428571428,0.056242913385798655,0.5214285714285714,0.0,0.007708735872497004,0.015262305133146015,1.0784724502887226,-0.030724147177236226,False
326,97,11,5,2026-01-21 15:35:00,2026-01-21,2.0,1.0,2.0,2.0,1.0,2.0,2.0,1.0,2.0,2.0,2.0,1.0,2.0,2.0,2.0,2.0,"18,13,7,16,2",,1368,2026-01-21,4,0.28985774292908,0.1691145515518075,0.11984082583673748,0.23421735299892996,0.2799573039758125,0.08743945721651747,0.3550047604664745,0.08156527772333795,0.001259295808651395,0.017107730902726496,0.051813585828925486,0.05211002133533194,0.34727606273529643,0.054975041854774316,3.5915881469857496,0.8503068105886249,0.7785287510355954,3.0,0.42003471490644,0.17732704518395,0.22736026148516,0.37589912217034,0.39204588575014,0.53962432322513,0.39272872550558,performanz,0.53962432322513,1.0,6.9439912534279,36,7,1.75,0.4472135954999579,3.4641016151377544,2.23606797749979,5.0,0.196,0.7446233947439471,0.51,0.4,0.08658671659843487,0.34727606273529643,1.5429451872080735,1.4822190510652897,True
2,98,12,2,2025-09-08 17:10:00,2025-09-08,1.0,1.0,1.0,1.0,1.0,1.0,1.0,1.0,1.0,1.0,1.0,1.0,1.0,1.0,1.0,1.0,1,,1566,2025-09-08,5,0.53755054528027,0.11189025316379679,0.217988752583757,0.35772604850251194,0.420790908947908,0.44652176693077,0.32638667110672803,0.003532687402265483,0.008100432101060314,0.009453461359003254,0.0010614668322540322,0.0016852454033915512,0.003392166005379433,0.012827280136358466,3.8679623187760597,0.5578754120708701,0.20013180466810498,2.0,0.42008698882792,0.15760799467556,0.31722483974693,0.41318736762473,0.42156438098408,0.4219932582876,0.41416538470409,performanz,0.4219932582876,1.0,5.8158439142778,51,7,1.0,0.0,0.0,,1.0,0.9,0.0,0.6,0.0,0.005721819891387504,0.012827280136358466,0.9193357389129918,-0.4155517171826448,False
14,5,12,6,2025-09-10 17:10:00,2025-09-10,1.0,1.0,1.0,1.0,1.0,1.0,1.0,1.0,2.0,2.0,1.0,1.0,1.0,1.0,1.0,1.0,,,1565,2025-09-10,4,0.4952463847263875,0.12185611633810899,0.1352115900738595,0.37664088023678,0.3961713962546075,0.48230329224504254,0.402862030128195,0.0031451473403065,0.012968105161851177,0.007529847283655337,0.001034300660130443,0.00021892057166238133,0.0014744290348211327,0.0014986397631695672,3.26650954870505,0.13111794099661425,0.16694127654836158,2.0,0.4438456147931,0.19036808117495,0.19756892560458,0.41811219165047,0.42414095122389,0.44265347153213,0.42079526711263,kognition,0.4438456147931,1.0,5.7478737730632,31,7,1.125,0.3415650255319866,1.4142135623730951,1.4142135623730951,0.0,,,,0.0,0.0039813414022280775,0.012968105161851177,0.7660197391816586,-0.8978731277955214,False
15,5,12,6,2025-09-10 17:10:00,2025-09-10,1.0,1.0,1.0,1.0,1.0,1.0,1.0,1.0,2.0,2.0,1.0,1.0,1.0,1.0,1.0,1.0,,,1565,2025-09-10,4,0.4952463847263875,0.12185611633810899,0.1352115900738595,0.37664088023678,0.3961713962546075,0.48230329224504254,0.402862030128195,0.0031451473403065,0.012968105161851177,0.007529847283655337,0.001034300660130443,0.00021892057166238133,0.0014744290348211327,0.0014986397631695672,3.26650954870505,0.13111794099661425,0.16694127654836158,2.0,0.4438456147931,0.19036808117495,0.19756892560458,0.41811219165047,0.42414095122389,0.44265347153213,0.42079526711263,kognition,0.4438456147931,1.0,5.7478737730632,31,7,1.125,0.3415650255319866,1.4142135623730951,0.0,0.0,,,,0.0,0.0039813414022280775,0.012968105161851177,0.7660197391816586,-1.0617857641515518,False
39,13,12,6,2025-09-17 17:10:00,2025-09-17,1.0,1.0,1.0,1.0,1.0,1.0,2.0,2.0,1.0,1.0,2.0,1.0,1.0,1.0,1.0,1.0,"5,3,28,1,6",,1563,2025-09-17,3,0.5025982429734633,0.126582190454581,0.16122607521252866,0.38118997366152,0.40574101902426,0.43081151592286,0.4398549560745266,0.00239714037993539,0.003444750896869908,0.006338984186138823,0.0003586624919874777,0.0012465718834584274,0.0005245289485366742,0.002060306147072181,4.306453570131767,0.12052524503110758,0.12794899348568117,2.0,0.44752556226866,0.14511834392112,0.20412854083887,0.4186470374915,0.43831565987414,0.42897778374141,0.43079194222821,kognition,0.44752556226866,1.0,5.7470041790636,31,7,1.1875,0.4031128874149275,1.7320508075688772,2.23606797749979,5.0,0.8140000000000001,0.11482160075525862,0.47000000000000003,0.0,0.002338706419142698,0.006338984186138823,0.7494914128389296,-0.8627355131508404,False
94,31,12,6,2025-10-01 17:10:00,2025-10-01,1.0,1.0,1.0,1.0,1.0,1.0,1.0,1.0,1.0,1.0,1.0,1.0,1.0,2.0,1.0,1.0,6,,1559,2025-10-01,5,0.42174747880126195,0.20673394398186756,0.278760135560066,0.410998846247782,0.319261151175622,0.47206724517030396,0.377096904554454,0.01388344762191956,0.01911212604018924,0.008311052848221256,0.01189844347374163,0.007687008461977616,0.0034345107417175975,0.001453144926488183,3.54946969868278,0.7279292986094159,0.25647560140148823,3.0,0.39299932429012,0.31571438392393,0.35544323333648,0.3950265083922,0.3902333945649,0.39386636070492,0.39506199672733,regulation,0.39506199672733,1.0,6.0044636550869,43,7,1.0625,0.25,1.0,2.0,1.0,0.85,0.0,0.5,0.0,0.009397104873465012,0.01911212604018924,1.3281349666703013,-0.26674651975730884,False
200,64,12,6,2025-11-12 17:10:00,2025-11-12,1.0,1.0,1.0,1.0,1.0,1.0,2.0,1.0,1.0,1.0,1.0,1.0,2.0,1.0,1.0,1.0,,,1552,2025-11-12,5,0.454248787895754,0.18827932559332738,0.17236255613537418,0.405045966578106,0.392264764696418,0.456744959756926,0.399508569501206,0.005968382417421799,0.010649741494000407,0.013693949013624205,0.001668286076274611,0.00012798589886446886,0.003983911899661616,0.00624487257321933,3.40681795075486,0.5715424854123616,0.20575988280776802,3.0,0.42019219095971,0.27811812810751,0.25845030014612,0.40976178225511,0.41004947698925,0.4180576721447,0.41045266590939,kognition,0.42019219095971,1.0,5.9314265162127,31,7,1.125,0.3415650255319866,1.4142135623730951,1.7320508075688772,0.0,,,,0.0,0.00604816133900949,0.013693949013624205,1.2591007894067099,-0.48777958624365797,False
248,76,12,6,2025-11-26 17:10:00,2025-11-26,1.0,1.0,1.0,1.0,2.0,1.0,1.0,2.0,2.0,1.0,1.0,2.0,1.0,1.0,1.0,1.0,28,,1549,2025-11-26,4,0.430032018891065,0.15701814221607477,0.17497439669709328,0.413164008064465,0.42024413668272,0.4514573811631325,0.43925349790970747,0.0018850230779458097,0.003668106430325053,0.005220080918775349,0.0003071661094916464,0.0012081793760357023,0.0010790466178348663,0.0023624619519467807,4.3241765735751745,0.09455319607497051,0.12541955382776326,3.0,0.40658726083705,0.26758784470041,0.32694568431391,0.40570730202145,0.40429139326143,0.40610630262601,0.40399802552023,kognition,0.40658726083705,1.0,5.9084629536984,43,7,1.25,0.4472135954999579,2.0,2.449489742783178,1.0,0.6,0.0,0.35,0.0,0.0022471520689078873,0.005220080918775349,1.073324249967578,-0.8600379537523727,False
306,90,12,6,2025-12-10 17:10:00,2025-12-10,1.0,1.0,1.0,1.0,1.0,1.0,1.0,1.0,2.0,1.0,1.0,1.0,1.0,2.0,1.0,1.0,,,1546,2025-12-10,4,0.524269362846415,0.143444124964788,0.24314671206932248,0.36268974839125,0.39344225315562,0.4423698347951775,0.3590598801949625,0.003966434685748233,0.0041001260709509525,0.007021127321099756,0.00413753116803736,0.002286206839850756,0.0018824253020469847,0.01109000929534176,3.71091345964735,0.5695441027188269,0.1856983055471315,2.0,0.41072890013454,0.22318228554185,0.35003877991312,0.40243028839372,0.40559412148374,0.40955672451241,0.40591556191742,kognition,0.41072890013454,1.0,5.8682323369172,40,7,1.125,0.3415650255319866,1.4142135623730951,2.0,0.0,,,,0.0,0.004926265811867973,0.01109000929534176,0.9184141360886527,-0.48718551441648356,False
17,5,13,6,2025-09-10 17:10:00,2025-09-10,2.0,2.0,2.0,2.0,1.0,2.0,2.0,3.0,2.0,2.0,2.0,2.0,2.0,2.0,2.0,3.0,,,207,2025-09-10,5,0.44786847774802807,0.233300982292706,0.264032699297156,0.420176867238082,0.388249515413936,0.424639402453474,0.38305441845377397,0.0012511636902954883,0.0023632269308420497,0.00963557841752287,0.00103559980742812,0.0018125395175972406,0.0028235075444900818,0.002008379825567633,3.75692665078426,0.7862373062814384,0.14467202816627506,3.0,0.39433784506675,0.3236838367819,0.33879331176133,0.39558727744837,0.39361099000913,0.39396414277656,0.39788893951541,regulation,0.39788893951541,1.0,6.1159260558771,38,7,2.0625,0.4425306015783918,4.58257569495584,,0.0,,,,0.0,0.002989999390534783,0.00963557841752287,1.3103031114825712,-0.30644075082066047,False
53,18,13,2,2025-09-22 17:10:00,2025-09-22,1.0,3.0,1.0,1.0,2.0,1.0,2.0,3.0,2.0,1.0,1.0,1.0,1.0,1.0,1.0,2.0,"5,1,7,2",,206,2025-09-22,5,0.6024910272558559,0.08015600523148639,0.154858166949335,0.306731384340322,0.42749180922471197,0.412341238227964,0.3185834139516558,0.0070458825382580925,0.008427738415021287,0.012617605677316124,0.007473592198532672,0.0016552630387153058,0.0023776782092203457,0.018640609195584558,3.4082179349508204,0.6426053134017989,0.24132627140999047,1.0,0.4287193433441,0.1038054291507,0.25992729594585,0.41976478027245,0.42994613979294,0.43366020262648,0.43444345420273,regulation,0.43444345420273,1.0,5.6846745131591,43,7,1.5,0.7302967433402214,3.4641016151377544,3.605551275463989,4.0,0.8,0.07071067811865477,0.4625,0.0,0.00831976703894977,0.018640609195584558,0.6279771949372631,-0.16583288618582384,False
67,22,13,6,2025-09-24 17:10:00,2025-09-24,2.0,2.0,2.0,2.0,1.0,2.0,2.0,2.0,2.0,2.0,2.0,1.0,2.0,2.0,2.0,2.0,"6,8,7,11",,205,2025-09-24,5,0.579042657835394,0.14073990096450842,0.24075601933355664,0.326995094466312,0.41173802915642,0.391182287188936,0.2801067315214844,0.0011779294628469403,0.02090656112337194,0.016433122326914882,0.001270864677752413,0.0014534308597315294,0.0074972458398853085,0.030255223387445396,3.1257601185823,0.6443570463348379,0.28105938461106117,1.0,0.42739515403426,0.18631899709198,0.30446310003127,0.39350376346751,0.4230292161402,0.42997917080963,0.41380716006356,performanz,0.42997917080963,1.0,5.7941831080754,44,7,1.875,0.3415650255319866,3.7416573867739413,3.4641016151377544,4.0,0.8125,0.025860201081971474,0.5,0.0,0.011284911096849773,0.030255223387445396,0.6418054769819664,-0.11805699616873544,False
105,34,13,4,2025-10-07 17:10:00,2025-10-07,1.0,2.0,1.0,1.0,1.0,1.0,1.0,1.0,2.0,1.0,2.0,2.0,2.0,2.0,1.0,1.0,,,203,2025-10-07,4,0.4544685082491,0.06755660769978,0.14591211561303202,0.3720824213854075,0.43331915039980506,0.45408890971264004,0.4489975108029025,0.002366046512621123,0.007904565287393453,0.01269936819433165,0.002193271151898688,0.0032824676954727986,0.001212372935248521,0.003934715600856916,4.035408192789901,0.4197044399901423,0.18328340726269562,3.0,0.43498878370032,0.05534714637054,0.19527242750476,0.43737068459652,0.43759820623452,0.43693011182939,0.44259840328734,regulation,0.44259840328734,1.0,5.6251676509844,40,7,1.375,0.5,2.449489742783178,3.1622776601683795,0.0,,,,0.0,0.004798972482546164,0.01269936819433165,1.2009959490842792,-0.4640517410698064,False
203,64,13,6,2025-11-12 17:10:00,2025-11-12,1.0,1.0,1.0,2.0,2.0,2.0,2.0,1.0,1.0,1.0,1.0,1.0,1.0,1.0,2.0,2.0,"6,8,7",,1358,2025-11-12,4,0.5319723684055925,0.08295122070872102,0.211583707917875,0.3264036833625375,0.471255555257555,0.40923141935527996,0.3639231667545325,0.001074625511181142,0.0027666092305323768,0.010586368745631129,0.00978103297767989,0.006467925475357525,0.0012580822918189301,0.004882613373377993,2.6816283919047748,0.7446059838143714,0.19187823640418156,2.0,0.42280833873821,0.21732268675608,0.34589717482163,0.40049839603798,0.41125268530114,0.41304993848763,0.39270560698796,kognition,0.42280833873821,1.0,5.8460166019113,31,7,1.375,0.5,2.449489742783178,3.4641016151377544,3.0,0.8233333333333333,0.02054804667656323,0.5166666666666667,0.0,0.005259608229368426,0.010586368745631129,0.9788280734061843,-0.182295395035527,False
13,5,14,6,2025-09-10 17:10:00,2025-09-10,1.0,2.0,2.0,1.0,1.0,1.0,2.0,2.0,2.0,2.0,2.0,2.0,2.0,1.0,1.0,1.0,"15,25,20",,2099,2025-09-10,5,0.549193527989344,0.049463794428658,0.1250256736645214,0.329668601723746,0.45620830570605203,0.439770045825074,0.37278982009009,0.004483523639270829,0.007588280339209783,0.010664292674719935,0.002933340326615001,0.0008196758317862731,0.0005387872928824911,0.004097746628342211,3.8179817386969197,0.5696103407594799,0.17642462054040678,2.0,0.43478584742172,0.067318666754521,0.25013405094164,0.42468076031405,0.43443460076791,0.43336285234062,0.43239843806065,kognition,0.43478584742172,1.0,5.748769468974,47,7,1.5625,0.51234753829798,3.0,,3.0,-0.6833333333333332,0.11785113019775792,0.5833333333333334,0.0,0.004446520961832361,0.010664292674719935,0.9153449870999623,-0.4473709891940508,False
40,13,14,6,2025-09-17 17:10:00,2025-09-17,1.0,2.0,1.0,2.0,1.0,1.0,1.0,2.0,2.0,1.0,2.0,1.0,1.0,2.0,1.0,1.0,"23,8,13,2",,2098,2025-09-17,4,0.46670358164511494,0.19876556881666702,0.09831652841245175,0.37894912516796747,0.42014327230355003,0.43789701935705,0.4154382012820675,0.006627183868560127,0.012921585621747916,0.015137313005357353,0.007575994278688594,0.0006051308556976651,0.0019404601760216072,0.0037349931926540037,3.6390091669143,0.767995250888973,0.2203239909740364,3.0,0.43499365202788,0.24421215836782,0.15040438522167,0.42255234194203,0.42200999109534,0.42865952699298,0.43373275838511,kognition,0.43499365202788,1.0,5.7882552506736,39,7,1.375,0.5,2.449489742783178,2.6457513110645907,4.0,0.7874999999999999,0.06832825184358225,0.5125,0.0,0.006934665856961038,0.015137313005357353,1.3294397472876698,-0.21850076670140864,False
65,22,14,6,2025-09-24 17:10:00,2025-09-24,1.0,1.0,2.0,1.0,1.0,1.0,2.0,2.0,2.0,1.0,1.0,1.0,1.0,1.0,1.0,1.0,"6,23,4,14,2",,2097,2025-09-24,3,0.5532005635062966,0.027401339529895635,0.15165034889757667,0.30667835195453663,0.4047347529298633,0.5025384549427834,0.3525788331786967,0.009679435930488998,0.00032413486506220206,0.0001105355151287882,0.006223102129351867,0.008101912291388775,0.008308554761369413,0.0027482721958562582,3.5615681914855997,0.8127365999933429,0.18840368278949937,2.0,0.44850270199485,0.0,0.23532910396242,0.40577471717943,0.45030397522202,0.44577260222198,0.42109613153899,methodik,0.45030397522202,1.0,5.5818374363445,38,6,1.25,0.4472135954999579,2.0,2.449489742783178,5.0,0.78,0.060000000000000005,0.51,0.0,0.005070849669806615,0.009679435930488998,1.0003800942609475,-0.2557071849563516,False
95,31,14,6,2025-10-01 17:10:00,2025-10-01,1.0,1.0,2.0,1.0,1.0,2.0,2.0,2.0,2.0,1.0,1.0,1.0,1.0,1.0,2.0,1.0,"28,23,4",,2095,2025-10-01,4,0.5500636777464974,0.08752520997465976,0.18109715789848252,0.33744474996954754,0.44838360967073,0.43892974974256743,0.35426990303732253,0.002445366528756068,0.0073752837697623665,0.0032023285783612603,0.0029948893883029186,0.0017902153417651383,0.0017351765720961573,0.004341521657656581,4.0052836039854,0.2699928631862816,0.1545470214423445,1.0,0.4262496634921,0.089896387096623,0.3189600914035,0.41056844616928,0.42759532945641,0.42942820849201,0.41554552054825,performanz,0.42942820849201,1.0,5.8082103745856,55,7,1.375,0.5,2.449489742783178,1.4142135623730951,3.0,0.7333333333333334,0.10274023338281628,0.5666666666666667,0.0,0.0034121116909572127,0.0073752837697623665,0.47484662820954204,-0.814668189283941,False
119,40,14,6,2025-10-22 17:10:00,2025-10-22,3.0,1.0,3.0,3.0,3.0,2.0,1.0,2.0,2.0,2.0,2.0,2.0,2.0,2.0,1.0,2.0,"22,23",,2094,2025-10-22,4,0.40731053030023,0.18443080744388926,0.186832743887452,0.43643655957536504,0.3660887351100325,0.47151497100649753,0.4164846407231925,0.008461081192435896,0.00937584455382388,0.00760924406792271,0.0048435038127207855,0.012286639856961799,0.000894814814974944,0.0014167004656357135,3.896798395427375,0.8242450539687305,0.21186747925171462,4.0,0.41073935136067,0.26480739981487,0.3000602799374,0.40921907749626,0.4067185931103,0.41204581820272,0.41044929820297,performanz,0.41204581820272,1.0,5.8744095087163,36,7,2.0625,0.6800735254367721,5.0,4.58257569495584,2.0,0.025000000000000022,0.725,0.35,0.5,0.006412546966353675,0.012286639856961799,1.6787041777401484,0.6932391213942696,True
148,48,14,6,2025-10-29 17:10:00,2025-10-29,1.0,1.0,1.0,1.0,1.0,2.0,1.0,1.0,2.0,1.0,1.0,2.0,1.0,1.0,1.0,1.0,"5,3,28,1,10,23,4,8,14,13",,2092,2025-10-29,5,0.45240512109730197,0.1929147140676648,0.1431118622274224,0.39055677305956804,0.401254573179788,0.43976810339398,0.39760202830106006,0.007308871568525123,0.0337732844184054,0.008722891082986165,0.006948261908588006,0.007896415878496064,0.0008318445105209074,0.007121961767080258,3.8168682727004204,1.0893931836748127,0.26945042426131366,4.0,0.40234505918481,0.29759730542388,0.30838774405969,0.4059505462166,0.40079916724957,0.40653541704365,0.40464932454198,performanz,0.40653541704365,1.0,5.9579282013461,42,7,1.1875,0.4031128874149275,1.7320508075688772,4.69041575982343,10.0,0.8150000000000001,0.09102197536858889,0.555,0.0,0.010371933019228846,0.0337732844184054,1.7862812026453756,0.32654756442978583,True
244,76,14,6,2025-11-26 17:10:00,2025-11-26,1.0,1.0,1.0,1.0,1.0,1.0,2.0,2.0,2.0,2.0,2.0,1.0,1.0,2.0,1.0,2.0,"1,10,23,4,14",,2089,2025-11-26,5,0.357341880713874,0.10843685025624442,0.165181309315102,0.21286595248412601,0.26611658379707,0.22486435650133801,0.14945934433000982,0.09593963041506809,0.024322595556691994,0.05763391822485323,0.09240213759655172,0.06875389525067949,0.17064398360950916,0.13452924275747416,3.5235725885251794,0.69563970124229,0.8026365325667826,3.0,0.39266344272041,0.27271599637099,0.34133856267148,0.41017530380057,0.38854130681845,0.41050184682608,0.40890850940549,performanz,0.41050184682608,1.0,6.0069943682765,42,7,1.4375,0.51234753829798,2.6457513110645907,2.8284271247461903,5.0,0.8260000000000002,0.06406246951218787,0.63,0.0,0.09203220048726111,0.17064398360950916,1.4994254112696908,0.97666208479225,True
268,82,14,6,2025-12-03 17:10:00,2025-12-03,1.0,1.0,1.0,1.0,1.0,1.0,2.0,2.0,2.0,2.0,1.0,1.0,1.0,2.0,2.0,2.0,"5,28,1,10,23,4,8,13",,2088,2025-12-03,5,0.46776237584574804,0.16721542797340821,0.263230398191612,0.38458374824736596,0.342618866163122,0.47568274150036594,0.335679491913056,0.006697873518202625,0.024766402957175526,0.013569083212849137,0.009616995713198462,0.006750759901875738,0.005391230402820189,0.012900874244555771,3.40751485133094,1.0397094401538693,0.28229987593103445,3.0,0.41466218055867,0.21553641824602,0.31808563918484,0.40967720505582,0.40800180678912,0.41674656297549,0.41525759897963,performanz,0.41674656297549,1.0,5.8881904260182,48,7,1.4375,0.51234753829798,2.6457513110645907,1.4142135623730951,8.0,0.8099999999999999,0.0917877987534291,0.58125,0.0,0.011384745707239635,0.024766402957175526,1.4406697720283013,-0.06829679458044184,False
298,90,14,6,2025-12-10 17:10:00,2025-12-10,1.0,1.0,1.0,3.0,1.0,2.0,2.0,2.0,2.0,2.0,1.0,2.0,2.0,1.0,1.0,2.0,"5,28,27,1,6,10,23,4,9,8,14,13",,2087,2025-12-10,3,0.5109758207558034,0.08235488761041133,0.14007607104367667,0.34015839983270335,0.4059029790961666,0.46991172893713334,0.4388406995062933,0.0010062803969854287,0.003014044784620475,0.0006583213936749025,0.0012885669559656284,0.0006671869992495653,0.005760465941566845,0.006236025243268053,3.526235380484,0.9334000533749246,0.1364950245076021,3.0,0.44204310169071,0.064072372089821,0.26590558632087,0.41197445158816,0.42865334681833,0.44328424674138,0.42404692361596,performanz,0.44328424674138,1.0,5.7319437490019,41,7,1.625,0.6191391873668903,3.4641016151377544,3.0,12.0,0.7733333333333334,0.13682917167849193,0.5708333333333334,0.0,0.0026615559593329854,0.006236025243268053,1.356631692627509,-0.1762976006047846,False
19,6,15,7,2025-09-11 15:35:00,2025-09-11,1.0,2.0,4.0,5.0,4.0,2.0,3.0,2.0,4.0,2.0,1.0,2.0,2.0,1.0,1.0,2.0,"17,5,22,4,16,25,24,20",,357,2025-09-11,5,0.36712084283370405,0.0466223087473074,0.02394726379926559,0.18903407194302405,0.318622588485182,0.196923416767148,0.268876558101696,0.09782769478876063,0.01198217474313148,0.026261759518446837,0.09717611804021146,0.06854262003185561,0.16648461726550562,0.14586656336632928,3.45426786224818,0.6125445576019659,0.7836718367749609,2.0,0.45501970641539,0.089818030914747,0.11176631829389,0.42338620982036,0.44643808556526,0.44104858917181,0.44643906374252,kognition,0.45501970641539,1.0,5.6566753972968,47,7,2.375,1.2583057392117916,7.3484692283495345,,8.0,-0.31875,0.6777432681332954,0.625,0.25,0.08773450682203442,0.16648461726550562,1.1320721314589755,1.5519779802037232,True
42,14,15,7,2025-09-18 15:35:00,2025-09-18,2.0,2.0,4.0,4.0,3.0,1.0,2.0,3.0,4.0,2.0,2.0,2.0,1.0,1.0,2.0,2.0,,,356,2025-09-18,5,0.334464434887562,0.2314687429131602,0.18711873827179032,0.4823577712630359,0.32995043018328996,0.451326707399242,0.40042070108845007,0.013734519732838707,0.02363983054632904,0.026480091214473776,0.006996954417663015,0.018152135243436954,0.0022098477602359077,0.0027538345168294917,3.3831016387043404,0.7881766433280718,0.30654072067476923,3.0,0.4213193710738,0.28118233650354,0.29517292714442,0.40132242257627,0.40866253733446,0.40953890322309,0.4006359950828,kognition,0.4213193710738,1.0,5.9626851476749,34,7,2.3125,1.0144785195688801,6.557438524302,3.0,0.0,,,,0.0,0.01342388763311527,0.026480091214473776,1.3649057880009472,-0.025973761140531005,False
69,23,15,7,2025-09-25 15:35:00,2025-09-25,2.0,1.0,3.0,2.0,1.0,2.0,3.0,3.0,3.0,2.0,1.0,2.0,2.0,1.0,1.0,1.0,"5,28,22,6,23",,355,2025-09-25,4,0.554990535850055,0.10670702795573576,0.173154039033875,0.33090071780956,0.42409281180010505,0.4370471841029075,0.3923401173876376,0.0001823297929226586,0.0067755219710706254,0.003254003467569447,0.0018374862854694221,0.0005927426304254593,0.0009937732024161657,0.002684554456443342,3.74971637245355,0.323993230877839,0.12775136714069685,1.0,0.43721685990524,0.14187083374236,0.25089979038483,0.4090456665981,0.43190133090378,0.43583844126425,0.42655320058009,kognition,0.43721685990524,1.0,5.7432746804809,41,7,1.875,0.806225774829855,4.69041575982343,4.123105625617661,5.0,0.45999999999999996,0.5860034129593444,0.39,0.2,0.0023314874009024455,0.0067755219710706254,0.48391486600617856,-0.23373199078696408,False
122,41,15,7,2025-10-23 15:35:00,2025-10-23,2.0,3.0,2.0,2.0,3.0,2.0,4.0,2.0,2.0,2.0,3.0,2.0,1.0,2.0,4.0,4.0,,,351,2025-10-23,5,0.60994849046194,0.0390040511240578,0.1432450715517096,0.25392101899833064,0.429703241304218,0.39886032262864396,0.30397949314623135,0.01104042969926714,0.022034666350653872,0.008058284623099234,0.0182788075031202,0.002367009727996027,0.006320461715145599,0.03720186129502975,3.2156572842515,0.943155459552459,0.3245019582595948,1.0,0.43666097595419,0.10093872808627,0.23403597230105,0.41530536259167,0.42985970028631,0.43884413333942,0.44104437490276,regulation,0.44104437490276,1.0,5.6999511897432,45,7,2.5,0.8944271909999159,6.928203230275509,6.0,0.0,,,,0.0,0.015043074416330262,0.03720186129502975,0.7558858059373513,0.4640622312841131,True
169,107,15,0,2025-11-06 15:35:00,2025-11-06,1.0,2.0,2.0,3.0,2.0,4.0,2.0,1.0,5.0,2.0,2.0,1.0,2.0,3.0,2.0,2.0,"1,6,14,2",,349,2025-11-06,5,0.5539176493856119,0.075182657733497,0.171302128133176,0.29985967027737,0.46581325750841795,0.430461988080778,0.328035334573196,0.012769127669768796,0.006322205403849208,0.012626518216894787,0.008204065593647874,0.0007526942175504422,0.002828199294512058,0.014866653083536047,3.3240348983242596,0.8426499289051727,0.24159773070076468,2.0,0.43129797099765,0.074972994772163,0.28445621050497,0.41589454971276,0.43077387280646,0.43526221689318,0.4236209424395,performanz,0.43526221689318,1.0,5.7665457393022,41,7,2.25,1.0645812948447542,6.48074069840786,5.830951894845301,4.0,0.8,0.0790569415042095,0.45,0.0,0.008338494782822744,0.014866653083536047,1.028082553201979,0.23689371834284184,False
172,55,15,7,2025-11-06 15:35:00,2025-11-06,2.0,3.0,1.0,6.0,1.0,4.0,4.0,4.0,6.0,3.0,1.0,2.0,1.0,1.0,1.0,1.0,"3,22,1,10,18",,349,2025-11-06,5,0.5539176493856119,0.075182657733497,0.171302128133176,0.29985967027737,0.46581325750841795,0.430461988080778,0.328035334573196,0.012769127669768796,0.006322205403849208,0.012626518216894787,0.008204065593647874,0.0007526942175504422,0.002828199294512058,0.014866653083536047,3.3240348983242596,0.8426499289051727,0.24159773070076468,2.0,0.43129797099765,0.074972994772163,0.28445621050497,0.41589454971276,0.43077387280646,0.43526221689318,0.4236209424395,performanz,0.43526221689318,1.0,5.7665457393022,41,7,2.5625,1.7876893839068724,9.327379053088816,6.082762530298219,5.0,0.3,0.7376720138381285,0.44000000000000006,0.4,0.008338494782822744,0.014866653083536047,1.028082553201979,0.7934799295932267,True
193,62,15,4,2025-11-11 17:10:00,2025-11-11,1.0,4.0,3.0,6.0,6.0,5.0,5.0,5.0,5.0,3.0,4.0,4.0,4.0,1.0,4.0,6.0,"28,22,15,23",,1189,2025-11-11,3,0.4845861178327067,0.14943469243949434,0.24310192126086197,0.40857323069618334,0.38411340083406004,0.43217330233442003,0.39636839171889005,0.0037441948052488387,0.004027437587064233,0.0105414134701132,0.0024019077665184984,0.0026349609883059345,0.0004845723888531143,0.0015504497426730047,3.8536684168651,0.34357871098330584,0.15932650987446134,3.0,0.43331466976792,0.17129217597827,0.28892201699233,0.40928403553431,0.42712169773725,0.41785809796656,0.41817018953918,kognition,0.43331466976792,1.0,5.8968494885776,44,7,4.125,1.5438048235879214,13.856406460551018,9.539392014169456,4.0,-0.04999999999999999,0.7288689868556626,0.4,0.5,0.0036264195355395464,0.0105414134701132,1.1676350736192556,0.8459557499897933,True
206,65,15,7,2025-11-13 15:35:00,2025-11-13,2.0,3.0,3.0,6.0,5.0,1.0,2.0,4.0,3.0,3.0,2.0,6.0,1.0,2.0,2.0,1.0,15,,1188,2025-11-13,4,0.452490173461135,0.06777523314616375,0.10507763656941525,0.36854662106902747,0.41041396254165247,0.48692702482568,0.4646778021134275,0.00038391172928678224,0.0028044253968724253,0.0027431345249849647,0.0005399927694766228,0.006024936755099819,0.007884951039331312,0.0019401033794607813,3.0087785162064753,0.4206917353426462,0.149403666603309,3.0,0.43363869461318,0.060149722312089,0.19788995829469,0.42978043189881,0.43642683655415,0.44800819681399,0.43964143759195,performanz,0.44800819681399,1.0,5.6874941730801,23,7,2.875,1.6278820596099706,9.797958971132712,8.94427190999916,1.0,-0.85,0.0,0.55,0.0,0.0031887793706446726,0.007884951039331312,1.1900318006486517,0.15988550903264462,False
235,74,15,4,2025-11-25 17:10:00,2025-11-25,3.0,6.0,2.0,2.0,2.0,2.0,2.0,3.0,6.0,2.0,2.0,2.0,2.0,1.0,2.0,2.0,,,1186,2025-11-25,5,0.49423908231649005,0.16052089806447478,0.2152184047765084,0.376270980149932,0.381568622415362,0.444925104546724,0.3278753098803421,0.029381063825670496,0.01372403510429033,0.008066163604941098,0.02020077452919935,0.012581246836290288,0.005221732660685302,0.0018251272226601305,3.09827639594834,0.49795086834982916,0.30166230089909646,3.0,0.41751613742818,0.24095218336724,0.30706265633452,0.41023693903125,0.41128128342267,0.42213872851102,0.39709401982368,performanz,0.42213872851102,1.0,5.8165183215501,35,7,2.5625,1.4127396551853895,8.306623862918075,8.18535277187245,0.0,,,,0.0,0.013000020540533858,0.029381063825670496,1.2665377230829753,0.35740626597639025,True
300,90,15,6,2025-12-10 17:10:00,2025-12-10,3.0,5.0,4.0,4.0,5.0,3.0,3.0,3.0,4.0,3.0,3.0,3.0,3.0,1.0,4.0,3.0,22,,1185,2025-12-10,3,0.41764284340231334,0.31927660141967,0.2185072904184663,0.4592541549290334,0.3633691601364633,0.3599267086306533,0.328641004046598,0.0032547753628978412,0.011601981208489612,0.03855794875998402,0.0007262280217802747,0.004715098668467387,0.007778445719152768,0.028745985670209615,3.0929551337240664,1.05205046755989,0.30883727658911503,3.0,0.40971291606008,0.28072774567112,0.3052534215219,0.40670414415597,0.39777302989472,0.4078932782886,0.41247503157793,regulation,0.41247503157793,1.0,5.9074627397484,43,7,3.375,0.9574271077563381,10.198039027185569,5.744562646538029,1.0,-0.7,0.0,0.1,0.0,0.013625780487283076,0.03855794875998402,1.4536292480496684,0.48643262409366184,True
312,91,15,7,2025-12-11 15:35:00,2025-12-11,1.0,1.0,3.0,4.0,3.0,2.0,3.0,2.0,3.0,2.0,2.0,2.0,2.0,2.0,1.0,2.0,"27,6,4",,1184,2025-12-11,4,0.5020074437625525,0.11029664850234075,0.22578187721272502,0.3489715372386525,0.38746537157296,0.4777991139351775,0.38880402424711,0.007535649546327551,0.007720640300120301,0.005077399528429154,0.0055899275910157135,0.0032602764333247384,0.0014715071599889964,0.002814166101960538,3.9766397142146004,0.19843758777255951,0.18294689574072306,2.0,0.4271593089107,0.18673937332491,0.32207113032206,0.39768033412036,0.42291203155089,0.41890376875354,0.407977387523,kognition,0.4271593089107,1.0,5.9391237431354,51,7,2.1875,0.8341662504161466,5.744562646538029,6.557438524302,3.0,0.7000000000000001,0.21213203435596423,0.6166666666666667,0.0,0.004781366665880999,0.007720640300120301,0.7937948278377608,-0.23071005351489,False
4,98,16,2,2025-09-08 17:10:00,2025-09-08,2.0,1.0,4.0,2.0,1.0,2.0,2.0,2.0,3.0,1.0,1.0,1.0,1.0,2.0,2.0,1.0,23,,89,2025-09-08,4,0.49188389727464,0.15333254098600352,0.141250285723174,0.3690423372703925,0.45026204084418,0.42913926739266,0.36530979621347254,0.011513987161278789,0.013950960047252992,0.017511185584387433,0.006010062868058327,0.0014175946857976798,0.0018713651139613202,0.005767425287145847,3.8657185728282246,0.4158489808612781,0.24092027882244033,3.0,0.42252521447642,0.22027891884618,0.28118579875139,0.40947198078952,0.4234167108922,0.41978074314843,0.41317775918026,methodik,0.4234167108922,1.0,5.8130762819462,46,7,1.75,0.8563488385776752,4.47213595499958,,1.0,0.75,0.0,0.6,0.0,0.008291797249697485,0.017511185584387433,1.2189230865612395,-0.46728798551092476,False
23,7,16,8,2025-09-11 17:10:00,2025-09-11,1.0,1.0,4.0,2.0,2.0,2.0,4.0,2.0,4.0,1.0,1.0,1.0,1.0,1.0,1.0,1.0,"27,23,24",,88,2025-09-11,5,0.487384044277792,0.128273950123987,0.1861067681587114,0.35957984487093997,0.394638293895136,0.49669682873329596,0.38091488268859597,0.0021840680154767964,0.014178158436086583,0.0070435534658959825,0.0024901694699742756,0.002370588734205381,0.005038929324626072,0.0012147621121191229,3.64828165310472,0.6541506797742195,0.18579620437022984,2.0,0.41740230438732,0.24880604089479,0.28936261175052,0.40775271952125,0.41653973034916,0.41570926553202,0.4093347593914,kognition,0.41740230438732,1.0,5.9113805933393,40,7,1.8125,1.1672617529928753,5.5677643628300215,3.0,3.0,0.2333333333333333,0.5038738819276991,0.6666666666666666,0.3333333333333333,0.004931461365483459,0.014178158436086583,0.9466489613814831,0.1294202180154283,False
34,11,16,2,2025-09-15 17:10:00,2025-09-15,2.0,1.0,4.0,3.0,2.0,2.0,3.0,2.0,3.0,1.0,1.0,1.0,2.0,2.0,1.0,2.0,"27,6,23",,87,2025-09-15,5,0.4380433424021216,0.1276787540365894,0.19552636635409656,0.328294541116978,0.383584751338196,0.285923227227676,0.351958088536152,0.05038014111340546,0.04956619151592588,0.017254667127243956,0.0027609671514563826,0.01821738951984465,0.15291319160064185,0.0019441437520740339,2.90433677982298,0.8057314433796151,0.5413286356554511,3.0,0.45689264311641,0.078667990525491,0.25779087598882,0.38710431907874,0.44002825423088,0.45922724201598,0.40526099864418,performanz,0.45922724201598,1.0,5.6038157851736,44,7,2.0,0.8944271909999159,5.291502622129181,2.6457513110645907,3.0,0.6666666666666666,0.19293061504650375,0.5666666666666668,0.0,0.0418623845400846,0.15291319160064185,1.4490200263450221,0.3971307424408282,True
52,18,16,2,2025-09-22 17:10:00,2025-09-22,2.0,1.0,1.0,2.0,2.0,2.0,3.0,3.0,3.0,2.0,1.0,1.0,1.0,2.0,2.0,1.0,23,,86,2025-09-22,4,0.53399570879529,0.20852110558962075,0.295319194663634,0.3810187800420375,0.38244707827448754,0.40912544377107996,0.26438254937656247,0.004963228018239931,0.009213419477739664,0.014157325391631106,0.0003944544549963634,0.0018390961079255987,0.002290796765054325,0.02256714191711102,3.511106132792,0.49418439789106977,0.23542612882324257,2.0,0.41939183702689,0.24195625927392,0.31240122836645,0.39729103820215,0.41770218584672,0.40776166596948,0.41156398673229,kognition,0.41939183702689,1.0,5.9672085942233,48,7,1.8125,0.75,4.358898943540674,3.872983346207417,1.0,0.75,0.0,0.6,0.0,0.007917923161814,0.02256714191711102,0.9098701755714375,-0.2510146803205515,False
72,24,16,8,2025-09-25 17:10:00,2025-09-25,1.0,1.0,2.0,1.0,1.0,1.0,2.0,1.0,2.0,1.0,1.0,1.0,1.0,1.0,1.0,1.0,"5,6,10,23,9,8,14,13,7,12,2",,84,2025-09-25,4,0.4666365661422525,0.06796029702617826,0.1881615601174925,0.36286476222328745,0.38758330485852,0.5226998704848476,0.41226881735732746,0.0033493357759995764,0.0013044516857822917,0.0029690689257046055,0.00346143701423337,0.0014154560050448045,0.001111121710502879,0.003538170175870114,3.7352242959931004,0.668764759314455,0.13095434812612233,3.0,0.42697531566543,0.12787591444873,0.26526911767404,0.4261934277818,0.41906035712273,0.43315332431008,0.43138668488961,performanz,0.43315332431008,1.0,5.8300939909177,42,7,1.1875,0.4031128874149275,1.7320508075688772,3.7416573867739413,11.0,0.8045454545454543,0.052977462852121696,0.5363636363636363,0.0,0.0024498630418768054,0.003538170175870114,1.2665730358135259,-0.2886263333711503,False
82,27,16,2,2025-09-29 17:10:00,2025-09-29,1.0,1.0,2.0,1.0,1.0,1.0,2.0,1.0,2.0,1.0,1.0,1.0,1.0,1.0,1.0,1.0,"5,3,28,27,6,10,4,14,7",,82,2025-09-29,5,0.529160786556656,0.1118289405598594,0.11536162949200421,0.34273696597083797,0.428969703331138,0.44033378441295995,0.385325712241504,0.01352506582945066,0.011203085331263277,0.0030594372914525686,0.01137043498892227,0.001397518108221955,0.003921096432054029,0.005838891279233159,3.51881860037098,0.7217950541994259,0.22431123302366718,2.0,0.42627739599796,0.19450299708592,0.24922526000857,0.41839677950944,0.42500420933623,0.42560591371485,0.42604537234404,kognition,0.42627739599796,1.0,5.8149235686319,35,7,1.1875,0.4031128874149275,1.7320508075688772,0.0,9.0,0.7611111111111112,0.15444844119528794,0.538888888888889,0.0,0.007187932751513988,0.01352506582945066,0.9820354290743644,-0.5525076754069834,False
100,33,16,8,2025-10-02 17:10:00,2025-10-02,2.0,1.0,3.0,2.0,2.0,2.0,2.0,2.0,3.0,1.0,1.0,1.0,1.0,1.0,1.0,1.0,"23,4,26",,81,2025-10-02,4,0.585824773560525,0.1553621039717135,0.20932106862761,0.30794948756629753,0.407652943302365,0.39302444111003754,0.3355682803276675,0.012483142321401646,0.010630816977203885,0.00970609179295553,0.013701805095921813,0.0018952989790223295,0.005189001155039764,0.007156532307511936,3.55724779459025,0.6507460191104825,0.24650088971250572,2.0,0.41676604754696,0.24260664141614,0.30763100814704,0.38612708842184,0.41123654373649,0.42301550204396,0.41911341517555,performanz,0.42301550204396,1.0,5.7989148335845,33,7,1.625,0.7187952884282609,3.7416573867739413,2.6457513110645907,3.0,0.75,0.08164965809277258,0.7000000000000001,0.0,0.008680384089865273,0.013701805095921813,0.9657489696076628,-0.26319612238606804,False
121,41,16,7,2025-10-23 15:35:00,2025-10-23,1.0,1.0,2.0,2.0,1.0,1.0,1.0,1.0,2.0,1.0,1.0,1.0,1.0,1.0,1.0,1.0,"28,22,27,1,15,6,10,23,18,4,14,13,16,26,25,2,11,20",,78,2025-10-23,4,0.4178996895939425,0.17262273650384824,0.2311231299095105,0.42378263843126995,0.3357317977836242,0.4568073638895825,0.4028901309495875,0.018306379000088534,0.011142304597562226,0.007000926416866358,0.0141320418597611,0.022785194694688312,0.002203771100511984,0.0032653228187702167,3.4752413475743,1.0409596787354325,0.28077738599867463,3.0,0.41684985233563,0.20736362813269,0.28132027017648,0.40859216865251,0.4274464859803,0.41546520656485,0.4264066590136,methodik,0.4274464859803,1.0,5.888321421597,43,7,1.1875,0.4031128874149275,1.7320508075688772,2.6457513110645907,18.0,0.26888888888888896,0.6936528822023695,0.536111111111111,0.3333333333333333,0.011262277212606961,0.022785194694688312,1.4405790215780356,0.5123705952410138,True
125,42,16,8,2025-10-23 17:10:00,2025-10-23,3.0,1.0,4.0,3.0,2.0,3.0,3.0,2.0,3.0,1.0,1.0,1.0,1.0,2.0,1.0,1.0,6,,78,2025-10-23,4,0.4178996895939425,0.17262273650384824,0.2311231299095105,0.42378263843126995,0.3357317977836242,0.4568073638895825,0.4028901309495875,0.018306379000088534,0.011142304597562226,0.007000926416866358,0.0141320418597611,0.022785194694688312,0.002203771100511984,0.0032653228187702167,3.4752413475743,1.0409596787354325,0.28077738599867463,3.0,0.41684985233563,0.20736362813269,0.28132027017648,0.40859216865251,0.4274464859803,0.41546520656485,0.4264066590136,methodik,0.4274464859803,1.0,5.888321421597,43,7,2.0,1.0327955589886444,5.656854249492381,4.58257569495584,1.0,0.85,0.0,0.5,0.0,0.011262277212606961,0.022785194694688312,1.4405790215780356,0.2973554305926823,True
132,45,16,2,2025-10-27 17:10:00,2025-10-27,2.0,1.0,3.0,2.0,2.0,2.0,3.0,3.0,3.0,2.0,1.0,1.0,1.0,1.0,1.0,1.0,"22,23,9,25",,77,2025-10-27,4,0.5159049360712524,0.11220791386559426,0.2300032102646025,0.3392615687278525,0.39901808131785754,0.48169572741685246,0.27820774513089747,0.019033213644683133,0.018892967531535666,0.012649612094577848,0.011705119220899146,0.014099935092734365,0.0021889150578497775,0.006029476806424391,3.203746383335575,0.6764111277977397,0.2908594840274326,2.0,0.45024767987149,0.104390492335,0.2899400062642,0.38991063098129,0.44535157773095,0.43588528927538,0.40242592868339,kognition,0.45024767987149,1.0,5.7090104810657,37,7,1.8125,0.8341662504161466,4.58257569495584,2.6457513110645907,4.0,0.06250000000000003,0.7135956488096041,0.5249999999999999,0.5,0.01208560563552919,0.019033213644683133,0.9890902039417241,0.48550009490758084,True
153,50,16,8,2025-10-30 17:10:00,2025-10-30,2.0,1.0,2.0,1.0,1.0,2.0,2.0,2.0,3.0,1.0,1.0,1.0,1.0,1.0,1.0,1.0,,,76,2025-10-30,3,0.42740777900944,0.10736732841735054,0.043701642481243336,0.3869103686185033,0.3573934128824567,0.5191754270877167,0.4559647237546567,0.01005049491053755,0.014872408416995652,0.00550474777103326,0.001749739763452148,0.007547797074973432,0.005534872018896311,0.0037428487792980324,3.6884677567017,0.33841886717668224,0.22136600627735592,2.0,0.43799929686626,0.17697394439136,0.052332260997187,0.42925865416738,0.4081463474013,0.4669285991203,0.45301862363844,performanz,0.4669285991203,1.0,5.6333184000509,32,7,1.4375,0.6291528696058958,3.0,2.449489742783178,0.0,,,,0.0,0.007000415533598055,0.014872408416995652,0.8532616244846793,-0.5497191780973874,False
162,52,16,2,2025-11-03 17:10:00,2025-11-03,2.0,1.0,3.0,2.0,3.0,2.0,3.0,2.0,3.0,1.0,1.0,1.0,1.0,1.0,1.0,1.0,"5,27,1,6,23,4,9",,75,2025-11-03,4,0.4762644037622925,0.13052589014457727,0.17216641200313676,0.38237130982672995,0.4201234791820075,0.43660156147345497,0.42727253453882497,0.0012564162575988563,0.0069952733307570335,0.014081290873486432,0.0011820069379411718,0.003156362809069273,0.0004127735500684613,0.003509903491791579,3.60971178646475,0.4161911712234936,0.17491148404468132,3.0,0.40956399394391,0.26994881390362,0.31996609744052,0.40025663278002,0.40528745554872,0.40756237380705,0.40796199896771,kognition,0.40956399394391,1.0,6.0709468392717,40,7,1.75,0.8563488385776752,4.47213595499958,2.6457513110645907,7.0,0.7642857142857142,0.15518257844571737,0.5928571428571429,0.0,0.004370575321530401,0.014081290873486432,1.197034218422725,-0.5382743282015452,False
175,56,16,8,2025-11-06 17:10:00,2025-11-06,1.0,1.0,1.0,1.0,1.0,1.0,2.0,1.0,2.0,1.0,1.0,1.0,1.0,1.0,1.0,1.0,"5,28,27,1,6,10,23,4,9,8,14,13,7,12,2",,74,2025-11-06,4,0.480692516712415,0.059172108180679,0.134700222385518,0.33959337955539004,0.4161660364265875,0.486667915146035,0.4416152212426675,0.0026318795777391032,0.00343306201704496,0.005140439415973437,0.00155311882288088,0.0021112630874524745,0.006570965218211912,0.005455164320919683,3.5340062905601,0.630671096755509,0.16399967213449682,3.0,0.44483633510626,0.060344715726033,0.20252566987845,0.41995022144696,0.4392622812818,0.43974581472783,0.4413310221195,kognition,0.44483633510626,1.0,5.6973616677435,41,7,1.125,0.3415650255319866,1.4142135623730951,3.7416573867739413,15.0,0.7733333333333334,0.12461496254017367,0.5466666666666667,0.0,0.0038422703514603496,0.006570965218211912,1.2648902562966686,-0.27164661908691345,False
188,60,16,2,2025-11-10 17:10:00,2025-11-10,1.0,1.0,3.0,2.0,1.0,2.0,3.0,2.0,2.0,1.0,1.0,1.0,1.0,1.0,1.0,1.0,"23,4,13,12,2",,1057,2025-11-10,5,0.491867792348842,0.1021768639842138,0.163536918551705,0.360963924373272,0.44292717479957,0.45872664185874196,0.398705855548114,0.004959370869961328,0.007172227368531912,0.006142808015017305,0.0019607868912574246,0.0014165995412060654,0.0005444940531313649,0.002804607378960018,4.2031149809180395,0.44725246555292714,0.15811671043272252,3.0,0.42048410747099,0.18371958393273,0.30341116108308,0.41338778000253,0.41979822092024,0.42035109537189,0.41660950807639,kognition,0.42048410747099,1.0,5.9371151109544,49,7,1.5,0.7302967433402214,3.4641016151377544,2.8284271247461903,5.0,0.8,0.06603029607687672,0.5599999999999999,0.0,0.003571556302580774,0.007172227368531912,1.2017897253285499,-0.5179540417690415,False
211,66,16,8,2025-11-13 17:10:00,2025-11-13,3.0,1.0,3.0,2.0,2.0,2.0,3.0,2.0,3.0,1.0,1.0,1.0,1.0,1.0,1.0,1.0,"27,1,10,23,12",,1056,2025-11-13,5,0.39191575463578204,0.1715955980433628,0.23316689476379038,0.44250674729904793,0.314341557191522,0.5060501023617859,0.34845358586827596,0.00511479794710742,0.02834907502521087,0.016052789743709266,0.005034675988877518,0.011751755802137234,0.009978859571383341,0.014171650239164835,3.2020735557558,1.0554617737794076,0.30075505701083477,3.0,0.43039663428475,0.17565932215876,0.24844994127791,0.41142762350579,0.43905100650325,0.41747865175346,0.431097231387,methodik,0.43905100650325,1.0,5.808637199226,42,7,1.75,0.8563488385776752,4.47213595499958,2.449489742783178,5.0,0.75,0.18264720090929396,0.62,0.0,0.012921943473941497,0.02834907502521087,1.452072276930081,0.09345169369021492,False
230,72,16,2,2025-11-24 17:10:00,2025-11-24,2.0,1.0,3.0,2.0,1.0,2.0,3.0,3.0,3.0,1.0,1.0,1.0,1.0,1.0,1.0,1.0,"28,27,1,10,13",,1054,2025-11-24,5,0.5526020055932599,0.08155154771364817,0.17967187627744,0.32126699981678,0.44998824799122,0.449144613634952,0.34757470057622203,0.004608524277702898,0.005417748580973763,0.004877697890422954,0.0036014216955712955,0.0015177033751626035,0.0009783486486055412,0.006450477970591025,3.7698527940216193,0.678136385162391,0.16568621680462767,2.0,0.42303495334744,0.15398289412563,0.3051874352047,0.41366922238839,0.42233560502519,0.42421488698959,0.41801920237535,performanz,0.42421488698959,1.0,5.8595293595071,46,7,1.6875,0.873212459828649,4.358898943540674,1.7320508075688772,5.0,0.732,0.19983993594874877,0.5999999999999999,0.0,0.003921703205575726,0.006450477970591025,0.9479408673223396,-0.467980078265193,False
252,78,16,8,2025-11-27 17:10:00,2025-11-27,1.0,1.0,1.0,1.0,1.0,1.0,2.0,1.0,2.0,1.0,1.0,1.0,1.0,1.0,1.0,1.0,"27,1,8,14,13,7,12",,1053,2025-11-27,4,0.532941914891575,0.11707513391683826,0.20721509793449125,0.32647619558524,0.415342815536465,0.44742755497507,0.39394543185557,0.0019845526292514774,0.00290026651788898,0.00915721384463631,0.003814268751046199,0.0002990931546686947,0.000606845515935498,0.006080098092682449,4.0326297298049,0.6540326677777929,0.1576145250480095,2.0,0.42464324323836,0.17962524106807,0.28095968974629,0.41378785834627,0.41886035820103,0.42459428164587,0.42605918442545,regulation,0.42605918442545,1.0,5.8522946341692,36,7,1.125,0.3415650255319866,1.4142135623730951,3.605551275463989,7.0,0.7671428571428571,0.15681784571500104,0.5428571428571428,0.0,0.0035489055008728018,0.00915721384463631,0.9372157309419341,-0.2793322316661897,False
274,84,16,8,2025-12-04 17:10:00,2025-12-04,2.0,1.0,1.0,1.0,1.0,1.0,1.0,1.0,1.0,1.0,1.0,1.0,1.0,1.0,1.0,1.0,"27,1,4,8,14,7",,1051,2025-12-04,3,0.5212007536796267,0.12904945717458366,0.2810935810496267,0.31702433021808335,0.37229452515924333,0.5144395106458967,0.28623974035633,0.006241928049581337,0.009200695069165333,0.007188363436345713,0.0013917709965951385,2.734917369157722e-06,0.008521588936069092,0.014439630654959285,2.918370682770067,0.09425769387310212,0.2167641853722267,2.0,0.45558886415395,0.14829139756048,0.33188502385105,0.3820086818223,0.41610198998134,0.460663227278,0.35918680485079,performanz,0.460663227278,1.0,5.6973207784413,37,7,1.0625,0.25,1.0,1.7320508075688772,6.0,0.7533333333333333,0.16448573055300436,0.5666666666666668,0.0,0.006712387437155008,0.014439630654959285,0.7703406264151096,-0.8159694388184671,False
289,87,16,2,2025-12-08 17:10:00,2025-12-08,1.0,1.0,1.0,2.0,1.0,1.0,1.0,1.0,1.0,1.0,1.0,1.0,1.0,1.0,1.0,1.0,"1,23,13,7,12",,1050,2025-12-08,4,0.4416729472093475,0.23455565542892498,0.19771436279168,0.4048629986636975,0.3661499111108925,0.401401042135815,0.453790552203435,0.011713772823992542,0.003533990981743433,0.006004670505094827,0.0010618966537001915,0.0035119106710289486,0.00837522142636193,0.011580925637629722,3.1865075223551003,0.890906633097345,0.21396819553277444,2.0,0.41403395401517,0.28070696299433,0.29446200219143,0.39508801996416,0.4034022478761,0.41659162310593,0.41314861145219,performanz,0.41659162310593,1.0,5.9836790480882,45,7,1.0625,0.25,1.0,1.4142135623730951,5.0,0.8300000000000001,0.054405882034941774,0.5800000000000001,0.0,0.006540341242793084,0.011713772823992542,1.0349582762100398,-0.2820113957280002,False
319,94,16,8,2026-01-15 17:10:00,2026-01-15,2.0,1.0,3.0,3.0,2.0,2.0,2.0,2.0,2.0,1.0,1.0,1.0,1.0,1.0,1.0,1.0,"23,4,26,12",,1045,2026-01-15,3,0.43619962512057997,0.10200062349627999,0.19363726968306336,0.39565091250465007,0.36933851274605667,0.5187167042489299,0.42974588312418,0.0001495304307254307,0.0036151932681909144,0.0039066442512630415,0.0008595814262754396,0.0009553848060079826,0.004847791015286253,0.0007919126678488957,3.9616713636280667,0.7304237416174253,0.12298795821379409,2.0,0.41841206924745,0.12963638651716,0.31753847516522,0.42497152385065,0.41013717818083,0.42668502059696,0.42002173343317,performanz,0.42668502059696,1.0,5.8823025137537,44,7,1.625,0.7187952884282609,3.7416573867739413,3.3166247903554,4.0,0.7675,0.07693341276714556,0.65,0.0,0.00216086255222828,0.004847791015286253,0.951137233277073,-0.30376897535354025,False
126,42,17,8,2025-10-23 17:10:00,2025-10-23,3.0,1.0,4.0,3.0,2.0,1.0,3.0,3.0,3.0,1.0,3.0,1.0,2.0,1.0,1.0,1.0,"1,6,10,13",,1793,2025-10-23,5,0.518512077326728,0.081293030989453,0.1423392438181718,0.36385277860918996,0.44139154583579804,0.44194664774914194,0.38974797630917796,0.004411119303240864,0.003905033519441861,0.006394605390710312,0.004343466551346759,0.001378738812365964,0.00023410642120156563,0.009168552561266918,4.1407886866187,0.5514660120865398,0.17272991217381614,2.0,0.42538623028861,0.11694012277854,0.28322713960141,0.42442069491735,0.42583076519219,0.42549026042718,0.42736845446609,regulation,0.42736845446609,1.0,5.8381922114544,56,7,2.0625,1.0626225419530053,5.916079783099616,,4.0,0.8775,0.01785357107135714,0.6375000000000001,0.0,0.004262231794224892,0.009168552561266918,0.9080653080867854,-0.4702165991186828,False
330,100,17,8,2026-01-29 17:10:00,2026-01-29,3.0,2.0,4.0,3.0,3.0,3.0,3.0,4.0,3.0,2.0,2.0,2.0,2.0,2.0,2.0,3.0,"27,1,6,23,9",,1770,2026-01-29,5,0.45917717201718594,0.087920773593054,0.14316219845593162,0.37048478808504604,0.44442281264201206,0.44987438706523,0.43110147000977,0.007284731394321548,0.0027640951647734387,0.006162494147156587,0.0066132015287445525,0.005350157865113789,0.0028016280085907228,0.006941706851273337,3.38550514506178,1.141035955196058,0.19472548615929547,3.0,0.43379069500979,0.14989358787906,0.2427138752566,0.42247211014415,0.43082848701241,0.42855135919787,0.42742475197128,kognition,0.43379069500979,1.0,5.7722331859923,48,7,2.6875,0.704154339142587,7.280109889280518,4.0,5.0,0.74,0.1772004514666935,0.6,0.0,0.005416859279996282,0.007284731394321548,1.4452538137851179,0.17003204408480704,False
21,7,18,8,2025-09-11 17:10:00,2025-09-11,1.0,3.0,1.0,2.0,2.0,1.0,1.0,1.0,1.0,1.0,1.0,3.0,3.0,2.0,2.0,2.0,2,,1752,2025-09-11,5,0.48550255396057995,0.12337067245303798,0.1499392683243484,0.34837266482546003,0.429351382479518,0.44161021913432397,0.445096982490824,0.004045649317918707,0.004177601610373706,0.009622125561140709,0.003895188654344893,0.0029931507627327576,0.0021105974512110773,0.000895674738059431,3.09583346455772,1.1010077121680744,0.16655325903680565,2.0,0.42170990758463,0.21522401225591,0.26481477067122,0.4131239791583,0.42003484236016,0.42654780819653,0.42031584089827,performanz,0.42654780819653,1.0,5.9068542645443,42,7,1.6875,0.7932002689527196,4.123105625617661,,1.0,0.7,0.0,0.3,0.0,0.003962855442254469,0.009622125561140709,1.0891869904016267,0.014802939589894926,False
71,24,18,8,2025-09-25 17:10:00,2025-09-25,1.0,2.0,1.0,2.0,2.0,1.0,1.0,2.0,1.0,1.0,1.0,2.0,2.0,3.0,2.0,1.0,3,,1749,2025-09-25,5,0.38291850617933404,0.1832707158976936,0.12181604464867132,0.433103403418008,0.37904012873948195,0.453372473798742,0.44575731900050997,0.009812090642146862,0.025597147101237828,0.01112459807487248,0.006161647114891042,0.012536723962988763,0.0025037258041053566,0.0017076165190830904,3.30676837762842,0.7583863380224666,0.2635214397716539,4.0,0.44601298496945,0.2119511675603,0.16852773185805,0.42067889392471,0.42230616992437,0.43202572824115,0.43102734028981,kognition,0.44601298496945,1.0,5.7265193758452,37,7,1.5625,0.6291528696058958,3.3166247903554,2.449489742783178,1.0,0.92,0.0,0.5,0.0,0.009920507031332201,0.025597147101237828,1.6739692592647069,-0.18153006210517444,False
99,33,18,8,2025-10-02 17:10:00,2025-10-02,1.0,2.0,1.0,2.0,2.0,2.0,2.0,1.0,1.0,2.0,1.0,2.0,2.0,2.0,2.0,2.0,3,,1747,2025-10-02,4,0.515661061923345,0.1241260508743325,0.2576285337938932,0.36875729380052746,0.3871218524290575,0.4611204151968125,0.31756079980951973,0.006194462870299792,0.0063412386168573255,0.011725871574229841,0.0034205299156604197,0.0009323398524089598,0.0050243864993246585,0.019345914576763917,3.009616930465925,0.6659346185674249,0.23018415215984117,2.0,0.43211274116481,0.19810961329533,0.33774836271561,0.39820869225368,0.41099386926095,0.42246883570438,0.39241277803215,kognition,0.43211274116481,1.0,5.9261477231066,34,7,1.6875,0.47871355387816905,3.3166247903554,2.449489742783178,1.0,0.92,0.0,0.5,0.0,0.00756924912936356,0.019345914576763917,0.9653729235757553,-0.30003623220891884,False
123,41,18,7,2025-10-23 15:35:00,2025-10-23,2.0,2.0,1.0,3.0,2.0,2.0,1.0,2.0,1.0,2.0,2.0,2.0,2.0,1.0,1.0,1.0,14,,1744,2025-10-23,5,0.523038888486088,0.09434266369894816,0.1109350307916872,0.333721751377404,0.48384687481935595,0.42843969734558396,0.36837639408670597,0.008680412039850134,0.01182523346762621,0.0024029903930972898,0.005023445230382583,0.00042670646333829417,0.0024313369617735255,0.009687677081222888,3.6467079835494394,0.5935716443322763,0.20119095813999924,3.0,0.43428267687504,0.13592705764576,0.20067024176035,0.42707763157768,0.43514782933626,0.43531168033129,0.43749872238775,regulation,0.43749872238775,1.0,5.6854470008267,40,7,1.6875,0.6020797289396148,3.605551275463989,2.8284271247461903,1.0,0.75,0.0,0.4,0.0,0.00578254309104156,0.01182523346762621,1.2649208674907586,-0.35148968387190027,False
124,42,18,8,2025-10-23 17:10:00,2025-10-23,3.0,2.0,4.0,3.0,3.0,3.0,3.0,2.0,3.0,2.0,1.0,2.0,2.0,1.0,2.0,2.0,22,,1744,2025-10-23,5,0.523038888486088,0.09434266369894816,0.1109350307916872,0.333721751377404,0.48384687481935595,0.42843969734558396,0.36837639408670597,0.008680412039850134,0.01182523346762621,0.0024029903930972898,0.005023445230382583,0.00042670646333829417,0.0024313369617735255,0.009687677081222888,3.6467079835494394,0.5935716443322763,0.20119095813999924,3.0,0.43428267687504,0.13592705764576,0.20067024176035,0.42707763157768,0.43514782933626,0.43531168033129,0.43749872238775,regulation,0.43749872238775,1.0,5.6854470008267,40,7,2.375,0.806225774829855,6.324555320336759,4.795831523312719,1.0,-0.7,0.0,0.1,0.0,0.00578254309104156,0.01182523346762621,1.2649208674907586,-0.1234601624986544,False
151,50,18,8,2025-10-30 17:10:00,2025-10-30,3.0,3.0,4.0,3.0,3.0,3.0,3.0,3.0,2.0,2.0,2.0,2.0,2.0,2.0,1.0,2.0,"22,10,24",,1742,2025-10-30,3,0.4326384280328233,0.228184688321638,0.180995170545204,0.42193003468793666,0.34974124836702664,0.46959913133939996,0.41621626252874333,0.00018567078841444642,0.017858184468037927,0.01085970024779439,0.002311870337702837,0.0012664471326713192,0.001144221883132941,0.00026119502740691916,3.4971499008529334,0.730823524825895,0.18408500722535984,2.0,0.41338353623986,0.24627249716679,0.28888387410971,0.41482967556005,0.40349590727373,0.42120299922985,0.41557437143392,performanz,0.42120299922985,1.0,5.9088939724416,33,7,2.5,0.7302967433402214,6.6332495807108,2.449489742783178,3.0,-0.08999999999999998,0.6934455037468097,0.5666666666666668,0.3333333333333333,0.0048410414121658266,0.017858184468037927,0.9716361773504182,0.11851339855704608,False
174,56,18,8,2025-11-06 17:10:00,2025-11-06,3.0,4.0,5.0,2.0,3.0,4.0,4.0,4.0,2.0,2.0,3.0,4.0,3.0,3.0,3.0,3.0,15,,1740,2025-11-06,5,0.49876630459458793,0.10882215653364939,0.2093292358332596,0.362828654824324,0.41549248550548806,0.456068294164484,0.40324222877465593,0.0033260685823542414,0.004657018824207547,0.0063822119265490125,0.0016976688161974107,0.0009258657894660558,0.0011586972810269825,0.0025371665925183287,3.86395178464376,0.5092379786744103,0.14382175708952932,2.0,0.40514974738655,0.24017098948359,0.33691707721325,0.41052377479,0.4040422198457,0.40772224189228,0.40821295325406,motivation,0.41052377479,1.0,5.9983148862917,48,7,3.25,0.8563488385776752,9.591663046625438,4.242640687119285,1.0,-0.85,0.0,0.55,0.0,0.0029549568303313687,0.0063822119265490125,0.8843532452546464,-0.32864781201677806,False
209,66,18,8,2025-11-13 17:10:00,2025-11-13,3.0,2.0,4.0,3.0,3.0,2.0,2.0,3.0,2.0,4.0,2.0,2.0,2.0,2.0,3.0,2.0,15,,1738,2025-11-13,5,0.363935929662886,0.06391402189634521,0.024003354904947795,0.204326785453978,0.303007353124306,0.207123387820258,0.26861320773631403,0.09601508136399933,0.014993045986740231,0.025606921485192297,0.09997615312883198,0.06548924025505523,0.16717401033580445,0.14501310215234173,3.49675004119874,0.5898562990644589,0.783752227880703,3.0,0.44979132079865,0.13698816864758,0.12146262233058,0.42439219888265,0.44314221383131,0.43872403962726,0.44181759322431,kognition,0.44979132079865,1.0,5.6947778852022,44,7,2.5625,0.7274384280931732,6.855654600401044,5.196152422706632,1.0,-0.85,0.0,0.55,0.0,0.08775250781542362,0.16717401033580445,1.4578695089817206,1.1238718516167752,True
253,78,18,8,2025-11-27 17:10:00,2025-11-27,3.0,1.0,2.0,2.0,3.0,1.0,1.0,1.0,1.0,3.0,2.0,1.0,1.0,1.0,2.0,1.0,6,,1736,2025-11-27,5,0.530410433205394,0.0515437743434786,0.17958866669586035,0.351435452332988,0.4398809621923361,0.44992400162298996,0.341940252164348,0.004767681366882633,0.0033998899235951285,0.01957842155399948,0.010073381955716727,0.0027911523823317777,0.000503377398197831,0.006278469480214904,3.24235050496994,0.8189568413866852,0.21769789631720945,2.0,0.42712666784053,0.13355962401861,0.34818067621829,0.41076211872119,0.4214137001609,0.41890588266963,0.39584617734309,kognition,0.42712666784053,1.0,5.7246607685253,41,7,1.625,0.806225774829855,4.0,4.358898943540674,1.0,0.85,0.0,0.5,0.0,0.006770339151562639,0.01957842155399948,1.0122182459012983,0.012912921844758517,False
273,84,18,8,2025-12-04 17:10:00,2025-12-04,2.0,1.0,2.0,2.0,3.0,1.0,1.0,2.0,1.0,3.0,1.0,2.0,2.0,2.0,1.0,1.0,"6,23,4",,1734,2025-12-04,5,0.41994184911365,0.15452501324188322,0.20348383897651517,0.40468729983733204,0.38715870658778206,0.41088864219087606,0.446776980976112,0.013618394651783033,0.011384149885967572,0.020515823326425965,0.008099663013419345,0.008956707296427138,0.001224523931963243,0.012455889219380465,3.41414589571482,1.102001338227666,0.27614335285385155,3.0,0.40496032394242,0.27941079151338,0.34345673670252,0.39520532916279,0.40277074075357,0.40091072022097,0.40103605378749,kognition,0.40496032394242,1.0,5.9315338613344,42,7,1.6875,0.704154339142587,3.872983346207417,2.6457513110645907,3.0,0.8166666666666668,0.04714045207910316,0.6166666666666667,0.0,0.010893593046480967,0.020515823326425965,1.4593815636938394,0.10942135544298508,False
317,94,18,8,2026-01-15 17:10:00,2026-01-15,3.0,3.0,4.0,3.0,3.0,2.0,2.0,2.0,2.0,3.0,2.0,1.0,3.0,2.0,3.0,2.0,28,,1728,2026-01-15,5,0.5058566980047801,0.1762703203206118,0.19454340543481838,0.37872475928947,0.423668092481756,0.44081517692847194,0.372635596376536,0.0008724508281311478,0.00644401586196167,0.007192014957100153,0.0008739169719133811,0.001170941228243917,0.0010268596973694209,0.0015022959870933275,3.5439308536400205,0.45433262023189863,0.13813940615122472,1.0,0.39763881597713,0.31342188601728,0.3371307698627,0.39767221073624,0.39527892993597,0.39703551324631,0.39744657561963,motivation,0.39767221073624,1.0,5.9906782983215,44,7,2.5,0.7302967433402214,6.6332495807108,4.58257569495584,1.0,0.6,0.0,0.35,0.0,0.0027260707902590025,0.007192014957100153,0.5308240087943744,-0.3364445199503909,False
329,100,18,8,2026-01-29 17:10:00,2026-01-29,1.0,2.0,1.0,1.0,2.0,2.0,2.0,2.0,1.0,3.0,2.0,1.0,2.0,2.0,1.0,2.0,1,,1725,2026-01-29,3,0.44859038418591335,0.058723988867955344,0.09334868748854434,0.3657581715057967,0.4583674613769833,0.4262701969682667,0.49069100812031,0.005614401539518241,0.0058272422390845515,0.0021130611539568046,0.0005083358504794585,0.00044686315391273025,0.00035570300621462297,0.00536956257545741,3.8083255865519,0.35242441268588875,0.14225037616338249,2.0,0.4441350851655,0.011155903839004,0.15862525465851,0.42796827526717,0.43855859238884,0.45368206862796,0.4428725910601,performanz,0.45368206862796,1.0,5.6091091994459,43,7,1.6875,0.6020797289396148,3.605551275463989,5.0,1.0,0.9,0.0,0.6,0.0,0.0028907385026605455,0.0058272422390845515,0.831558262949757,-0.3561423840785076,False
45,15,19,8,2025-09-18 17:10:00,2025-09-18,3.0,3.0,2.0,3.0,3.0,2.0,3.0,2.0,3.0,2.0,2.0,2.0,2.0,2.0,2.0,2.0,"5,28,2",,2018,2025-09-18,3,0.45142175575153004,0.153728929618563,0.18943198531825367,0.4300294882280533,0.3785063388774233,0.44446718221043335,0.42022228841446996,0.0013373939867285106,0.011140220230794832,0.006879574849970242,0.006299101358586371,0.004645897841279989,0.0016630672878299956,0.0024007954759426554,4.043579197213266,0.5022618428501545,0.18538082703217343,3.0,0.43283048384479,0.19710655300501,0.252424304882,0.40986432057291,0.42659219329726,0.42379707973384,0.42486669831163,kognition,0.43283048384479,1.0,5.8607290448011,37,7,2.375,0.5,5.830951894845301,,3.0,0.6999999999999998,0.08164965809277264,0.35000000000000003,0.0,0.004909435861590371,0.011140220230794832,1.2292142232941092,-0.49228134601635837,False
73,24,19,8,2025-09-25 17:10:00,2025-09-25,2.0,2.0,2.0,2.0,2.0,1.0,2.0,2.0,2.0,1.0,2.0,2.0,2.0,2.0,2.0,2.0,"5,28,2",,2017,2025-09-25,3,0.45215748893263674,0.141152364420978,0.25833796584877994,0.35316979556784994,0.3795710923675934,0.4683588967656133,0.4535530224624367,0.004406858771548079,0.0020342216924358835,0.0022204690940524022,0.004109268100970262,0.0011243991326682708,0.0008589895328407135,0.00025782983554233416,3.6436816480747667,0.4115837946464015,0.12252361470368864,3.0,0.41608907991463,0.19490226630477,0.35952845920273,0.38666586480461,0.41325112600244,0.41709159880844,0.4066528069063,performanz,0.41709159880844,1.0,5.9173555035865,54,7,1.875,0.3415650255319866,3.7416573867739413,2.8284271247461903,3.0,0.6999999999999998,0.08164965809277264,0.35000000000000003,0.0,0.002144576594293992,0.004406858771548079,1.1780358031166969,-0.5910663252000242,False
101,33,19,8,2025-10-02 17:10:00,2025-10-02,2.0,2.0,2.0,3.0,2.0,2.0,2.0,2.0,2.0,2.0,1.0,2.0,2.0,2.0,2.0,2.0,"28,2",,2016,2025-10-02,3,0.5164861424247433,0.14819250527315067,0.21761472568099768,0.3573208467677033,0.38489303325966334,0.43366947924239335,0.3490501403538833,0.017049499031677764,0.02651682977971349,0.015185220245366941,0.008459971848465671,0.005714395566627963,0.0009232029378656468,0.004344192921502332,3.6803795563036332,0.44742099519003825,0.2796306712991617,2.0,0.42126656456965,0.22866020029673,0.32118695453294,0.39421723997649,0.41582490424013,0.42053499292239,0.40238948398963,kognition,0.42126656456965,1.0,5.9272542223482,44,7,2.0,0.3651483716701107,4.242640687119285,2.0,2.0,0.6499999999999999,0.04999999999999999,0.32499999999999996,0.0,0.011170473190174257,0.02651682977971349,0.9090172221630667,-0.4322031903485966,False
152,50,19,8,2025-10-30 17:10:00,2025-10-30,3.0,3.0,2.0,3.0,4.0,2.0,3.0,3.0,3.0,3.0,2.0,2.0,3.0,2.0,2.0,2.0,"5,28",,2012,2025-10-30,3,0.45774257204924335,0.166532737414368,0.12493399190763699,0.39289344139894333,0.44385362500494674,0.40572075630555665,0.4191456548617433,0.008445792909051644,0.017139932011941823,0.019890878362014017,0.003839697134095378,0.0002117217879311778,0.0015803685842060231,0.0043526776189134605,3.9020961759354997,0.7109728412969377,0.23550173759051868,2.0,0.41761872979817,0.22689769582724,0.24916040910067,0.41308895772676,0.42487823511316,0.42001277382832,0.42947988400053,regulation,0.42947988400053,1.0,5.8478046579188,33,7,2.625,0.6191391873668903,6.928203230275509,3.4641016151377544,2.0,0.7,0.10000000000000003,0.375,0.0,0.00792300977259336,0.019890878362014017,0.9821581929624855,-0.14182987816632509,False
176,56,19,8,2025-11-06 17:10:00,2025-11-06,2.0,2.0,2.0,3.0,2.0,1.0,2.0,2.0,2.0,2.0,1.0,2.0,2.0,2.0,2.0,2.0,14,,2010,2025-11-06,5,0.542487819924698,0.020359999442027998,0.10703853374411798,0.3426604409133259,0.436282634387802,0.47669785858130603,0.374991973786576,0.005078582242289105,0.0009652445802156068,0.003863184627521661,0.002989916414498116,0.0006796601661414754,0.0005115341512814818,0.0041231606042880335,3.7815181034461802,0.4501551404134087,0.134949185941359,2.0,0.44176608037613,-0.058297306382161,0.18123639678959,0.430891571964,0.4410059236489,0.44176488467648,0.43964074788229,kognition,0.44176608037613,1.0,5.6325793119759,43,7,1.9375,0.4425306015783918,4.123105625617661,3.605551275463989,1.0,0.75,0.0,0.4,0.0,0.002601611826605069,0.005078582242289105,0.8617014421182558,-0.4569208627713408,False
212,66,19,8,2025-11-13 17:10:00,2025-11-13,2.0,2.0,1.0,2.0,2.0,2.0,2.0,2.0,2.0,2.0,2.0,2.0,2.0,2.0,2.0,2.0,2,,2009,2025-11-13,4,0.509496199010085,0.12353488183024325,0.190212259863685,0.34088398664399,0.4197057705138475,0.4461903858435,0.41341124611432006,0.0020903425080440654,0.009419578334609295,0.005871710427784965,0.003216381531103812,0.0016667716612736604,0.002369357212085551,0.0019822964391174058,3.3443602926315,0.4271725907933223,0.16314545079167472,1.0,0.41582527584893,0.25464499945247,0.32119159422177,0.39726004586239,0.40578798706203,0.41588676913868,0.40452025993526,performanz,0.41588676913868,1.0,5.9806760729213,33,7,1.9375,0.25,3.872983346207417,2.0,1.0,0.7,0.0,0.3,0.0,0.0038023483020026795,0.009419578334609295,0.5301060138616657,-0.6215580337815444,False
254,78,19,8,2025-11-27 17:10:00,2025-11-27,1.0,2.0,1.0,2.0,2.0,1.0,2.0,1.0,2.0,1.0,2.0,2.0,2.0,2.0,2.0,1.0,5,,2006,2025-11-27,5,0.49403261309430196,0.057957148767087,0.12961582936939262,0.36747831938729,0.457161290512426,0.45345442281516196,0.40030027731382195,0.0022846939458669477,0.0061060621362938414,0.008105962609045142,0.0015091694237280154,0.0003946774374319451,0.001656696067640643,0.005812126581271486,3.93749323079644,0.29826756960350004,0.16083963504459348,3.0,0.43139265556636,0.0766665558917,0.26627589110598,0.42669366178911,0.43021127107106,0.43465301168068,0.42549239813365,performanz,0.43465301168068,1.0,5.6728641519139,47,7,1.625,0.5,3.1622776601683795,2.23606797749979,1.0,0.8,0.0,0.4,0.0,0.0036956268858968602,0.008105962609045142,1.1530357348826978,-0.6904029797133072,False
275,84,19,8,2025-12-04 17:10:00,2025-12-04,2.0,2.0,1.0,2.0,2.0,1.0,1.0,2.0,2.0,2.0,1.0,2.0,2.0,2.0,2.0,2.0,"5,7",,2005,2025-12-04,3,0.48335936897755666,0.3015485158801167,0.28148155384216567,0.3900017842705867,0.35569771017981,0.3908545798497933,0.2534993413498367,0.013836767280423198,0.013141076642239125,0.0287952534188296,0.013220789674622943,0.01482470086529858,0.0012680424753134848,0.015454704535258318,3.2041285130299,1.1732156684074717,0.3170825364033555,2.0,0.4425642677957,0.27159493464052,0.30372524922858,0.37346609332946,0.4261738809739,0.41986802260563,0.37514046190905,kognition,0.4425642677957,1.0,5.8632480317733,39,7,1.75,0.4472135954999579,3.4641016151377544,2.449489742783178,2.0,0.8,0.0,0.47500000000000003,0.0,0.014363047841712178,0.0287952534188296,1.1634327349369424,0.20591361541153835,False
313,92,19,8,2025-12-11 17:10:00,2025-12-11,2.0,2.0,1.0,2.0,2.0,2.0,1.0,2.0,2.0,2.0,2.0,2.0,2.0,2.0,2.0,2.0,28,,2004,2025-12-11,4,0.4685199340043825,0.121824963765085,0.184745627822815,0.383318970040215,0.443918478847095,0.4285375147332575,0.4260586952106975,0.0029057424681079385,0.0030711457369022696,0.004876446367274947,0.0012470906920537686,0.0033300114718914117,0.0010646940340583446,0.005848718645440678,3.7694993629654,0.7371119160553881,0.14947859183083495,3.0,0.41832972641897,0.1765090394104,0.32639847804928,0.4110504670712,0.41378869760811,0.41893473305467,0.41426505948342,performanz,0.41893473305467,1.0,5.8655835363577,37,7,1.875,0.3415650255319866,3.7416573867739413,1.4142135623730951,1.0,0.6,0.0,0.35,0.0,0.003191978487961337,0.005848718645440678,1.2955301692954075,-0.48440917154711477,False
318,94,19,8,2026-01-15 17:10:00,2026-01-15,2.0,2.0,1.0,2.0,2.0,1.0,2.0,1.0,2.0,1.0,2.0,2.0,2.0,2.0,2.0,2.0,28,,2000,2026-01-15,5,0.44936092492634405,0.16539067705714122,0.183841404776973,0.386515839775528,0.35869337374915194,0.46663009955234597,0.4004823934139701,0.020936487901427048,0.011361011760623808,0.016518184559071798,0.0032099272964071337,0.0031409514094905278,0.0034635468786623873,0.022100969913907285,3.07302778639854,0.5227402331165143,0.284132151858233,4.0,0.42426009406879,0.23586883738185,0.22344478251613,0.41668227450038,0.41737729395323,0.42535779931724,0.4309072566306,regulation,0.4309072566306,1.0,5.7993528162224,41,7,1.75,0.4472135954999579,3.4641016151377544,2.0,1.0,0.6,0.0,0.35,0.0,0.011533011388512855,0.022100969913907285,1.6022907949915826,-0.3705226985616235,False
332,100,19,8,2026-01-29 17:10:00,2026-01-29,2.0,2.0,1.0,2.0,2.0,1.0,2.0,2.0,2.0,2.0,1.0,2.0,2.0,2.0,2.0,2.0,2,,1996,2026-01-29,5,0.48458979253282397,0.1021941231496026,0.15694812102346262,0.35915350818051806,0.38568589741460196,0.495261006316616,0.42638601354054206,0.0026335956919164493,0.00758014133066103,0.0023923324215233454,0.0011698653909708802,0.0029590905657528193,0.004955666075870374,0.0035664151445054548,3.5393878844884403,0.7231074267349026,0.15892484582720334,3.0,0.41652254654908,0.26317617192982,0.25937335154468,0.41642998504406,0.41501390358427,0.41851739607648,0.41129311053304,performanz,0.41851739607648,1.0,5.8325033922306,47,7,1.8125,0.4031128874149275,3.605551275463989,1.7320508075688772,1.0,0.7,0.0,0.3,0.0,0.0036081580887429078,0.00758014133066103,1.294010757520702,-0.44483249114501666,False
3,98,20,2,2025-09-08 17:10:00,2025-09-08,2.0,2.0,2.0,2.0,2.0,1.0,2.0,2.0,2.0,1.0,1.0,1.0,1.0,1.0,1.0,2.0,"6,23,2",,13,2025-09-08,5,0.5320080773069661,0.1551809495430666,0.20902246131950802,0.34973749840019797,0.4409568892422421,0.413121251401628,0.3082654408384146,0.004631582544734507,0.016519699170079755,0.01198438820953893,0.004658539145862948,0.004639141811953403,0.007196947361352029,0.017103891926641853,3.8023831622579003,0.8452859203643491,0.2583296153563571,3.0,0.40227157371145,0.26480954820107,0.32591134449789,0.40835830453926,0.40211216528518,0.40770503353436,0.40884937862184,regulation,0.40884937862184,1.0,5.9301848883586,51,7,1.5625,0.51234753829798,3.0,,3.0,0.7666666666666666,0.062360956446232366,0.46666666666666673,0.0,0.009533455738594775,0.017103891926641853,1.3678718452402354,-0.04594473010644132,False
35,11,20,2,2025-09-15 17:10:00,2025-09-15,2.0,2.0,2.0,2.0,2.0,2.0,2.0,2.0,2.0,2.0,1.0,1.0,1.0,1.0,1.0,1.0,"4,24",,11,2025-09-15,5,0.47049610738854397,0.11184877013722638,0.1519085304159284,0.39580175865643596,0.4030315364245641,0.492115872103294,0.394738779064422,0.0025217504663987028,0.007595380377701168,0.006972805238431421,0.0011832147867798684,0.001976874149601483,0.0017592237540980595,0.003942630602145687,4.087767618668179,0.5731572454054066,0.16109587013687343,3.0,0.42302735421053,0.20428626405099,0.26679387269566,0.41979629586447,0.41971823189613,0.42256638278202,0.42092503498313,kognition,0.42302735421053,1.0,5.7932893769356,44,7,1.625,0.5,3.1622776601683795,1.7320508075688772,2.0,0.19999999999999998,0.65,0.775,0.5,0.0037074113393080555,0.007595380377701168,1.2447510385140934,0.10917490131599035,False
47,16,20,9,2025-09-19 15:35:00,2025-09-19,2.0,2.0,1.0,2.0,2.0,2.0,2.0,2.0,2.0,2.0,1.0,1.0,1.0,1.0,1.0,1.0,"4,2",,10,2025-09-19,5,0.528045034614594,0.0811576714164466,0.173190053051472,0.344910942076316,0.426566492444974,0.454360375614798,0.388823896420914,0.0030091531059604753,0.006209060868736531,0.007361347743356754,0.0022360520614256143,0.000414621338517558,0.0028003652301557716,0.004000786201139818,3.4818548430184806,0.3110868640238304,0.1613424511692212,2.0,0.42403702670585,0.11646397973362,0.30660559239064,0.41679780540376,0.42156766327094,0.43033507915713,0.4195120267736,performanz,0.43033507915713,1.0,5.8379422163586,34,7,1.5625,0.51234753829798,3.0,1.0,2.0,0.7749999999999999,0.07500000000000001,0.525,0.0,0.0037187695070417894,0.007361347743356754,0.8241431050643505,-0.8237249797510235,False
55,18,20,2,2025-09-22 17:10:00,2025-09-22,2.0,1.0,2.0,2.0,2.0,2.0,1.0,2.0,2.0,2.0,2.0,2.0,1.0,1.0,1.0,1.0,2,,9,2025-09-22,3,0.51163337607565,0.14558793667197967,0.1867035679578,0.3597461560298367,0.4429618010133333,0.44422270482576004,0.3740169854480033,0.0008431191160257976,0.0055204303017692925,0.008351409478760835,0.0009329897318328567,0.0001698856049716731,0.0012317062641097954,0.0022679625734784345,4.220917692602833,0.15978554180066873,0.13898742054930252,2.0,0.42600281188211,0.2417536603434,0.31750022526204,0.39548478071283,0.41764974039734,0.41362839689407,0.39665980197181,kognition,0.42600281188211,1.0,5.8611502652876,28,7,1.625,0.5,3.1622776601683795,2.23606797749979,1.0,0.7,0.0,0.3,0.0,0.0027596432958498117,0.008351409478760835,0.7662576541166571,-0.819867921065798,False
76,25,20,9,2025-09-26 15:35:00,2025-09-26,2.0,2.0,2.0,2.0,2.0,2.0,2.0,2.0,2.0,1.0,1.0,1.0,1.0,1.0,1.0,1.0,"23,24",,8,2025-09-26,4,0.4070698566616375,0.11995806866861375,0.18653356592541748,0.4071204134792225,0.41008860754518,0.5023960386987074,0.4173776376650475,0.007197927312086962,0.00476876212007534,0.004789591413181056,0.0026869417279653026,0.0002793012028677879,0.0022506273785811645,0.002604837913617499,3.484542836797975,0.5172547492999738,0.1567736874235441,2.0,0.41321999717163,0.22882146143743,0.32450591649161,0.40575543267362,0.40804709419831,0.41895689439396,0.40610064688381,performanz,0.41895689439396,1.0,5.9419365128378,31,7,1.5625,0.51234753829798,3.0,2.23606797749979,2.0,0.15,0.6,0.7,0.5,0.003511141295482159,0.007197927312086962,0.8913428122411727,0.12132633789761504,False
81,27,20,2,2025-09-29 17:10:00,2025-09-29,2.0,2.0,2.0,2.0,2.0,2.0,2.0,2.0,2.0,1.0,1.0,1.0,1.0,1.0,1.0,1.0,"14,2",,6,2025-09-29,5,0.29369675091416003,0.085934159540101,0.1066184919231092,0.216606879883752,0.249678658118944,0.301392093428258,0.147879385761348,0.1830043462509619,0.02190374888591968,0.025907430305399513,0.06300825426180993,0.12482186933971354,0.12474029179246741,0.1296350992839081,3.76897568153802,0.6975842322052688,0.8203785956009456,3.0,0.3971926792848,0.16611944682681,0.27266631743647,0.39440027009195,0.40378837674599,0.4462436495395,0.47176506697929,regulation,0.47176506697929,1.0,6.4833368758959,56,7,1.5625,0.51234753829798,3.0,0.0,2.0,0.725,0.025000000000000022,0.35,0.0,0.09614586287431141,0.1830043462509619,1.505987609268738,0.6987141369751406,True
110,36,20,2,2025-10-20 17:10:00,2025-10-20,2.0,2.0,2.0,2.0,2.0,1.0,2.0,2.0,2.0,2.0,1.0,1.0,1.0,1.0,1.0,1.0,2,,5,2025-10-20,4,0.430795255306105,0.21161132346299574,0.1321439113618405,0.42040271430264253,0.40244136027530747,0.4305915993112625,0.432873117120015,0.01009193426213833,0.013643239240625611,0.011228063679047962,0.0025083690671855886,0.0009342062115018057,0.0015871000534963542,0.0006896660904329238,3.6240096394819004,0.6835604567428455,0.20169922807097843,3.0,0.41594048918473,0.24821908918981,0.27585027671632,0.41068761216557,0.41720963241921,0.41516587687148,0.41736449331801,regulation,0.41736449331801,1.0,5.8818476992157,51,7,1.5625,0.51234753829798,3.0,1.4142135623730951,1.0,0.7,0.0,0.3,0.0,0.005811796943489796,0.013643239240625611,1.2950865616046079,-0.4497144915154303,False
127,43,20,9,2025-10-24 15:35:00,2025-10-24,2.0,2.0,2.0,2.0,2.0,2.0,2.0,2.0,2.0,2.0,1.0,1.0,1.0,1.0,1.0,1.0,"4,13",,4,2025-10-24,5,0.454281579124562,0.21858233844621977,0.1956443599669862,0.3830646239960259,0.37082453585301,0.458985483376968,0.389503757590854,0.006769390423370335,0.029596218858463773,0.009994972432901348,0.007324625936363285,0.004262261691079388,0.001203897945944138,0.0017861766860723586,3.71955631762824,0.644213816132242,0.24685530979542372,3.0,0.39430799329343,0.32101794549356,0.33189693861031,0.40045016314753,0.39250406853916,0.39795618906525,0.39814677656726,motivation,0.40045016314753,1.0,5.9770101760318,39,7,1.625,0.5,3.1622776601683795,1.0,2.0,0.865,0.015000000000000013,0.7,0.0,0.008705363424884946,0.029596218858463773,1.2970230419758886,-0.4581088720683174,False
135,45,20,2,2025-10-27 17:10:00,2025-10-27,2.0,2.0,2.0,2.0,2.0,2.0,2.0,2.0,2.0,2.0,1.0,1.0,1.0,1.0,1.0,1.0,4,,3,2025-10-27,5,0.503487648355348,0.059560933423941996,0.13545936790673657,0.33394971778716004,0.426313070846908,0.473438481730006,0.419143657343832,0.003795795608599835,0.0062497701956610975,0.009854818447334681,0.0005282036927085497,0.002478795440592635,0.0030759260411947617,0.00552352234105942,3.44668373119278,0.5524520074301889,0.17750163877314198,3.0,0.43599931001514,0.10880262521766,0.27205468620288,0.41158754789528,0.42972449870058,0.43270016618034,0.42749560546762,kognition,0.43599931001514,1.0,5.7849220140971,44,7,1.625,0.5,3.1622776601683795,0.0,1.0,0.85,0.0,0.75,0.0,0.0045009759667358545,0.009854818447334681,1.243317882067777,-0.7429437159752663,False
159,52,20,2,2025-11-03 17:10:00,2025-11-03,2.0,2.0,2.0,2.0,2.0,2.0,2.0,2.0,2.0,2.0,1.0,1.0,1.0,1.0,1.0,1.0,2,,2,2025-11-03,5,0.4524886298550159,0.11361861110193801,0.09073073409382461,0.40135810274483796,0.43674558542233805,0.44669602205387804,0.405450584125368,0.006379143566962758,0.0219599912120867,0.014544385581945384,0.002988793703268245,0.004413636571790147,0.003966343556495463,0.004092394302074658,3.7921894405702594,0.8395036423808784,0.24154645204312847,4.0,0.43213103622959,0.17982527263218,0.18945606937445,0.42874875502807,0.42874628728131,0.43105853140185,0.4376850469148,regulation,0.4376850469148,1.0,5.7060469213475,44,7,1.625,0.5,3.1622776601683795,0.0,1.0,0.7,0.0,0.3,0.0,0.008334955499231907,0.0219599912120867,1.6936833648080023,-0.4412852104572158,False
190,60,20,2,2025-11-10 17:10:00,2025-11-10,2.0,2.0,2.0,2.0,2.0,2.0,2.0,2.0,2.0,2.0,1.0,1.0,1.0,1.0,1.0,1.0,2,,1310,2025-11-10,3,0.4544220973397834,0.19150137436136735,0.27642594556593664,0.4092027735177333,0.38245509360753,0.45715900353767003,0.3168453183303033,0.006996116486795147,0.011313141467676738,0.00983839233314073,0.0003483301711458601,0.00043561666451337873,0.006677258674133533,0.021697486572249448,3.4461608239854997,0.6861350355138844,0.23938743151981648,2.0,0.4158868565048,0.26194576246284,0.36810142025322,0.39144216142647,0.40343920280394,0.40550728467796,0.37748406092166,kognition,0.4158868565048,1.0,5.962580858378,33,7,1.625,0.5,3.1622776601683795,0.0,1.0,0.7,0.0,0.3,0.0,0.008186620338522119,0.021697486572249448,0.9751741556779003,-0.5552988417303029,False
215,67,20,9,2025-11-14 15:35:00,2025-11-14,2.0,2.0,2.0,2.0,2.0,2.0,2.0,2.0,2.0,2.0,1.0,1.0,1.0,1.0,1.0,1.0,2,,1309,2025-11-14,5,0.453942146256872,0.1106192049379258,0.2294027803408722,0.37561406522998,0.383153546456794,0.511872496626458,0.399256454995522,0.0015333503484919325,0.004681984880914878,0.006519331146376905,0.0009566917654653707,0.0007552394857234552,0.0032690909980352956,0.002041396874773235,3.7854525825273995,0.6586699890961917,0.14055990004187208,2.0,0.401869221024,0.25977747298922,0.35940346898167,0.40176842589378,0.39880208742847,0.40205024092631,0.39967136635146,performanz,0.40205024092631,1.0,5.9348576801623,54,7,1.625,0.5,3.1622776601683795,0.0,1.0,0.7,0.0,0.3,0.0,0.0028224407856830102,0.006519331146376905,0.933076629712688,-0.7168918062130836,False
221,69,20,2,2025-11-17 17:10:00,2025-11-17,2.0,2.0,2.0,2.0,2.0,2.0,2.0,2.0,2.0,2.0,1.0,2.0,2.0,1.0,2.0,2.0,"4,14,2",,1308,2025-11-17,4,0.52556564887034,0.1612234502180955,0.2624729078831375,0.3478002104828875,0.4401397898468725,0.42600795097897753,0.29251475785249725,0.009804798888650094,0.0055039732807571845,0.006968950710097181,0.002665337990834177,0.0019261733553133055,0.0027826635596541038,0.017502748216379302,3.7655919287432753,0.48266957317654946,0.21715120538851573,2.0,0.41622774767673,0.21855361404579,0.36605254381655,0.39730978540761,0.41249743912212,0.41076908518838,0.38503318253359,kognition,0.41622774767673,1.0,6.0256140472557,44,7,1.875,0.3415650255319866,3.7416573867739413,2.0,3.0,0.7666666666666666,0.062360956446232366,0.48333333333333334,0.0,0.006736378000240764,0.017502748216379302,0.8999402595216884,-0.5040123636384738,False
231,72,20,2,2025-11-24 17:10:00,2025-11-24,2.0,2.0,2.0,2.0,2.0,1.0,1.0,1.0,1.0,1.0,2.0,1.0,1.0,1.0,1.0,1.0,"27,23",,1307,2025-11-24,4,0.5084966077113975,0.0363947082915375,0.13526585473536024,0.348618270075915,0.421622409936545,0.4926483320997225,0.39967682611321753,0.00460004583982947,0.00023522113890180773,0.003781448848986666,0.0017552999084722554,0.002829274903675621,0.0026844119970120253,0.004173798711354633,3.524214929100125,0.938328834827377,0.14163156903823554,3.0,0.44975907471564,0.0,0.21013084946377,0.41653751987187,0.45056607023066,0.43797029377314,0.43038009442678,methodik,0.45056607023066,1.0,5.7015579578625,31,6,1.375,0.5,2.449489742783178,3.1622776601683795,2.0,0.575,0.175,0.6,0.0,0.0028656430497474967,0.00460004583982947,1.3599868012885377,-0.14710926056423082,False
259,79,20,9,2025-11-28 15:35:00,2025-11-28,2.0,2.0,1.0,1.0,1.0,1.0,1.0,1.0,1.0,1.0,1.0,1.0,1.0,1.0,1.0,1.0,"14,2",,1305,2025-11-28,4,0.5027790887955175,0.11298326872895625,0.22571643870165398,0.3662796182181275,0.39116240681721504,0.462198379383645,0.384105920697855,0.004169911382879271,0.00983928966761601,0.00834718941810455,0.001278309941118664,0.0030096725575462016,0.007384711240213206,0.0011318522552380402,3.7019221360363,0.6743538188822196,0.18751249681745463,2.0,0.42900942302767,0.18275724386073,0.2966083429037,0.40787929372889,0.42429094770748,0.41730966418201,0.41717517734436,kognition,0.42900942302767,1.0,5.9088958490862,38,7,1.125,0.3415650255319866,1.4142135623730951,2.0,2.0,0.725,0.025000000000000022,0.35,0.0,0.005022990923245134,0.00983928966761601,0.9539554385665582,-0.4089527242643717,False
287,87,20,2,2025-12-08 17:10:00,2025-12-08,2.0,2.0,2.0,2.0,2.0,2.0,2.0,2.0,2.0,2.0,2.0,1.0,1.0,1.0,1.0,1.0,"23,2",,1303,2025-12-08,5,0.46615545388970203,0.0810787187767952,0.192941361797913,0.358361556774892,0.40688212265741797,0.500544711193356,0.393129661973876,0.009130167678984983,0.008408610176817408,0.004978024459303556,0.0065945879741185235,0.0027331083306357967,0.004577677815372568,0.0033998371306509143,4.08921089269532,0.41726439699209694,0.1995545378233323,3.0,0.41978303613614,0.19317308826806,0.32940730650402,0.4069499430043,0.41664545075717,0.41290162905728,0.41020042479211,kognition,0.41978303613614,1.0,5.9604597147619,61,7,1.6875,0.47871355387816905,3.3166247903554,3.0,2.0,0.725,0.025000000000000022,0.44999999999999996,0.0,0.0056888590808405375,0.009130167678984983,1.2056063116051432,-0.46123084591043717,False
323,95,20,9,2026-01-16 15:35:00,2026-01-16,2.0,2.0,2.0,2.0,2.0,2.0,2.0,2.0,2.0,2.0,2.0,1.0,1.0,1.0,1.0,1.0,13,,1300,2026-01-16,4,0.5142183826441524,0.0655656650553275,0.15680246980377,0.3175328136529525,0.39012260435429,0.5388338369847174,0.3152371882103575,0.013041829321327005,0.0054714091570641455,0.0027602566999836756,0.007024172300495868,0.011785455621430931,0.01746965171708336,0.006394591601147192,3.18727159966775,1.0629337596937187,0.25287816516760037,3.0,0.43435310964003,0.13862532404938,0.17856692929381,0.42598775628015,0.43534248094755,0.4468730671355,0.43536943150267,performanz,0.4468730671355,1.0,5.6766351627023,38,7,1.6875,0.47871355387816905,3.3166247903554,0.0,1.0,0.88,0.0,0.65,0.0,0.00913533805979031,0.01746965171708336,1.4386039749537731,-0.2624218966469211,False
1,98,21,2,2025-09-08 17:10:00,2025-09-08,3.0,1.0,1.0,2.0,2.0,2.0,2.0,1.0,2.0,3.0,1.0,1.0,1.0,1.0,1.0,1.0,"3,28,1",,135,2025-09-08,4,0.47635842523196,0.13605753003213775,0.23573257471564749,0.40523047767610754,0.3374153645443775,0.5061058321779874,0.3311824100625125,0.008105413349563426,0.010764654341679804,0.011033114275876206,0.0019914031138985855,0.002557096082459818,0.005292539156468086,0.015365308572875588,3.449797199504475,0.3356495530183185,0.23475418823275873,2.0,0.42753983424036,0.16606230857039,0.29732544670075,0.41554690997134,0.41374282852262,0.43053256586592,0.41473666710314,performanz,0.43053256586592,1.0,5.8433205129343,37,7,1.5625,0.7274384280931732,3.605551275463989,,3.0,0.8066666666666666,0.14636332266733434,0.48333333333333334,0.0,0.007872789841831646,0.015365308572875588,0.8568012470836924,-0.5514666792617338,False
33,11,21,2,2025-09-15 17:10:00,2025-09-15,2.0,1.0,1.0,1.0,2.0,2.0,1.0,2.0,2.0,4.0,1.0,1.0,1.0,1.0,1.0,1.0,2,,134,2025-09-15,4,0.4397536967685025,0.10672968411851326,0.09741529780612,0.407799289181485,0.40009239846010425,0.4700528062013675,0.329318730666445,0.025083431606349692,0.017469847974506295,0.01908301576288221,0.01830156946226706,0.034024589260653104,0.0026310231701633774,0.013354899043908498,2.7452409225625476,1.542882326706586,0.3604835312198468,4.0,0.47278170780706,0.086026849889293,0.24300132693669,0.38300218078079,0.45952226955786,0.44621871205647,0.39123016671869,kognition,0.47278170780706,1.0,5.5188620136924,47,7,1.5,0.816496580927726,3.7416573867739413,2.23606797749979,1.0,0.7,0.0,0.3,0.0,0.018564053754390037,0.034024589260653104,1.967788619308811,0.523716015729619,True
54,18,21,2,2025-09-22 17:10:00,2025-09-22,2.0,1.0,1.0,1.0,1.0,1.0,1.0,2.0,2.0,2.0,1.0,1.0,1.0,2.0,1.0,1.0,23,,133,2025-09-22,4,0.3955112423940875,0.227087763764525,0.20254338772681774,0.43702545735978254,0.37440829505079,0.4593378653796475,0.4392459341505275,0.0011619559978936964,0.0027077909378117535,0.010044108971453098,0.00014776812980310533,0.000626549037524138,0.0002425597814348922,0.0009413928299768587,4.131564915256225,0.6432036088881273,0.12598462479960618,2.0,0.39480922756465,0.31881025724474,0.32347048200842,0.40149920327459,0.39368672377051,0.40243086786204,0.39963456276153,performanz,0.40243086786204,1.0,6.0475621923164,33,7,1.3125,0.47871355387816905,2.23606797749979,2.6457513110645907,1.0,0.75,0.0,0.6,0.0,0.0022674465265567914,0.010044108971453098,0.9230627445625778,-0.44058494745876564,False
80,27,21,2,2025-09-29 17:10:00,2025-09-29,1.0,1.0,1.0,2.0,2.0,1.0,2.0,2.0,2.0,3.0,1.0,1.0,1.0,2.0,1.0,1.0,1,,131,2025-09-29,4,0.5043086522954325,0.21977748228063526,0.2561673208416975,0.357511192551575,0.4151625443832025,0.4127304098745075,0.314059814494045,0.01477385676310522,0.016857113070682272,0.007146287673128723,0.009207650611044425,0.008506891441341018,0.0021736725002228217,0.00392440871114576,4.10519864162645,0.3666639014473101,0.25017969695934605,3.0,0.38377919166497,0.3246103737095,0.36256751498852,0.39639353115542,0.3864073843428,0.39287330153483,0.39382126481488,motivation,0.39639353115542,1.0,6.0304307311649,50,7,1.5,0.6324555320336759,3.1622776601683795,2.23606797749979,1.0,0.9,0.0,0.6,0.0,0.008941411538667177,0.016857113070682272,1.2056145328022188,-0.5099814333620001,False
108,36,21,2,2025-10-20 17:10:00,2025-10-20,2.0,2.0,2.0,3.0,3.0,3.0,3.0,3.0,3.0,3.0,2.0,2.0,1.0,1.0,1.0,1.0,2,,130,2025-10-20,5,0.506736202218324,0.09443682814416401,0.1821233862619732,0.339914792762812,0.44509886342440996,0.453748758379636,0.39535665821340993,0.0040327521138850825,0.004059816336083921,0.0036813349640825014,0.0030060892378726382,0.0018256166448451158,0.0020141862098408967,0.006656101274765958,3.8286627816225405,0.6544200404023266,0.15898395133275595,3.0,0.41007647627438,0.20265223719041,0.34024272449374,0.41144884819124,0.40958409733603,0.41218501377313,0.40994518667098,performanz,0.41218501377313,1.0,5.8587738024668,48,7,2.1875,0.8341662504161466,5.744562646538029,3.872983346207417,1.0,0.7,0.0,0.3,0.0,0.0036108423973394447,0.006656101274765958,1.2711346639116943,-0.24618235858549956,False
109,36,21,2,2025-10-20 17:10:00,2025-10-20,2.0,2.0,2.0,3.0,3.0,3.0,3.0,3.0,3.0,3.0,2.0,2.0,1.0,1.0,1.0,1.0,2,,130,2025-10-20,5,0.506736202218324,0.09443682814416401,0.1821233862619732,0.339914792762812,0.44509886342440996,0.453748758379636,0.39535665821340993,0.0040327521138850825,0.004059816336083921,0.0036813349640825014,0.0030060892378726382,0.0018256166448451158,0.0020141862098408967,0.006656101274765958,3.8286627816225405,0.6544200404023266,0.15898395133275595,3.0,0.41007647627438,0.20265223719041,0.34024272449374,0.41144884819124,0.40958409733603,0.41218501377313,0.40994518667098,performanz,0.41218501377313,1.0,5.8587738024668,48,7,2.1875,0.8341662504161466,5.744562646538029,0.0,1.0,0.7,0.0,0.3,0.0,0.0036108423973394447,0.006656101274765958,1.2711346639116943,-0.6950756005471954,False
133,45,21,2,2025-10-27 17:10:00,2025-10-27,1.0,2.0,1.0,1.0,1.0,2.0,2.0,2.0,2.0,1.0,1.0,1.0,1.0,1.0,1.0,1.0,28,,129,2025-10-27,4,0.53951472615176,0.089782728264181,0.18327992149010375,0.34592886960877245,0.44364573447290245,0.45113257829323,0.31912835411570495,0.0034033896459655447,0.00951932214281467,0.013049452115883996,0.0008095098575391258,0.002020471005030108,0.002057916084648401,0.01455385557772976,3.5883556736309745,0.40696442769340746,0.21310541154464288,2.0,0.42761691420669,0.17911936552463,0.30634931441397,0.40356581087898,0.42434731730929,0.42678578353626,0.40758385952521,kognition,0.42761691420669,1.0,5.8682810016253,36,7,1.3125,0.47871355387816905,2.23606797749979,4.47213595499958,1.0,0.6,0.0,0.35,0.0,0.0064877023470873724,0.01455385557772976,0.8733566130793502,-0.2781366013978173,False
160,52,21,2,2025-11-03 17:10:00,2025-11-03,2.0,2.0,3.0,2.0,2.0,3.0,3.0,3.0,3.0,2.0,1.0,1.0,2.0,1.0,2.0,1.0,5,,128,2025-11-03,5,0.529715664753612,0.1449962012913604,0.1678815622696192,0.35030585279502596,0.420805621033426,0.424870373214414,0.3864187461257701,0.004883237062053731,0.011058842402674764,0.0036488578159099617,0.006122474828361367,0.003769704341806118,0.0026509327285036536,0.00842780336423832,3.68943411334876,0.4539659215590213,0.2013997332261091,3.0,0.424729622053,0.22659754067185,0.25416127114099,0.41365744437273,0.42434739013088,0.42023999593219,0.41937104027748,kognition,0.424729622053,1.0,5.8163668010805,44,7,2.0625,0.7719024117939607,5.196152422706632,3.7416573867739413,1.0,0.8,0.0,0.4,0.0,0.005794550363363988,0.011058842402674764,1.21845521826171,-0.34609439072033077,False
161,52,21,2,2025-11-03 17:10:00,2025-11-03,2.0,2.0,3.0,2.0,2.0,3.0,3.0,3.0,3.0,2.0,1.0,1.0,2.0,1.0,2.0,1.0,5,,128,2025-11-03,5,0.529715664753612,0.1449962012913604,0.1678815622696192,0.35030585279502596,0.420805621033426,0.424870373214414,0.3864187461257701,0.004883237062053731,0.011058842402674764,0.0036488578159099617,0.006122474828361367,0.003769704341806118,0.0026509327285036536,0.00842780336423832,3.68943411334876,0.4539659215590213,0.2013997332261091,3.0,0.424729622053,0.22659754067185,0.25416127114099,0.41365744437273,0.42434739013088,0.42023999593219,0.41937104027748,kognition,0.424729622053,1.0,5.8163668010805,44,7,2.0625,0.7719024117939607,5.196152422706632,0.0,1.0,0.8,0.0,0.4,0.0,0.005794550363363988,0.011058842402674764,1.21845521826171,-0.7797664632593513,False
187,60,21,2,2025-11-10 17:10:00,2025-11-10,2.0,1.0,1.0,2.0,2.0,2.0,2.0,3.0,3.0,2.0,1.0,1.0,2.0,1.0,2.0,2.0,12,,1078,2025-11-10,4,0.32228215119582504,0.18335955015893424,0.07857315244518023,0.20898541283335997,0.27713691791190503,0.09839548664301748,0.2776625023347917,0.10621515298468771,0.014026322714379239,0.048888065776093545,0.08259162564074889,0.05429745317795568,0.3243135846934936,0.018742629730774108,2.99946035356195,0.6470121220969156,0.8056518073697426,2.0,0.45444401678333,0.20098503947108,0.18675103462655,0.38985242878262,0.40035935179255,0.52651248475977,0.35877372311996,performanz,0.52651248475977,1.0,6.2641187774993,28,7,1.8125,0.6551081335677849,4.123105625617661,2.8284271247461903,1.0,0.82,0.0,0.5,0.0,0.0927249763883047,0.3243135846934936,1.150887976488886,0.9497585149425618,True
220,69,21,2,2025-11-17 17:10:00,2025-11-17,1.0,1.0,1.0,2.0,1.0,2.0,2.0,1.0,2.0,2.0,1.0,1.0,1.0,1.0,1.0,1.0,21,,1077,2025-11-17,4,0.5042816765676825,0.23415831785597502,0.25416681254851925,0.37110266860580254,0.40283504207805,0.4229230763559425,0.3119401080415973,0.009733495898927325,0.0009023822044127545,0.0147459827626708,0.0030027161927445,0.000749981907853585,0.002023929698110888,0.018941525761405315,3.8784004442871747,0.5238752312710054,0.22383032508157863,2.0,0.39397657896939,0.31608372058684,0.33807924752804,0.39987504420122,0.39067103836351,0.40148047070478,0.39605828490172,performanz,0.40148047070478,1.0,6.0338830930623,38,7,1.3125,0.47871355387816905,2.23606797749979,3.1622776601683795,1.0,-0.8,0.0,0.3,0.0,0.007157144918017881,0.018941525761405315,0.9159018521175281,-0.32955424839324293,False
229,72,21,2,2025-11-24 17:10:00,2025-11-24,2.0,1.0,1.0,2.0,1.0,2.0,2.0,2.0,3.0,2.0,1.0,1.0,1.0,1.0,2.0,1.0,"1,7",,1076,2025-11-24,4,0.5070172688432975,0.0795969341328435,0.1970123632802375,0.34079524449029003,0.4168259993774925,0.4861058642598425,0.3593786880191675,0.011279957285101115,0.010991516127051282,0.0017973649551223368,0.009209666833971283,0.003116850170923593,0.002508800039300345,0.003536808242275675,3.57789419095545,0.5061989774203723,0.20601204735098777,3.0,0.44590061254759,0.10665607924718,0.28042536963672,0.4011842350361,0.43668722575359,0.4411795208775,0.40604356678948,kognition,0.44590061254759,1.0,5.7716530986638,36,7,1.5625,0.6291528696058958,3.3166247903554,2.0,2.0,0.8500000000000001,0.04999999999999999,0.575,0.0,0.0060629948076779475,0.011279957285101115,1.2374036749237867,-0.5035127320346497,False
286,87,21,2,2025-12-08 17:10:00,2025-12-08,1.0,1.0,1.0,1.0,1.0,1.0,2.0,2.0,2.0,2.0,2.0,1.0,1.0,1.0,1.0,1.0,"1,8",,1073,2025-12-08,5,0.5460720900956619,0.182206202573925,0.25381680724892003,0.35670557517095197,0.40491896186691606,0.448341045175858,0.275491301296498,0.0032202920092654548,0.004710037319432156,0.008661237733983754,0.0030728732328325634,0.0033071188664531605,0.004108436105744203,0.008994415423303512,3.7465718435278,0.40692704373583455,0.189932647775507,2.0,0.40119225035104,0.31123514065945,0.33656163425625,0.39683382179917,0.3999278840645,0.4038947482958,0.38516235586738,performanz,0.4038947482958,1.0,6.0074893764951,48,7,1.3125,0.47871355387816905,2.23606797749979,2.449489742783178,2.0,0.86,0.040000000000000036,0.55,0.0,0.005153487241573543,0.008994415423303512,0.8656198971704473,-0.5463963927304103,False
16,5,22,6,2025-09-10 17:10:00,2025-09-10,2.0,2.0,2.0,1.0,2.0,3.0,4.0,3.0,3.0,2.0,1.0,1.0,1.0,1.0,1.0,2.0,"5,4,7,25",,1900,2025-09-10,5,0.4941149496577079,0.1618335052239048,0.12296948347491432,0.38070904357257607,0.39778747431899,0.42904101200407807,0.4215044894658121,0.008394221088564779,0.020663171019419807,0.010453154947841704,0.004338343130253236,0.0006888132761706257,0.0010016279092655352,0.0040773034976759725,3.70865001692052,0.8432774543000936,0.22274791776623112,3.0,0.42427864551472,0.23513210944977,0.25533359214911,0.41201888931269,0.42034179956247,0.42126114839597,0.4190394951143,kognition,0.42427864551472,1.0,5.8282334252371,42,7,1.9375,0.9287087810503355,5.196152422706632,,4.0,0.4625,0.6137741848595458,0.6,0.25,0.007088090695598809,0.020663171019419807,1.3553417906887748,0.2957758290205777,True
66,22,22,6,2025-09-24 17:10:00,2025-09-24,2.0,2.0,4.0,3.0,3.0,3.0,4.0,3.0,3.0,2.0,1.0,1.0,2.0,1.0,1.0,2.0,"5,28,1,23,4,9,8",,1897,2025-09-24,4,0.507259973413265,0.060626264351211254,0.15919354524310025,0.32985279404185003,0.4253693795683025,0.485489829139915,0.41717144150752,0.0022448236506287544,0.0012786373076475682,0.0024669206965056353,0.0039934166465151865,0.0003083998729505443,0.00064344209824385,0.003253824552344324,3.80921575495345,0.562083244010073,0.11911954006306381,2.0,0.43535132929561,0.066826201993388,0.297966113509,0.40694998951232,0.43192418061116,0.4317478265521,0.42266207121581,kognition,0.43535132929561,1.0,5.7635567900875,41,7,2.3125,1.0144785195688801,6.557438524302,3.1622776601683795,7.0,0.7885714285714286,0.08822512946654007,0.5571428571428572,0.0,0.0020270664035479803,0.0039934166465151865,0.8937342613577123,-0.44814545434680736,False
96,31,22,6,2025-10-01 17:10:00,2025-10-01,2.0,2.0,3.0,2.0,2.0,2.0,3.0,3.0,4.0,2.0,1.0,1.0,1.0,1.0,1.0,1.0,"23,4,8,7,2",,1894,2025-10-01,5,0.32431228017592195,0.0945035942670364,0.025098732866183,0.412423572417854,0.3604717381313836,0.46493686015802205,0.479923857686624,0.0492527611187092,0.011723892927225695,0.016020906494355017,0.004029627981299506,0.04475549356118459,0.003942909102852767,0.009000316822938217,3.42371962060817,1.3110554347203307,0.37245927026799186,4.0,0.44183064215684,0.1481752145064,0.12838301887728,0.43187252216255,0.43714380482413,0.44441399704036,0.43730044776443,performanz,0.44441399704036,1.0,5.6720612282452,45,7,1.9375,0.9287087810503355,5.196152422706632,2.8284271247461903,5.0,0.784,0.05314132102234569,0.54,0.0,0.019817986858366433,0.0492527611187092,1.8945049016627742,0.4466514973268332,True
103,34,22,4,2025-10-07 17:10:00,2025-10-07,2.0,2.0,3.0,1.0,2.0,2.0,3.0,3.0,3.0,2.0,1.0,1.0,1.0,1.0,1.0,1.0,"5,28,23,4,7,2",,1892,2025-10-07,5,0.460750814678952,0.09901751154847518,0.1610183324101384,0.378579958519052,0.399083779700694,0.49786213924003997,0.415999783952728,0.002314482472503957,0.0063469684690298095,0.008373322480177742,0.001255910633297686,0.004336638924118003,0.003741329146916387,0.002089799653606659,3.63953430630938,0.6200086923297261,0.16869633007167123,3.0,0.4270237914915,0.18064965955153,0.24702780677008,0.4213438600634,0.42659022954461,0.42576919156853,0.42801976046195,regulation,0.42801976046195,1.0,5.7928960248167,48,7,1.8125,0.8341662504161466,4.58257569495584,1.4142135623730951,6.0,0.75,0.08164965809277261,0.4916666666666667,0.0,0.004065493111378607,0.008373322480177742,1.262901674133799,-0.542595472845119,False
117,40,22,6,2025-10-22 17:10:00,2025-10-22,2.0,2.0,1.0,2.0,2.0,2.0,3.0,3.0,2.0,1.0,1.0,1.0,1.0,1.0,2.0,1.0,"5,1,23,4,8,13,7,2",,1888,2025-10-22,5,0.457943055595112,0.0571572617084502,0.1372722368772754,0.365062138626232,0.42159652154803,0.516558159365182,0.41560309374060206,0.004168369238889233,0.0012005546777443543,0.0036108182023966927,0.0030298818750687656,0.00023305786251028317,0.00256029681574584,0.0027957911218844476,3.0801650601110198,0.16907946016356756,0.13266035502078086,2.0,0.43604444549317,0.063235890966728,0.22688026546569,0.42435033751749,0.4330625265568,0.44422636658372,0.43524116945263,performanz,0.44422636658372,1.0,5.7019271594939,35,7,1.6875,0.704154339142587,3.872983346207417,2.8284271247461903,8.0,0.8125,0.06179603547154138,0.54375,0.0,0.0025141099706056597,0.004168369238889233,0.7672466050614495,-0.752864766381386,False
147,48,22,6,2025-10-29 17:10:00,2025-10-29,3.0,2.0,3.0,3.0,2.0,3.0,3.0,3.0,3.0,2.0,1.0,1.0,1.0,1.0,1.0,1.0,"5,6,23,4,2",,1885,2025-10-29,5,0.501914049572328,0.135258216666151,0.1940969692901058,0.377747007604182,0.387987261164478,0.44416523961519,0.373751031376948,0.008085951580435858,0.016132858534116005,0.010113302522347569,0.01014632559262104,0.007176795178322183,0.007344519511906329,0.0029086258230678103,3.43172748147664,0.5185789567238365,0.24881394402809662,3.0,0.4197781252909,0.24708878278038,0.30681250889446,0.40123651906365,0.41997488331328,0.4072131976804,0.40669882187154,methodik,0.41997488331328,1.0,5.9234254612694,58,7,2.0625,0.9287087810503355,5.5677643628300215,3.1622776601683795,5.0,0.79,0.05830951894845301,0.51,0.0,0.008844054106116685,0.016132858534116005,1.2557976335839778,-0.2951194052295367,False
178,56,22,8,2025-11-06 17:10:00,2025-11-06,1.0,1.0,2.0,2.0,2.0,2.0,2.0,3.0,2.0,2.0,1.0,1.0,1.0,1.0,2.0,1.0,"1,23,8,7,2",,1883,2025-11-06,4,0.54273794544605,0.09356438259594,0.20602163897961,0.31794946184017003,0.432778316660745,0.45332213637078,0.3588765603869375,0.005300119506873959,0.011896948573498777,0.004697292958664018,0.004042758175899281,0.0016198599804468903,0.0014112998979797042,0.00258057313320809,3.9293475908799502,0.5372501080115111,0.17761996573181385,1.0,0.42557868867818,0.15901149467477,0.31720794144029,0.40228702975637,0.42560623419466,0.42200416211801,0.41462124508514,methodik,0.42560623419466,1.0,5.8214267504541,43,7,1.625,0.6191391873668903,3.4641016151377544,3.3166247903554,5.0,0.7939999999999999,0.06740919818541088,0.51,0.0,0.004506978889510104,0.011896948573498777,0.5716233579144416,-0.36933931403092957,False
201,64,22,6,2025-11-12 17:10:00,2025-11-12,2.0,2.0,2.0,3.0,3.0,3.0,3.0,3.0,3.0,2.0,1.0,1.0,1.0,1.0,1.0,1.0,"6,23,4",,1882,2025-11-12,5,0.4833138162218821,0.0964977187145504,0.169842765160622,0.39470715445894594,0.397326802547908,0.46653235897004597,0.38894532947124394,0.008235879970262339,0.010539015266925949,0.011080198359322745,0.006719739173081626,0.003482197570441885,0.0003903680387473083,0.005203226878530328,3.6955404621301198,0.4844781056594024,0.21366006940304075,4.0,0.4217461879046,0.19612387020583,0.31221303606811,0.41107590945707,0.41570306472486,0.41760757706119,0.41230656702799,kognition,0.4217461879046,1.0,5.9423883254308,41,7,2.0,0.8944271909999159,5.291502622129181,2.8284271247461903,3.0,0.8166666666666668,0.04714045207910316,0.6166666666666667,0.0,0.006521517893901741,0.011080198359322745,1.5660460583541476,-0.4118828152019868,False
210,66,22,8,2025-11-13 17:10:00,2025-11-13,2.0,2.0,2.0,2.0,2.0,3.0,3.0,3.0,2.0,2.0,1.0,1.0,1.0,1.0,2.0,1.0,"23,4,2",,1881,2025-11-13,5,0.567207273403886,0.15999607940150679,0.2571171857097332,0.329905631940376,0.41422061455893006,0.39137837357922206,0.3007473135432146,0.002713098532326576,0.015567862990282821,0.010441288733441998,0.0060809899518384225,0.004002965440746691,0.005938830974460281,0.017774173793530308,3.4032051051128605,0.8419634576590139,0.250038417881387,1.0,0.40758341840323,0.25581819433149,0.33914861108235,0.39796184676985,0.40801736118775,0.4053335361503,0.4052908302957,methodik,0.40801736118775,1.0,6.0662388218338,62,7,1.875,0.7187952884282609,4.47213595499958,2.0,3.0,0.7666666666666666,0.062360956446232366,0.55,0.0,0.008931315773803872,0.017774173793530308,0.6973339585134669,-0.1945308493586525,False
246,76,22,6,2025-11-26 17:10:00,2025-11-26,3.0,2.0,3.0,4.0,4.0,3.0,3.0,3.0,3.0,2.0,2.0,2.0,2.0,2.0,2.0,1.0,"27,6,23,4",,1878,2025-11-26,4,0.478854746593005,0.04477118360080425,0.18790878999474725,0.3962016289438425,0.3967858263199975,0.40639254092315247,0.3865548476938525,0.006144714040456286,0.06519501761213392,0.0136212602140378,0.0033586219810945463,0.003433959934741439,0.00405672158419985,0.008573325091191884,3.3657988509016006,0.49192321188787186,0.32308454072867016,4.0,0.41947924119067,0.21208052644698,0.31539547421422,0.40776250160816,0.41113059850299,0.41746335864883,0.41231917227087,kognition,0.41947924119067,1.0,6.007835605895,48,7,2.5625,0.8139410298049853,7.0,3.872983346207417,4.0,0.7125,0.18498310733685924,0.6125,0.0,0.014911945779693675,0.06519501761213392,1.605002584205514,-0.11055862327114778,False
269,82,22,6,2025-12-03 17:10:00,2025-12-03,2.0,2.0,3.0,2.0,2.0,2.0,2.0,3.0,2.0,2.0,1.0,1.0,2.0,1.0,2.0,1.0,"14,2",,1877,2025-12-03,5,0.5179550792960941,0.0958778560861806,0.1898177554034482,0.31252077196627137,0.453706747031484,0.407588227155628,0.335072584819884,0.029640345238792908,0.004384938937906068,0.009745732351633275,0.016410516859711823,0.0024598526360295704,0.021426872103438223,0.020502450864330713,2.94958255327742,1.0143362827035725,0.3233739460622061,3.0,0.40574383136067,0.20857962052748,0.31425004477466,0.41876095215521,0.40409624205119,0.42501232891861,0.41691723409578,performanz,0.42501232891861,1.0,5.8362251632953,39,7,1.875,0.6191391873668903,4.242640687119285,3.872983346207417,2.0,0.725,0.025000000000000022,0.35,0.0,0.014938672713120368,0.029640345238792908,1.4459034095885928,0.26697186476308477,True
277,84,22,8,2025-12-04 17:10:00,2025-12-04,2.0,2.0,1.0,2.0,2.0,2.0,3.0,2.0,2.0,2.0,1.0,1.0,1.0,2.0,2.0,1.0,"23,4,13,2",,1876,2025-12-04,4,0.4877291587755,0.14758519204185697,0.262130603377995,0.3900048079237025,0.34578990660008746,0.479874910508385,0.3500522195541725,0.004694834530390483,0.008281913715236958,0.005622282336153207,0.00030865312420153175,0.0016643715232899066,0.008495913556309916,0.018061204856884235,3.259402469291275,0.6139523644546399,0.21709254626187935,2.0,0.41186227843323,0.23643113972651,0.33697585890921,0.4044896284219,0.39334933178179,0.41198917028151,0.41574395876741,regulation,0.41574395876741,1.0,5.920141800299,33,7,1.75,0.5773502691896257,3.7416573867739413,2.8284271247461903,4.0,0.7949999999999999,0.07297259759663213,0.575,0.0,0.00673273909178089,0.018061204856884235,0.9436816369055064,-0.31333290969673394,False
307,90,22,6,2025-12-10 17:10:00,2025-12-10,2.0,2.0,2.0,3.0,3.0,2.0,2.0,2.0,2.0,2.0,2.0,1.0,1.0,2.0,2.0,2.0,"23,14,2",,1875,2025-12-10,4,0.3378890365263325,0.025810844766375504,0.0601705577780445,0.15404000720632002,0.2651326363784825,0.19127931045447502,0.15925269893154753,0.10456121155987434,0.017036481437551345,0.0463617818054052,0.09656161808668885,0.09023237695066014,0.20127343159329064,0.16953886051508243,3.693736341146475,0.7344674293786946,0.8518014803629734,3.0,0.42687359956939,0.09726626687402,0.25465010022391,0.3886847261599,0.41946912639991,0.47266254740109,0.43935009976016,performanz,0.47266254740109,1.0,6.730485142754,41,7,2.0,0.5163977794943222,4.47213595499958,2.449489742783178,3.0,0.7333333333333334,0.023570226039551605,0.43333333333333335,0.0,0.10365225170693614,0.20127343159329064,1.5287563032472227,1.0967030482333382,True
315,92,22,8,2025-12-11 17:10:00,2025-12-11,2.0,2.0,3.0,2.0,2.0,2.0,2.0,2.0,2.0,2.0,1.0,2.0,1.0,2.0,2.0,2.0,"23,13,12",,1874,2025-12-11,5,0.42491189568630805,0.14183807097090678,0.1252565551882054,0.39789158161638005,0.376778759216874,0.473109786147078,0.482421341030458,0.006030150493689871,0.007130087247779769,0.0025710361772689596,0.0006393405224745566,0.0016531933170614982,0.00301281974449315,0.005757564817674493,3.984427712745121,0.7926376738774447,0.1636893164517535,3.0,0.42503475036046,0.23502358221075,0.20458971713867,0.42421153260339,0.42196499432465,0.42806637630255,0.42543893733561,performanz,0.42806637630255,1.0,5.8280328795949,43,7,1.9375,0.4425306015783918,4.123105625617661,2.23606797749979,3.0,0.8166666666666665,0.053124591501697425,0.5833333333333334,0.0,0.0038277417600631855,0.007130087247779769,1.318775663443066,-0.32968417928781724,False
333,100,22,8,2026-01-29 17:10:00,2026-01-29,2.0,2.0,3.0,3.0,3.0,3.0,3.0,3.0,3.0,2.0,1.0,1.0,1.0,1.0,2.0,1.0,"6,23,4",,1864,2026-01-29,5,0.484542343093098,0.119094243847003,0.18847625363193,0.377740639282144,0.415256445065344,0.46450671202736593,0.404352613330352,0.001645304748202026,0.00534805060172133,0.005459699128189059,0.0003862012683358195,0.0013439233465182647,0.004312796176019715,0.002617655108077447,4.15034165443804,0.5638820240271427,0.14530530058144356,2.0,0.41047742754417,0.23872360397523,0.32641175043831,0.40565690043482,0.41024141275736,0.40950496559209,0.40917173312083,kognition,0.41047742754417,1.0,6.0061418300124,46,7,2.125,0.8850612031567836,5.656854249492381,3.0,3.0,0.8166666666666668,0.04714045207910316,0.6166666666666667,0.0,0.0030162329110090943,0.005459699128189059,0.9030624415361954,-0.431249393178567,False
36,11,23,2,2025-09-15 17:10:00,2025-09-15,3.0,2.0,2.0,2.0,2.0,2.0,2.0,3.0,3.0,2.0,1.0,2.0,2.0,2.0,1.0,1.0,"5,23,13,25,2",,262,2025-09-15,5,0.41801609214167995,0.23109808275659577,0.2839004114391198,0.46604759800038204,0.329148591186,0.410685036059932,0.2947839215786102,0.0065856286713122155,0.030950207226657665,0.025797578437984074,0.007795979362676661,0.01230023851075027,0.010433974593905871,0.016286447759764046,3.0585259545856998,1.0748605282424284,0.33188861770637873,3.0,0.41165332020264,0.28065360938045,0.35738289775301,0.40281559539977,0.39881029144319,0.40055653187094,0.37721832154153,kognition,0.41165332020264,1.0,6.0420763127872,40,7,2.0,0.6324555320336759,4.69041575982343,,5.0,0.506,0.5561870189064106,0.5299999999999999,0.2,0.01573572208043583,0.030950207226657665,1.4689163819829358,0.6428763748822067,True
56,18,23,2,2025-09-22 17:10:00,2025-09-22,2.0,2.0,3.0,2.0,2.0,2.0,2.0,3.0,1.0,2.0,2.0,3.0,2.0,1.0,2.0,2.0,"5,23,4,14,13,2",,261,2025-09-22,5,0.473378582389432,0.1346358360534478,0.1651947349190514,0.38996962783778405,0.410782482764864,0.46516855686860403,0.38536702536915396,0.00689649083790705,0.010498765095626434,0.012633883240205696,0.005615970469769969,0.003683394702145566,0.0013462409328370802,0.004108142539089943,3.5982175747206995,0.41108684338403456,0.2116196772929723,4.0,0.42205546884134,0.24293008653836,0.29722273368672,0.40623112996792,0.41631982913779,0.41342593949631,0.40650032324821,kognition,0.42205546884134,1.0,5.9709938396431,41,7,2.0625,0.5737304826019501,4.795831523312719,3.3166247903554,6.0,0.7883333333333334,0.06202598021976133,0.5166666666666666,0.0,0.006397555402511676,0.012633883240205696,1.540902173559002,-0.4112902184427659,False
83,27,23,2,2025-09-29 17:10:00,2025-09-29,2.0,2.0,2.0,2.0,2.0,3.0,3.0,2.0,2.0,2.0,2.0,2.0,2.0,2.0,2.0,2.0,"5,1,23,4",,259,2025-09-29,4,0.603329960414395,0.07268970271673049,0.16793306408623426,0.2502670504442675,0.4292748669472925,0.4274702505594275,0.371681504133605,0.008239369867248075,0.0018305316679574305,0.006325392101071712,0.006264013133288941,0.0009039595308632906,0.0034352947751825204,0.007714292656518093,3.2780107155462,0.659218636430539,0.18631385813226578,1.0,0.44235555144659,0.098394612502957,0.22196332892864,0.40706899979057,0.42795935006777,0.44465107591114,0.44586974446017,regulation,0.44586974446017,1.0,5.6136878200746,33,7,2.125,0.3415650255319866,4.69041575982343,2.6457513110645907,4.0,0.8250000000000001,0.05590169943749474,0.5875,0.0,0.004958979104590008,0.008239369867248075,0.6151774981876016,-0.3467428880002643,False
111,36,23,2,2025-10-20 17:10:00,2025-10-20,2.0,2.0,2.0,2.0,2.0,2.0,2.0,2.0,2.0,2.0,1.0,1.0,2.0,2.0,2.0,2.0,"1,23,4,8,13",,258,2025-10-20,4,0.4895669584570725,0.17351450221895776,0.15771583188579402,0.3756593774313725,0.41297807711838497,0.424723169828645,0.400879473226605,0.008570102332665284,0.019143381185358254,0.015054457873430916,0.004210621595798972,0.0009415920766522859,0.0006695086830338975,0.00398218806508338,3.573101856396275,0.5978850891948638,0.2292855246456326,3.0,0.41639302229907,0.26899995583722,0.33099300548543,0.39304417901685,0.40708890768164,0.40794543484216,0.39758220205895,kognition,0.41639302229907,1.0,6.0341852642976,39,7,1.875,0.3415650255319866,3.7416573867739413,2.0,5.0,0.8400000000000001,0.0525357021462548,0.62,0.0,0.0075102645445747135,0.019143381185358254,1.2757235379468321,-0.4026100338503694,False
136,45,23,2,2025-10-27 17:10:00,2025-10-27,2.0,2.0,3.0,2.0,2.0,2.0,2.0,2.0,2.0,2.0,2.0,2.0,2.0,2.0,2.0,2.0,"5,1,23,4",,257,2025-10-27,4,0.1170219591378675,0.046760559471798246,-0.07858716448906876,0.04366273209299501,0.07545186506192,-0.12464619382676499,0.10335132972581426,0.12610377425547292,0.01633294475777609,0.036969186600304196,0.14111492723597735,0.0722627080779914,0.389575737387583,0.1617540301951464,2.1951954355811,0.9714602156155754,0.9716549328389432,2.0,0.023654343168926,0.11167170254984,-0.43823754020305,0.030308503217916,0.15107172760597,-0.83508727884497,0.27164778025522,performanz,-0.83508727884497,-1.0,1.5140812129159,24,7,2.0625,0.25,4.358898943540674,1.7320508075688772,4.0,0.8250000000000001,0.05590169943749474,0.5875,0.0,0.13487332978717875,0.389575737387583,1.3143717161515063,1.5371261636039564,True
163,52,23,2,2025-11-03 17:10:00,2025-11-03,2.0,2.0,2.0,2.0,2.0,1.0,2.0,2.0,2.0,2.0,2.0,2.0,2.0,2.0,2.0,1.0,23,,256,2025-11-03,2,0.473392842926285,0.096547925922155,0.10869065033103249,0.355322823502245,0.41613388198847,0.42988932677498504,0.50936959947114,0.002820587064123659,0.0003919778326591599,0.002508477348868326,0.003927044702296721,0.001084977456577582,0.00010338702743901802,0.00023732823169560118,3.5087209692637504,1.11345553109945,0.10523202774659465,2.0,0.42862877860873,0.032994463414554,0.048793270136227,0.4317588099807,0.45243853605093,0.44460017397334,0.47330633158086,regulation,0.47330633158086,1.0,5.7883447176575,15,7,1.875,0.3415650255319866,3.7416573867739413,1.7320508075688772,1.0,0.75,0.0,0.6,0.0,0.0015819685233800095,0.003927044702296721,1.0728958529486816,-0.23364527045933725,False
189,60,23,2,2025-11-10 17:10:00,2025-11-10,2.0,2.0,2.0,2.0,2.0,2.0,2.0,2.0,2.0,2.0,1.0,1.0,2.0,1.0,1.0,1.0,1,,1426,2025-11-10,5,0.43114053654156803,0.1348218358397642,0.217392636198008,0.40542088395522596,0.3544276287524554,0.4814720610019,0.39127070930114394,0.018796302512163125,0.012682830045756915,0.002764995485126225,0.015549604367597319,0.020617506264184154,0.0008512793465378993,0.002519371498590584,3.42517812145674,0.848359124270321,0.2716282192997558,3.0,0.40907323543467,0.22466826230107,0.32439072012004,0.41341040586811,0.40570151740447,0.41334685046522,0.41302909129583,motivation,0.41341040586811,1.0,5.9054123017861,50,7,1.6875,0.47871355387816905,3.3166247903554,2.23606797749979,1.0,0.9,0.0,0.6,0.0,0.010540269931422317,0.020617506264184154,1.373329114523359,-0.12838866612379013,False
222,69,23,2,2025-11-17 17:10:00,2025-11-17,2.0,2.0,3.0,1.0,2.0,2.0,2.0,2.0,2.0,1.0,1.0,2.0,2.0,2.0,2.0,1.0,"1,23,4,13",,1425,2025-11-17,4,0.45375142225787,0.09123644887297924,0.13846721465683298,0.37902504550023497,0.4033802068183075,0.46628547963738,0.47756860869843,0.002220200868096185,0.0034976090541044952,0.0015328537576843315,0.0006055322601171229,0.0014798864361943033,0.0030387403337358678,0.0023629319724702558,4.088785042722975,0.7972453094394756,0.12139915437268317,3.0,0.43605115906817,0.091179476743737,0.19203076124275,0.4346139304274,0.43993611189672,0.43592362820832,0.43841066947527,methodik,0.43993611189672,1.0,5.7132584002114,37,7,1.8125,0.5439056290693574,3.872983346207417,2.449489742783178,4.0,0.845,0.05766281297335399,0.65,0.0,0.0021053935260575084,0.0034976090541044952,1.3062148212707196,-0.3581012074085129,False
232,72,23,2,2025-11-24 17:10:00,2025-11-24,2.0,2.0,2.0,2.0,2.0,1.0,2.0,2.0,2.0,2.0,2.0,2.0,2.0,1.0,2.0,1.0,2,,1424,2025-11-24,4,0.391808017136815,0.09641253622519351,0.1637134911784125,0.38638636941176,0.356959621056215,0.4861275890748275,0.48788414226097254,0.008639007829497034,0.011554735948554202,0.0047209411524665,0.0006289136138335851,0.013197970253265776,0.010264852915390855,0.010309396624693847,3.035561802753175,1.1146155792647192,0.2435483901357219,3.0,0.44162902963009,0.049337502036201,0.20805709079626,0.41525241302987,0.43553752778638,0.46353598497491,0.42690184523327,performanz,0.46353598497491,1.0,5.6202002198852,21,7,1.8125,0.4031128874149275,3.605551275463989,2.449489742783178,1.0,0.7,0.0,0.3,0.0,0.0084736883339574,0.013197970253265776,1.4527213231334803,0.044264560438312686,False
288,87,23,2,2025-12-08 17:10:00,2025-12-08,2.0,1.0,2.0,2.0,2.0,2.0,2.0,2.0,2.0,2.0,2.0,1.0,2.0,2.0,2.0,2.0,23,,1422,2025-12-08,5,0.48553512877650806,0.0667138661587654,0.1442023728664664,0.335223084997902,0.408138352138652,0.48830958505630806,0.440748415495428,0.004068853130535817,0.0005676424901904483,0.013863702595848487,0.0016354240482360943,0.0016706970129660857,0.00410044905764021,0.0014408456696959507,3.2953157933593205,0.27149499826492574,0.16537114018205565,3.0,0.43520378232726,0.1224425969067,0.23374886493128,0.42242454254168,0.43074159895283,0.4326315772564,0.43567484941301,regulation,0.43567484941301,1.0,5.761691667955,51,7,1.875,0.3415650255319866,3.7416573867739413,2.23606797749979,1.0,0.75,0.0,0.6,0.0,0.003906802000730443,0.013863702595848487,1.1456220461489937,-0.7034788393486913,False
49,16,24,9,2025-09-19 15:35:00,2025-09-19,3.0,1.0,2.0,2.0,2.0,2.0,3.0,2.0,3.0,2.0,1.0,1.0,2.0,2.0,3.0,1.0,"5,28,6,10,23,14",,1532,2025-09-19,5,0.474743295185876,0.1167265415320516,0.19187325291715557,0.34875621970772397,0.396006274255522,0.44106228675194004,0.42826622776509604,0.017601426435454058,0.01056385794370394,0.007653397863057754,0.0027281633328451885,0.008461145520598738,0.0030415173570200417,0.01772262693790939,3.5007098992720804,0.9371159687691946,0.26033081913325035,3.0,0.42966182748493,0.15793612253109,0.31064822458708,0.40526340587951,0.42586888923283,0.42308120901458,0.41151026664762,kognition,0.42966182748493,1.0,5.8345903479819,40,7,2.0,0.7302967433402214,4.898979485566356,,6.0,0.7716666666666666,0.09044642367476757,0.5083333333333333,0.0,0.009681733627227015,0.01772262693790939,1.399148929300815,0.04085019530651757,False
77,99,24,9,2025-09-26 17:10:00,2025-09-26,1.0,1.0,1.0,1.0,2.0,1.0,2.0,2.0,2.0,2.0,1.0,1.0,2.0,2.0,1.0,2.0,"5,27,1,2",,1530,2025-09-26,5,0.5416785713157459,0.0637452276379952,0.20395115137813802,0.31938492091982995,0.44142550411570597,0.478851449566364,0.32893958895131997,0.007894316485880144,0.004484085180515145,0.0008977202303763216,0.005520442854391983,0.0023130444804892376,0.0016271071044120689,0.0038195012497377868,3.795260454267461,0.6364181368089299,0.1629607854233732,2.0,0.40755451244603,0.18571031266966,0.33788686537236,0.42002398458148,0.40702043133496,0.41120371099385,0.41721191814727,motivation,0.42002398458148,1.0,5.8657158261684,51,7,1.5,0.5163977794943222,2.8284271247461903,3.7416573867739413,4.0,0.7,0.18708286933869708,0.47500000000000003,0.0,0.0037937453694003834,0.007894316485880144,0.9331263074107676,-0.26893172796769316,False
88,29,24,4,2025-09-30 17:10:00,2025-09-30,1.0,2.0,2.0,2.0,2.0,1.0,2.0,3.0,2.0,2.0,2.0,3.0,1.0,1.0,2.0,2.0,"23,12",,1529,2025-09-30,3,0.26315272076029667,0.044760585405492,-0.004171174521439021,0.12385600451993001,0.19442780568688667,0.08573121337531998,0.10070005930675335,0.13415134663938305,0.025272613579292735,0.0497259685140326,0.1512064205696274,0.07853641306016661,0.24217277174163374,0.17702553986329864,3.4732793935051,0.39182584018332894,0.9263320538378421,2.0,0.50273730656641,0.075900407013917,0.21411982867124,0.36564135893328,0.45913223142538,0.46664466940732,0.36522607977071,kognition,0.50273730656641,1.0,5.4323406008039,31,7,1.875,0.6191391873668903,4.242640687119285,3.4641016151377544,2.0,0.7849999999999999,0.034999999999999976,0.55,0.0,0.12258443913820496,0.24217277174163374,1.1060526313403904,1.1827066989430794,True
183,58,24,9,2025-11-07 15:35:00,2025-11-07,2.0,2.0,3.0,2.0,3.0,3.0,3.0,2.0,2.0,3.0,2.0,2.0,2.0,2.0,2.0,2.0,"3,4,2",,1528,2025-11-07,4,0.501461565242505,0.1443732515885055,0.13771592727689624,0.36600188934443756,0.4267510778751,0.44157250122737,0.3947940737763725,0.011797727666855586,0.012631513868946901,0.0008675592947266099,0.0038940406281162835,0.001915614001531771,0.003039002805852396,0.0076538408523294564,3.9456202327956005,0.5988881624712827,0.20444876893334185,2.0,0.43137227873247,0.18885608375411,0.20580507100686,0.42081012122593,0.4259791637648,0.43362521509589,0.43511136823942,regulation,0.43511136823942,1.0,5.7578793574572,34,7,2.3125,0.47871355387816905,5.5677643628300215,3.605551275463989,3.0,0.8233333333333333,0.0917726659862414,0.5166666666666667,0.0,0.0059713284454798584,0.012631513868946901,0.9344456438015415,-0.25282026730671947,False
216,67,24,9,2025-11-14 15:35:00,2025-11-14,1.0,1.0,1.0,2.0,2.0,1.0,1.0,2.0,2.0,2.0,1.0,1.0,2.0,2.0,1.0,1.0,"28,14",,1527,2025-11-14,3,0.4167475993332433,0.1727279610660367,0.25158171857743666,0.4299120498798266,0.35831280154292666,0.45094361556574664,0.44405567173232335,0.0005314649509762865,0.0008331612204481726,0.009263399228461259,0.0010208174422253803,0.0009713999214258852,0.0001269725028458528,0.006692595527639736,3.786254506894933,0.21408118157167932,0.1394267219510757,3.0,0.40608493549203,0.22479796365381,0.30493572880967,0.40869156055463,0.40247638880409,0.41267395468446,0.43846996639274,regulation,0.43846996639274,1.0,5.9479720026904,37,7,1.4375,0.51234753829798,2.6457513110645907,4.47213595499958,2.0,0.675,0.07500000000000001,0.375,0.0,0.00277711582771751,0.009263399228461259,1.1178359678409182,-0.5209295276587496,False
258,79,24,9,2025-11-28 15:35:00,2025-11-28,3.0,2.0,1.0,2.0,2.0,3.0,2.0,2.0,2.0,3.0,2.0,2.0,2.0,3.0,3.0,2.0,"28,8,14",,1526,2025-11-28,5,0.47005266638852594,0.1391251408426332,0.159013206749108,0.385773742870932,0.421439578002844,0.428710262177152,0.443369063876702,0.0033461932321284644,0.006147339716829199,0.01046293148457694,0.001135748306973185,0.002547694753272816,0.0010576421895987364,0.002905393604374043,3.8549064529309596,0.3456656012138925,0.1661413352773878,2.0,0.41818598395651,0.23519531337589,0.27201485039609,0.41447493508794,0.41693808437882,0.41834687755441,0.41852986960639,regulation,0.41852986960639,1.0,5.9367846206481,50,7,2.25,0.5773502691896257,5.477225575051661,4.358898943540674,3.0,0.7233333333333333,0.09177266598624136,0.4166666666666667,0.0,0.003943277612536198,0.01046293148457694,0.8372689788304267,-0.4028386276827069,False
322,95,24,9,2026-01-16 15:35:00,2026-01-16,1.0,1.0,1.0,1.0,2.0,2.0,2.0,2.0,2.0,3.0,1.0,1.0,1.0,1.0,1.0,1.0,"28,14,12",,1521,2026-01-16,5,0.526126753032728,0.15806758642068758,0.20160066488108858,0.390345318698474,0.382406024615418,0.41322230830251006,0.3276029578647152,0.003131919059233143,0.022315278149592548,0.013615119231990025,0.0011233222643893027,0.002594028679636932,0.020035806850009295,0.018059683679915742,3.1121959499199994,1.0133160694845769,0.28438557965334144,2.0,0.41476239247259,0.16799947387906,0.31442013472601,0.42014131229068,0.40932831983807,0.4285875805904,0.41608795714047,performanz,0.4285875805904,1.0,5.8557849903068,46,7,1.4375,0.6291528696058958,3.0,4.358898943540674,3.0,0.7233333333333333,0.09177266598624136,0.4166666666666667,0.0,0.011553593987823857,0.022315278149592548,1.099233883045973,0.25735325346828913,True
256,79,42,9,2025-11-28 15:35:00,2025-11-28,2.0,2.0,2.0,2.0,3.0,3.0,3.0,3.0,2.0,3.0,2.0,2.0,2.0,1.0,1.0,2.0,"5,4",,1035,2025-11-28,4,0.530450611703645,0.10231083329089495,0.16249246944896073,0.3308020979266275,0.4269747970144125,0.4187042439971,0.413135711833295,0.00694412109945003,0.005049663903868856,0.005155632518702143,0.009927453795856429,0.0038596904749007184,0.005743301088727888,0.007331896405057503,2.9580383582261254,0.7705269928754048,0.20978979786101032,2.0,0.41774898807522,0.19344397181151,0.29325151570208,0.41862714886351,0.41069137694904,0.42486707372197,0.42147025480659,performanz,0.42486707372197,1.0,5.7830317066477,34,7,2.1875,0.6551081335677849,5.385164807134504,,2.0,0.825,0.024999999999999967,0.575,0.0,0.006287394183794795,0.009927453795856429,0.9934389302454717,-0.20601259567760463,False
281,85,42,9,2025-12-05 15:35:00,2025-12-05,2.0,2.0,2.0,2.0,2.0,2.0,3.0,3.0,3.0,2.0,1.0,1.0,1.0,1.0,1.0,2.0,13,,1034,2025-12-05,3,0.45170194899145,0.07258567474257334,0.12032979855830199,0.38954308485744,0.42145169757743,0.4601369556820833,0.45130330606665003,0.001518078811610349,0.011134447781113103,0.009432631950218427,0.0012778285734750653,0.0017965980307550194,0.004379973293263633,0.001905155708767583,3.1976393554745335,0.7222052190291645,0.1773265748533005,3.0,0.43518846137174,0.13506679353597,0.27501790069229,0.41761324441639,0.42138618526065,0.43217922132994,0.4218810174142,kognition,0.43518846137174,1.0,5.7021701625743,39,7,1.875,0.7187952884282609,4.47213595499958,2.6457513110645907,1.0,0.88,0.0,0.65,0.0,0.00449210202131474,0.011134447781113103,1.299843931294155,-0.3140238817305475,False
156,51,43,1,2025-11-03 15:35:00,2025-11-03,3.0,2.0,2.0,2.0,1.0,3.0,2.0,2.0,3.0,2.0,2.0,2.0,2.0,2.0,3.0,2.0,"17,16,24",,1174,2025-11-03,3,0.39447453994616666,0.13913004829428702,0.159288937371704,0.42905723896884,0.3536704270322934,0.47379356826992,0.4308647400005934,0.022690089132378372,0.018882871681179414,0.012299686188554877,0.009493092675430638,0.01386004199348463,0.0008023553010273991,0.002327521122852922,3.337677391591067,0.7805174593626922,0.28347073587040383,3.0,0.40432825954484,0.086406945863375,0.14069758125798,0.45387158573461,0.41389888494894,0.44915948272286,0.47978879064432,regulation,0.47978879064432,1.0,5.7786264061616,37,7,2.1875,0.5439056290693574,5.196152422706632,,3.0,-0.7666666666666667,0.22484562605386735,0.85,0.0,0.011479379727844036,0.022690089132378372,1.3546627317443651,-0.05398366937220245,False
185,59,43,1,2025-11-10 15:35:00,2025-11-10,2.0,1.0,2.0,2.0,1.0,2.0,2.0,2.0,2.0,1.0,2.0,2.0,3.0,2.0,1.0,2.0,"13,26",,1173,2025-11-10,5,0.478427457127436,0.1310484749782606,0.18588834636195056,0.406303423065026,0.368789343300732,0.437790085359368,0.39999409554173804,0.009261195468868786,0.012981564036732219,0.020233941867573928,0.007074980822569105,0.008405276822808646,0.0017169134597520158,0.0069520539572506005,3.23476433535984,1.372698223958991,0.2581199845722049,3.0,0.4073310949988,0.25530478304071,0.35205331418347,0.40645847951164,0.39837543767943,0.405073906495,0.39618124822571,kognition,0.4073310949988,1.0,5.9264481705004,40,7,1.8125,0.5439056290693574,3.872983346207417,3.1622776601683795,2.0,0.765,0.11499999999999999,0.7,0.0,0.009517989490793615,0.020233941867573928,1.5436060695103986,0.33589706069590314,True
218,69,43,1,2025-11-17 17:10:00,2025-11-17,2.0,1.0,2.0,2.0,1.0,1.0,3.0,2.0,2.0,2.0,1.0,2.0,1.0,2.0,1.0,2.0,"5,3",,1172,2025-11-17,5,0.532044714044774,0.0873646579966808,0.15174374485143943,0.355230596326452,0.41402164161763205,0.411631252039268,0.3738594610523906,0.004224494382567547,0.02002947099511639,0.017912353075674226,0.001775612893660258,0.0018561600935132299,0.007644885752835529,0.026006960005028824,3.69686740701552,0.9358349062898847,0.28186865238688036,3.0,0.43945884107624,0.06059155280614,0.21288487408806,0.42661227215047,0.43650749019801,0.43994453103967,0.43794189904357,performanz,0.43994453103967,1.0,5.7076904998224,53,7,1.6875,0.6020797289396148,3.605551275463989,2.8284271247461903,2.0,0.8600000000000001,0.06,0.45,0.0,0.011349991028342287,0.026006960005028824,1.4059011862255886,0.019946212215312474,False
226,71,43,1,2025-11-24 15:35:00,2025-11-24,2.0,1.0,2.0,3.0,2.0,2.0,2.0,2.0,2.0,1.0,1.0,1.0,2.0,1.0,1.0,2.0,2,,1171,2025-11-24,4,0.38357020055135005,0.22037453049670225,0.14120039167723214,0.46752989461079003,0.34189913914742753,0.471199455927195,0.43089290228188754,0.0017016297210336428,0.017355972755580457,0.012296598559671783,0.00043371332626467284,0.0029270583369832245,0.004732312411005727,0.0017399553773057403,2.9427261301299747,0.8287170287224246,0.20294639806570908,3.0,0.41502203086485,0.25620050546645,0.21423547098962,0.43142781291054,0.38887123313134,0.44521187411729,0.42503333827242,performanz,0.44521187411729,1.0,5.8263745892669,21,7,1.6875,0.6020797289396148,3.605551275463989,2.8284271247461903,1.0,0.7,0.0,0.3,0.0,0.005883891498263606,0.017355972755580457,1.343887808929378,-0.1792185169401219,False
227,71,43,1,2025-11-24 15:35:00,2025-11-24,2.0,1.0,2.0,3.0,2.0,2.0,2.0,2.0,2.0,1.0,1.0,1.0,2.0,1.0,1.0,2.0,2,,1171,2025-11-24,4,0.38357020055135005,0.22037453049670225,0.14120039167723214,0.46752989461079003,0.34189913914742753,0.471199455927195,0.43089290228188754,0.0017016297210336428,0.017355972755580457,0.012296598559671783,0.00043371332626467284,0.0029270583369832245,0.004732312411005727,0.0017399553773057403,2.9427261301299747,0.8287170287224246,0.20294639806570908,3.0,0.41502203086485,0.25620050546645,0.21423547098962,0.43142781291054,0.38887123313134,0.44521187411729,0.42503333827242,performanz,0.44521187411729,1.0,5.8263745892669,21,7,1.6875,0.6020797289396148,3.605551275463989,0.0,1.0,0.7,0.0,0.3,0.0,0.005883891498263606,0.017355972755580457,1.343887808929378,-0.5070437896521824,False
284,86,43,1,2025-12-08 15:35:00,2025-12-08,2.0,1.0,2.0,2.0,1.0,2.0,2.0,1.0,2.0,1.0,1.0,2.0,1.0,1.0,1.0,2.0,"5,28,2",,1168,2025-12-08,4,0.4129746330935725,0.040766578577274254,0.15396403405433376,0.42289625834133504,0.401690026973325,0.41780196103654,0.444050101477125,0.0011413015427295414,0.06731236899129983,0.013693689328043813,0.001640024628931522,0.0026527055284866373,0.0013098987199004692,0.004393882670095333,3.33267477997415,0.5194906956598224,0.3035520901089089,3.0,0.42400882933306,0.12808323903116,0.27423108119651,0.42039003085403,0.42254270524545,0.42646029052685,0.43756889319739,regulation,0.43756889319739,1.0,5.7485240221464,49,7,1.5,0.5163977794943222,2.8284271247461903,2.23606797749979,3.0,0.6999999999999998,0.08164965809277264,0.35000000000000003,0.0,0.013163410201355304,0.06731236899129983,1.2743475952562437,-0.3134370494469822,False
285,86,43,1,2025-12-08 15:35:00,2025-12-08,2.0,1.0,2.0,2.0,1.0,2.0,2.0,1.0,2.0,1.0,1.0,2.0,1.0,1.0,1.0,2.0,"5,28,2",,1168,2025-12-08,4,0.4129746330935725,0.040766578577274254,0.15396403405433376,0.42289625834133504,0.401690026973325,0.41780196103654,0.444050101477125,0.0011413015427295414,0.06731236899129983,0.013693689328043813,0.001640024628931522,0.0026527055284866373,0.0013098987199004692,0.004393882670095333,3.33267477997415,0.5194906956598224,0.3035520901089089,3.0,0.42400882933306,0.12808323903116,0.27423108119651,0.42039003085403,0.42254270524545,0.42646029052685,0.43756889319739,regulation,0.43756889319739,1.0,5.7485240221464,49,7,1.5,0.5163977794943222,2.8284271247461903,0.0,3.0,0.6999999999999998,0.08164965809277264,0.35000000000000003,0.0,0.013163410201355304,0.06731236899129983,1.2743475952562437,-0.5726056835309711,False
316,93,43,1,2026-01-12 15:35:00,2026-01-12,1.0,2.0,2.0,1.0,1.0,2.0,2.0,2.0,2.0,1.0,2.0,1.0,1.0,1.0,1.0,1.0,"5,28,23,4,13",,1165,2026-01-12,5,0.511010034937202,0.0481867858910428,0.1194427852367392,0.34821219790969204,0.45456713046408803,0.457440592172898,0.412922983079258,0.002807263428334236,0.00017256193082581845,0.0029934954681214245,0.0026226536808786143,0.0006206439247575374,0.0012998949616701563,0.004118052675799543,3.8828165103436802,0.7590040284765692,0.12097341059252371,3.0,0.43769927253223,0.0,0.22852507521417,0.42994618050561,0.43820073781711,0.43595425069714,0.43504301803779,methodik,0.43820073781711,1.0,5.7210968996632,40,6,1.4375,0.51234753829798,2.6457513110645907,2.6457513110645907,5.0,0.776,0.09850888284819802,0.55,0.0,0.0020906522957696186,0.004118052675799543,1.293325813023031,-0.3635027713557558,False
324,96,43,1,2026-01-19 15:35:00,2026-01-19,1.0,1.0,2.0,2.0,1.0,1.0,1.0,2.0,2.0,2.0,2.0,1.0,2.0,1.0,1.0,1.0,"5,28,1,13,7,2",,1164,2026-01-19,5,0.5455936764267,0.0663460992439854,0.14670964111465218,0.33072429312148205,0.42108127328391404,0.45744262318538,0.40287803383486204,0.0022774791582021022,0.004208742005303185,0.0039041643461218273,0.0019941482349637198,0.0013300165320504782,0.0010239072947014838,0.0034053304845525676,3.4993772670429,0.3447026655532472,0.13469887919316686,2.0,0.42530784139938,0.18623210257689,0.29532976222458,0.4090080536335,0.42222986145358,0.42196437316954,0.41663919949854,kognition,0.42530784139938,1.0,5.9225152622786,41,7,1.4375,0.51234753829798,2.6457513110645907,2.449489742783178,6.0,0.7799999999999999,0.10327955589886446,0.4749999999999999,0.0,0.002591969722270766,0.004208742005303185,0.8264671815821379,-0.6673498946837638,False
234,74,45,4,2025-11-25 17:10:00,2025-11-25,1.0,2.0,1.0,1.0,2.0,2.0,2.0,2.0,2.0,3.0,3.0,2.0,3.0,2.0,2.0,3.0,"5,27,9,12,2,11",,1453,2025-11-25,5,0.2073182092154,0.09321982062545339,0.009680820576240002,0.076853712935564,0.20237909855367198,-0.03770779014057,0.10994948375388743,0.13133296386230325,0.02392221244640064,0.05215053809066973,0.11415263356872127,0.10626053710703501,0.33939248740433337,0.12064289855580763,3.21308366565638,0.8006956538905027,0.9422601928529459,3.0,0.37315958049068,0.23289171665331,0.27909451879078,0.4442676951533,0.36809210445006,0.48416206844395,0.40166877325369,performanz,0.48416206844395,1.0,6.0039340150547,39,7,2.0625,0.6800735254367721,5.0,,6.0,0.7166666666666667,0.1467045405644359,0.4916666666666667,0.0,0.12683632443361012,0.33939248740433337,1.5809852822478163,1.872591831978434,True
263,80,45,4,2025-12-02 17:10:00,2025-12-02,2.0,2.0,2.0,2.0,2.0,3.0,3.0,3.0,3.0,1.0,1.0,1.0,2.0,1.0,2.0,1.0,"5,23,9,14,26",,1452,2025-12-02,5,0.48496886089878605,0.1170201371560972,0.192454847096648,0.37438287426099,0.436859919736926,0.436025649425532,0.413103482780884,0.0009214799884315478,0.0048323085017331,0.004852160438194551,0.0013390375094820656,0.00522377459633346,0.0015122226235125466,0.0036039060992937777,3.66626547492746,0.7485404021570714,0.14928124382179112,4.0,0.39902846019171,0.27841940506477,0.35766244837851,0.3987248375038,0.3988422024959,0.39801354912656,0.398574663739,kognition,0.39902846019171,1.0,5.9710911955216,41,7,1.9375,0.7719024117939607,4.795831523312719,4.69041575982343,5.0,0.75,0.05477225575051661,0.5700000000000001,0.0,0.0031835556795687214,0.00522377459633346,1.6326072153262876,-0.09670332896672515,False
292,88,45,4,2025-12-09 17:10:00,2025-12-09,1.0,1.0,1.0,2.0,2.0,2.0,2.0,2.0,2.0,2.0,2.0,2.0,2.0,1.0,1.0,1.0,"3,6,4,8,2",,1450,2025-12-09,4,0.513238279535265,0.12364896187432173,0.12406496736448624,0.37636293797702997,0.4165480551596925,0.4534338829354675,0.3958877813308675,0.00265456259302913,0.009604705095679737,0.008072558844546369,0.00423076671418369,0.0026349108431314703,0.0002263570893114945,0.0009842818063418835,3.2633179014366,0.6473475615966192,0.1685471535987,2.0,0.43656588810158,0.1799582326162,0.26269813630949,0.40915704383989,0.42973692685393,0.42713066401554,0.41651838063755,kognition,0.43656588810158,1.0,5.7625738679712,35,7,1.625,0.5,3.1622776601683795,3.3166247903554,5.0,0.828,0.07194442299441982,0.51,0.0,0.0040583061408891105,0.009604705095679737,0.938631571731773,-0.30257530216219186,False
293,88,47,4,2025-12-09 17:10:00,2025-12-09,2.0,2.0,4.0,2.0,2.0,2.0,3.0,2.0,3.0,2.0,1.0,3.0,1.0,1.0,1.0,2.0,"5,28,6,4,8,14,13,25,2",,1486,2025-12-09,4,0.5571630131780225,0.0557558911606885,0.1855784296762125,0.28421998002682,0.42307583669606,0.48550323254377503,0.33627687063278,0.011337356362324883,0.0013648641799905458,0.007105451600570915,0.005421744377615481,0.003776115029157353,0.008468295045277047,0.005971315101608386,3.1323149863272,0.37927332707384925,0.20843498194051932,2.0,0.44228810366318,0.084856831711987,0.3063122829036,0.39307876098273,0.439000535241,0.43590751641377,0.40755627652932,kognition,0.44228810366318,1.0,5.7584792643226,57,7,2.0625,0.8539125638299665,5.385164807134504,,9.0,0.6277777777777778,0.44188429299428794,0.5055555555555555,0.1111111111111111,0.006206448813792087,0.011337356362324883,0.8625694363381228,-0.37835294189736435,False
