RMSE_pairwise_dist,Normalized_stress,MDS_top_eigvals_sum
1.7032552919631558,0.4892175593545578,2.303450395869118
